pod_id,algorithm,timestamp,success,execution_time,emissions,node,timeslot,considered_options
m000-duration-1h-deadline-25h,heuristic,1742738781.09397,True,0.0015418529510498047,0.12198656509486565,node-1-fr-smartphone,4,192
m001-duration-3h-deadline-5h,heuristic,1742738781.095568,True,0.00021600723266601562,0.16870969528459695,node-1-fr-smartphone,3,32
m002-duration-6h-deadline-30h,heuristic,1742738781.0988731,True,0.0019736289978027344,0.4619193905691939,node-1-fr-smartphone,4,232
m003-duration-1h-deadline-3h,heuristic,1742738781.1002316,True,0.00014734268188476562,0.12998656509486564,node-1-fr-smartphone,1,16
m004-duration-3h-deadline-5h,heuristic,1742738781.101711,True,0.00022292137145996094,0.37795969528459694,node-1-fr-smartphone,3,32
m005-duration-6h-deadline-30h,heuristic,1742738781.1055934,True,0.0022542476654052734,0.4619193905691939,node-1-fr-smartphone,4,232
m006-duration-1h-deadline-3h,heuristic,1742738781.1067524,True,0.00015926361083984375,0.08198656509486565,node-1-fr-smartphone,1,16
m007-duration-3h-deadline-5h,heuristic,1742738781.1076407,True,0.0002532005310058594,0.12685969528459695,node-1-fr-smartphone,3,32
m008-duration-6h-deadline-12h,heuristic,1742738781.1090367,True,0.0007245540618896484,0.4619193905691939,node-1-fr-smartphone,4,88
m009-duration-1h-deadline-3h,heuristic,1742738781.1098187,True,0.00010466575622558594,0.057986565094865654,node-1-fr-smartphone,1,16
m010-duration-3h-deadline-5h,heuristic,1742738781.1106842,True,0.00020766258239746094,0.16870969528459695,node-1-fr-smartphone,3,32
m011-duration-6h-deadline-12h,heuristic,1742738781.112003,True,0.0005669593811035156,0.2459193905691939,node-1-fr-smartphone,4,88
m012-duration-1h-deadline-3h,heuristic,1742738781.112752,True,0.00010633468627929688,0.057986565094865654,node-1-fr-smartphone,1,16
m013-duration-3h-deadline-9h,heuristic,1742738781.113796,True,0.0003757476806640625,0.12295969528459695,node-1-fr-smartphone,4,64
m014-duration-6h-deadline-30h,heuristic,1742738781.1161516,True,0.0014858245849609375,0.7319193905691939,node-1-fr-smartphone,4,232
m015-duration-1h-deadline-25h,heuristic,1742738781.1178534,True,0.0010535717010498047,0.05448656509486565,node-1-fr-smartphone,4,192
m016-duration-3h-deadline-27h,heuristic,1742738781.1199305,True,0.0011935234069824219,0.36595969528459693,node-1-fr-smartphone,4,208
m017-duration-6h-deadline-8h,heuristic,1742738781.1210654,True,0.00041413307189941406,0.4619193905691939,node-1-fr-smartphone,4,56
m018-duration-1h-deadline-7h,heuristic,1742738781.1220596,True,0.00027751922607421875,0.07698656509486565,node-1-fr-smartphone,4,48
m019-duration-3h-deadline-27h,heuristic,1742738852.5930045,True,0.002086162567138672,0.16345969528459695,node-5-fr-smartphone,4,208
m020-duration-6h-deadline-12h,heuristic,1742738852.5954652,True,0.0010416507720947266,0.3269193905691939,node-5-fr-smartphone,4,88
m021-duration-1h-deadline-25h,heuristic,1742738852.59854,True,0.0018148422241210938,0.05448656509486565,node-5-fr-smartphone,4,192
m022-duration-3h-deadline-27h,heuristic,1742738852.6018813,True,0.0020623207092285156,0.16345969528459695,node-5-fr-smartphone,4,208
m023-duration-6h-deadline-8h,heuristic,1742738852.6039011,True,0.0006251335144042969,0.4619193905691939,node-5-fr-smartphone,4,56
m024-duration-1h-deadline-7h,heuristic,1742738852.6054316,True,0.00048232078552246094,0.04098656509486565,node-5-fr-smartphone,4,48
m025-duration-3h-deadline-5h,heuristic,1742738852.6068003,True,0.0003535747528076172,0.23845969528459696,node-5-fr-smartphone,3,32
m026-duration-6h-deadline-12h,heuristic,1742738852.608905,True,0.0010578632354736328,0.4619193905691939,node-5-fr-smartphone,4,88
m027-duration-1h-deadline-3h,heuristic,1742738852.6104167,True,0.00019502639770507812,0.04358656509486565,node-1-fr-smartphone,1,16
m028-duration-3h-deadline-5h,heuristic,1742738852.6119637,True,0.0003845691680908203,0.23845969528459696,node-5-fr-smartphone,3,32
m029-duration-6h-deadline-30h,heuristic,1742738852.6158595,True,0.0026845932006835938,0.2459193905691939,node-5-fr-smartphone,4,232
m030-duration-1h-deadline-7h,heuristic,1742738928.273708,True,0.0006544589996337891,0.04228656509486565,node-1-fr-smartphone,3,48
m031-duration-3h-deadline-27h,heuristic,1742738928.2779095,True,0.002700328826904297,0.23845969528459696,node-5-fr-smartphone,6,208
m032-duration-6h-deadline-30h,heuristic,1742738928.2830174,True,0.0035779476165771484,0.3269193905691939,node-5-fr-smartphone,5,232
m033-duration-1h-deadline-3h,heuristic,1742738928.2846558,True,0.00021505355834960938,0.04358656509486565,node-1-fr-smartphone,1,16
m034-duration-3h-deadline-5h,heuristic,1742738928.2864802,True,0.00045228004455566406,0.24595969528459694,node-1-fr-smartphone,1,32
m035-duration-6h-deadline-8h,heuristic,1742738928.2887962,True,0.0008068084716796875,4.695618414120126,node-0-de-iot,2,56
m036-duration-1h-deadline-25h,heuristic,1742738928.2926905,True,0.002426624298095703,0.07698656509486565,node-5-fr-smartphone,5,192
m037-duration-3h-deadline-9h,heuristic,1742738928.294857,True,0.0008265972137451172,0.36595969528459693,node-5-fr-smartphone,5,64
m038-duration-6h-deadline-30h,heuristic,1742738928.2986064,True,0.002330303192138672,0.2459193905691939,node-5-fr-smartphone,5,232
m039-duration-1h-deadline-25h,heuristic,1742738928.3010986,True,0.001538991928100586,0.12598656509486564,node-1-fr-smartphone,3,192
m040-duration-3h-deadline-5h,heuristic,1742738928.3023643,True,0.0003077983856201172,0.17395969528459695,node-1-fr-smartphone,1,32
m041-duration-6h-deadline-8h,heuristic,1742738928.3037674,True,0.0005168914794921875,0.3269193905691939,node-5-fr-smartphone,5,56
m042-duration-1h-deadline-25h,heuristic,1742738928.306371,True,0.001589059829711914,0.04228656509486565,node-1-fr-smartphone,3,192
m043-duration-3h-deadline-27h,heuristic,1742738928.3090835,True,0.0017426013946533203,0.16870969528459695,node-5-fr-smartphone,6,208
m044-duration-6h-deadline-30h,heuristic,1742738928.3126736,True,0.002293109893798828,0.7319193905691939,node-5-fr-smartphone,5,232
m045-duration-1h-deadline-7h,heuristic,1742738928.3141642,True,0.0003962516784667969,0.07948656509486565,node-1-fr-smartphone,3,48
m046-duration-3h-deadline-27h,heuristic,1742738928.3170044,True,0.0018393993377685547,0.23845969528459696,node-5-fr-smartphone,9,208
m047-duration-6h-deadline-8h,heuristic,1742739013.775626,True,0.0008008480072021484,2.0563684141201266,node-0-de-iot,2,56
m048-duration-1h-deadline-7h,heuristic,1742739013.7780187,True,0.0008842945098876953,0.12598656509486564,node-5-fr-smartphone,3,48
m049-duration-3h-deadline-5h,heuristic,1742739013.7801886,True,0.0005552768707275391,0.24595969528459694,node-5-fr-smartphone,1,32
m050-duration-6h-deadline-30h,heuristic,1742739013.7847364,True,0.0031630992889404297,0.7559193905691939,node-1-fr-smartphone,10,232
m051-duration-1h-deadline-25h,heuristic,1742739013.790332,True,0.002313852310180664,0.04228656509486565,node-5-fr-smartphone,3,192
m052-duration-3h-deadline-27h,heuristic,1742739013.7945137,True,0.0027256011962890625,0.23845969528459696,node-1-fr-smartphone,10,208
m053-duration-6h-deadline-12h,heuristic,1742739013.797183,True,0.0012328624725341797,0.2537193905691939,node-1-fr-smartphone,10,88
m054-duration-1h-deadline-25h,heuristic,1742739013.8005922,True,0.001961946487426758,0.04228656509486565,node-5-fr-smartphone,3,192
m055-duration-3h-deadline-9h,heuristic,1742739013.80247,True,0.0006201267242431641,0.24595969528459694,node-5-fr-smartphone,1,64
m056-duration-6h-deadline-30h,heuristic,1742739013.806268,True,0.0025146007537841797,0.3374193905691939,node-1-fr-smartphone,9,232
m057-duration-1h-deadline-3h,heuristic,1742739013.80761,True,0.0002014636993408203,0.04358656509486565,node-1-fr-smartphone,1,16
m058-duration-3h-deadline-9h,heuristic,1742739013.8098311,True,0.0010979175567626953,0.24595969528459694,node-5-fr-smartphone,1,64
m059-duration-6h-deadline-30h,heuristic,1742739013.8141053,True,0.0028672218322753906,0.7559193905691939,node-1-fr-smartphone,10,232
m060-duration-1h-deadline-3h,heuristic,1742739013.8154047,True,0.0002448558807373047,0.08198656509486565,node-1-fr-smartphone,1,16
m061-duration-3h-deadline-5h,heuristic,1742739013.8169386,True,0.0004165172576904297,0.38995969528459695,node-5-fr-smartphone,1,32
m062-duration-6h-deadline-8h,heuristic,1742739013.8188994,True,0.0007457733154296875,4.695618414120126,node-0-de-iot,2,56
m063-duration-1h-deadline-25h,heuristic,1742739013.8220031,True,0.0018551349639892578,0.07948656509486565,node-5-fr-smartphone,3,192
m064-duration-3h-deadline-27h,heuristic,1742739013.8259242,True,0.002747058868408203,0.12685969528459695,node-1-fr-smartphone,10,208
m065-duration-6h-deadline-8h,heuristic,1742739013.828484,True,0.0007758140563964844,2.9361184141201266,node-0-de-iot,2,56
m066-duration-1h-deadline-3h,heuristic,1742739013.8298397,True,0.0001919269561767578,0.04358656509486565,node-1-fr-smartphone,1,16
m067-duration-3h-deadline-27h,heuristic,1742739110.920046,True,0.0028524398803710938,0.37795969528459694,node-5-fr-smartphone,10,208
m068-duration-6h-deadline-12h,heuristic,1742739110.9245682,True,0.0009808540344238281,0.2537193905691939,node-1-fr-smartphone,9,88
m069-duration-1h-deadline-25h,heuristic,1742739110.9298196,True,0.001903533935546875,0.04228656509486565,node-1-fr-smartphone,9,192
m070-duration-3h-deadline-5h,heuristic,1742739110.9316442,True,0.00033545494079589844,0.413959695284597,node-5-fr-smartphone,0,32
m071-duration-6h-deadline-8h,heuristic,1742739110.9331117,True,0.0005028247833251953,1.5285184141201265,node-4-de-iot,2,56
m072-duration-1h-deadline-3h,heuristic,1742739110.93451,True,0.00020956993103027344,0.08198656509486565,node-5-fr-smartphone,1,16
m073-duration-3h-deadline-9h,heuristic,1742739110.9363995,True,0.0007374286651611328,0.13855969528459694,node-5-fr-smartphone,0,64
m074-duration-6h-deadline-12h,heuristic,1742739110.9396007,True,0.0017292499542236328,0.4769193905691939,node-1-fr-smartphone,9,88
m075-duration-1h-deadline-7h,heuristic,1742739110.9419658,True,0.0004360675811767578,0.08198656509486565,node-5-fr-smartphone,1,48
m076-duration-3h-deadline-27h,heuristic,1742739110.9467278,True,0.002370595932006836,0.37795969528459694,node-5-fr-smartphone,10,208
m077-duration-6h-deadline-8h,heuristic,1742739110.9484859,True,0.00041222572326660156,4.695618414120126,node-4-de-iot,2,56
m078-duration-1h-deadline-7h,heuristic,1742739110.9495718,True,0.00024199485778808594,0.08198656509486565,node-5-fr-smartphone,1,48
m079-duration-3h-deadline-9h,heuristic,1742739209.879717,True,0.0005862712860107422,0.7642592070600632,node-4-de-iot,2,64
m080-duration-6h-deadline-12h,heuristic,1742739209.8817654,True,0.0009586811065673828,5.547618414120127,node-0-de-iot,8,88
m081-duration-1h-deadline-7h,heuristic,1742739209.8833144,True,0.000438690185546875,0.12998656509486564,node-1-fr-smartphone,2,48
m082-duration-3h-deadline-9h,heuristic,1742739209.885746,True,0.0008823871612548828,0.7642592070600632,node-4-de-iot,2,64
m083-duration-6h-deadline-8h,heuristic,1742739209.8883102,True,0.0009484291076660156,1.5285184141201265,node-4-de-iot,2,56
m084-duration-1h-deadline-3h,heuristic,1742739209.89051,True,0.00026726722717285156,0.06148656509486566,node-1-fr-smartphone,0,16
m085-duration-3h-deadline-5h,heuristic,1742739209.8953092,True,0.000453948974609375,5.505475762048492,node-2-es-laptop,1,32
m086-duration-6h-deadline-30h,heuristic,1742739209.900256,True,0.0029692649841308594,0.7799193905691939,node-5-fr-smartphone,11,232
m087-duration-1h-deadline-25h,heuristic,1742739209.905624,True,0.002431154251098633,0.08198656509486565,node-1-fr-smartphone,2,192
m088-duration-3h-deadline-5h,heuristic,1742739209.907688,True,0.0004591941833496094,5.505475762048492,node-2-es-laptop,1,32
m089-duration-6h-deadline-12h,heuristic,1742739209.910388,True,0.0012569427490234375,5.547618414120127,node-0-de-iot,8,88
m090-duration-1h-deadline-25h,heuristic,1742739209.9146252,True,0.0024449825286865234,0.12998656509486564,node-1-fr-smartphone,2,192
m091-duration-3h-deadline-9h,heuristic,1742739209.9170518,True,0.0007212162017822266,5.505475762048492,node-2-es-laptop,1,64
m092-duration-6h-deadline-8h,heuristic,1742739309.4346995,True,0.0004646778106689453,2.366118414120127,node-4-de-iot,5,56
m093-duration-1h-deadline-7h,heuristic,1742739309.435999,True,0.00035500526428222656,0.057986565094865654,node-1-fr-smartphone,2,48
m094-duration-3h-deadline-27h,heuristic,1742739309.438597,True,0.0016283988952636719,0.13075969528459694,node-5-fr-smartphone,11,208
m095-duration-6h-deadline-12h,heuristic,1742739309.440209,True,0.0006628036499023438,0.3374193905691939,node-1-fr-smartphone,10,88
m096-duration-1h-deadline-7h,heuristic,1742739309.4414818,True,0.0003566741943359375,0.13798656509486565,node-1-fr-smartphone,0,48
m097-duration-3h-deadline-27h,heuristic,1742739309.4436953,True,0.001322031021118164,0.38995969528459695,node-1-fr-smartphone,14,208
m098-duration-6h-deadline-8h,heuristic,1742739309.4449768,True,0.000335693359375,3.3786184141201265,node-4-de-iot,5,56
m099-duration-1h-deadline-3h,heuristic,1742739309.4463577,True,0.00015735626220703125,0.06148656509486566,node-1-fr-smartphone,0,16
m100-duration-3h-deadline-5h,heuristic,1742739309.4495814,True,0.00019073486328125,3.1232882620484923,node-2-es-laptop,1,32
m101-duration-6h-deadline-30h,heuristic,1742739309.4524179,True,0.001758575439453125,0.2537193905691939,node-1-fr-smartphone,10,232
m102-duration-1h-deadline-25h,heuristic,1742739309.4548788,True,0.0009853839874267578,0.12998656509486564,node-1-fr-smartphone,14,192
m103-duration-3h-deadline-9h,heuristic,1742739309.4562962,True,0.00047969818115234375,5.505475762048492,node-2-es-laptop,1,64
m104-duration-6h-deadline-30h,heuristic,1742739309.4604633,True,0.002328634262084961,0.7799193905691939,node-1-fr-smartphone,14,232
m105-duration-1h-deadline-7h,heuristic,1742739309.4627118,True,0.0008463859558105469,0.08198656509486565,node-1-fr-smartphone,2,48
m106-duration-3h-deadline-5h,heuristic,1742739309.463872,True,0.00019311904907226562,3.9173507620484926,node-2-es-laptop,1,32
m107-duration-6h-deadline-12h,heuristic,1742739409.4514346,True,0.0019373893737792969,2.4291184141201265,node-4-de-iot,8,88
m108-duration-1h-deadline-25h,heuristic,1742739409.4547155,True,0.0017282962799072266,0.12998656509486564,node-5-fr-smartphone,14,192
m109-duration-3h-deadline-5h,heuristic,1742739409.4565837,True,0.0004127025604248047,2.6468507620484925,node-2-es-laptop,1,32
m110-duration-6h-deadline-8h,heuristic,1742739409.4584146,True,0.0005152225494384766,11.010951524096985,node-2-es-laptop,1,56
m111-duration-1h-deadline-25h,heuristic,1742739409.4615736,True,0.0016613006591796875,0.057986565094865654,node-5-fr-smartphone,14,192
m112-duration-3h-deadline-27h,heuristic,1742739409.465251,True,0.0022242069244384766,0.13075969528459694,node-5-fr-smartphone,11,208
m113-duration-6h-deadline-8h,heuristic,1742739409.4672313,True,0.0005838871002197266,11.010951524096985,node-2-es-laptop,1,56
m114-duration-1h-deadline-7h,heuristic,1742739409.4689615,True,0.00044417381286621094,0.08698656509486566,node-1-fr-smartphone,0,48
m115-duration-3h-deadline-5h,heuristic,1742739409.47062,True,0.00030517578125,3.9173507620484926,node-2-es-laptop,1,32
m116-duration-6h-deadline-12h,heuristic,1742739409.4729266,True,0.0010271072387695312,5.547618414120127,node-4-de-iot,8,88
m117-duration-1h-deadline-3h,heuristic,1742739409.4744756,True,0.00017261505126953125,0.13798656509486565,node-1-fr-smartphone,0,16
m118-duration-3h-deadline-9h,heuristic,1742739409.476397,True,0.0005352497100830078,3.9173507620484926,node-2-es-laptop,1,64
m119-duration-6h-deadline-8h,heuristic,1742739409.4784184,True,0.000675201416015625,5.293701524096985,node-2-es-laptop,1,56
m120-duration-1h-deadline-7h,heuristic,1742739409.4802802,True,0.00043201446533203125,0.08698656509486566,node-1-fr-smartphone,0,48
m121-duration-3h-deadline-27h,heuristic,1742739409.4837372,True,0.0019958019256591797,0.38995969528459695,node-5-fr-smartphone,14,208
m122-duration-6h-deadline-30h,heuristic,1742739409.4873323,True,0.0024421215057373047,0.3479193905691939,node-5-fr-smartphone,11,232
m123-duration-1h-deadline-3h,heuristic,1742739409.4886487,True,0.0001456737518310547,0.08698656509486566,node-1-fr-smartphone,0,16
m124-duration-3h-deadline-5h,heuristic,1742739511.1718385,True,0.0005009174346923828,5.505475762048492,node-6-es-laptop,1,32
m125-duration-6h-deadline-8h,heuristic,1742739511.174287,True,0.0007822513580322266,5.293701524096985,node-6-es-laptop,1,56
m126-duration-1h-deadline-7h,heuristic,1742739511.1766205,True,0.0005919933319091797,0.04618656509486565,node-5-fr-smartphone,0,48
m127-duration-3h-deadline-5h,heuristic,1742739511.178495,True,0.00041413307189941406,3.9173507620484926,node-6-es-laptop,1,32
m128-duration-6h-deadline-12h,heuristic,1742739511.1813397,True,0.001220703125,7.834701524096985,node-6-es-laptop,1,88
m129-duration-1h-deadline-7h,heuristic,1742739511.1833858,True,0.0005540847778320312,0.06148656509486566,node-5-fr-smartphone,0,48
m130-duration-3h-deadline-27h,heuristic,1742739511.186026,True,0.001657724380493164,0.17395969528459695,node-5-fr-smartphone,14,208
m131-duration-6h-deadline-8h,heuristic,1742739511.1875026,True,0.00045609474182128906,6.246576524096985,node-6-es-laptop,1,56
m132-duration-1h-deadline-25h,heuristic,1742739511.1899478,True,0.001458883285522461,0.057986565094865654,node-5-fr-smartphone,14,192
m133-duration-3h-deadline-5h,heuristic,1742739511.191271,True,0.00026535987854003906,3.1232882620484923,node-6-es-laptop,1,32
m134-duration-6h-deadline-30h,heuristic,1742739511.1943846,True,0.0020647048950195312,0.2615193905691939,node-5-fr-smartphone,14,232
m135-duration-1h-deadline-25h,heuristic,1742739511.1968548,True,0.0014340877532958984,0.05623656509486565,node-5-fr-smartphone,9,192
m136-duration-3h-deadline-27h,heuristic,1742739511.199552,True,0.0016508102416992188,0.40195969528459696,node-5-fr-smartphone,15,208
m137-duration-6h-deadline-8h,heuristic,1742739612.2833176,True,0.0006730556488037109,7.834701524096985,node-6-es-laptop,1,56
m138-duration-1h-deadline-25h,heuristic,1742739612.287173,True,0.002201080322265625,0.04488656509486565,node-5-fr-smartphone,12,192
m139-duration-3h-deadline-9h,heuristic,1742739612.2895398,True,0.0007383823394775391,3.9173507620484926,node-6-es-laptop,1,64
m140-duration-6h-deadline-30h,heuristic,1742739612.2940478,True,0.002988100051879883,0.827919390569194,node-1-fr-smartphone,17,232
m141-duration-1h-deadline-25h,heuristic,1742739612.2974555,True,0.0016970634460449219,0.059736565094865655,node-5-fr-smartphone,12,192
m142-duration-3h-deadline-27h,heuristic,1742739612.3009293,True,0.0021209716796875,0.17920969528459696,node-5-fr-smartphone,15,208
m143-duration-6h-deadline-12h,heuristic,1742739612.3034475,True,0.0011415481567382812,5.293701524096985,node-6-es-laptop,1,88
m144-duration-1h-deadline-3h,heuristic,1742739612.3049881,True,0.00022363662719726562,0.06148656509486566,node-5-fr-smartphone,0,16
m145-duration-3h-deadline-27h,heuristic,1742739612.3087287,True,0.002216339111328125,0.13465969528459693,node-5-fr-smartphone,15,208
m146-duration-6h-deadline-12h,heuristic,1742739612.311038,True,0.0008943080902099609,7.834701524096985,node-6-es-laptop,1,88
m147-duration-1h-deadline-7h,heuristic,1742739612.313052,True,0.0004935264587402344,0.13798656509486565,node-5-fr-smartphone,0,48
m148-duration-3h-deadline-27h,heuristic,1742739612.316929,True,0.0023474693298339844,0.26095969528459695,node-1-fr-smartphone,17,208
m149-duration-6h-deadline-12h,heuristic,1742739612.3188977,True,0.000812530517578125,6.246576524096985,node-6-es-laptop,1,88
m150-duration-1h-deadline-25h,heuristic,1742739612.3228803,True,0.0024161338806152344,0.04488656509486565,node-5-fr-smartphone,12,192
m151-duration-3h-deadline-27h,heuristic,1742739612.3270953,True,0.002669095993041992,0.13465969528459693,node-5-fr-smartphone,15,208
m152-duration-6h-deadline-30h,heuristic,1742739717.446488,True,0.0024063587188720703,0.827919390569194,node-1-fr-smartphone,17,232
m153-duration-1h-deadline-3h,heuristic,1742739717.4488704,True,0.00016021728515625,0.3471030690200211,node-0-de-iot,1,16
m154-duration-3h-deadline-5h,heuristic,1742739717.4502225,True,0.00027179718017578125,3.1232882620484923,node-6-es-laptop,1,32
m155-duration-6h-deadline-8h,heuristic,1742739717.452777,True,0.0002880096435546875,7.834701524096985,node-6-es-laptop,1,56
m156-duration-1h-deadline-25h,heuristic,1742739717.4543476,True,0.0009303092956542969,0.08198656509486565,node-1-fr-smartphone,7,192
m157-duration-3h-deadline-9h,heuristic,1742739717.455277,True,0.00031280517578125,5.505475762048492,node-6-es-laptop,1,64
m158-duration-6h-deadline-12h,heuristic,1742739717.4565222,True,0.0004482269287109375,7.834701524096985,node-6-es-laptop,1,88
m159-duration-1h-deadline-3h,heuristic,1742739717.457219,True,0.00010800361633300781,0.04618656509486565,node-5-fr-smartphone,0,16
m160-duration-3h-deadline-9h,heuristic,1742739717.4581,True,0.00030040740966796875,5.505475762048492,node-6-es-laptop,1,64
m161-duration-6h-deadline-30h,heuristic,1742739717.4600291,True,0.0013234615325927734,0.5219193905691939,node-1-fr-smartphone,17,232
m162-duration-1h-deadline-25h,heuristic,1742739717.461589,True,0.0009043216705322266,0.04488656509486565,node-1-fr-smartphone,13,192
m163-duration-3h-deadline-9h,heuristic,1742739717.462491,True,0.00031065940856933594,3.9173507620484926,node-6-es-laptop,1,64
m164-duration-6h-deadline-30h,heuristic,1742739824.9445946,True,0.001653909683227539,0.5219193905691939,node-5-fr-smartphone,17,232
m165-duration-1h-deadline-25h,heuristic,1742739824.9463444,True,0.0009369850158691406,0.057986565094865654,node-1-fr-smartphone,7,192
m166-duration-3h-deadline-5h,heuristic,1742739824.9471567,True,0.00015091896057128906,104.85952875561927,node-3-it-no-server,2,32
m167-duration-6h-deadline-12h,heuristic,1742739824.9485204,True,0.0007011890411376953,5.498451524096985,node-2-es-laptop,4,88
m168-duration-1h-deadline-25h,heuristic,1742739824.950201,True,0.0009150505065917969,0.08198656509486565,node-1-fr-smartphone,8,192
m169-duration-3h-deadline-9h,heuristic,1742739824.9513361,True,0.0003809928894042969,2.7492257620484923,node-2-es-laptop,4,64
m170-duration-6h-deadline-30h,heuristic,1742739824.9534214,True,0.0013434886932373047,0.2771193905691939,node-5-fr-smartphone,17,232
m171-duration-1h-deadline-7h,heuristic,1742739824.9543731,True,0.0002562999725341797,0.3471030690200211,node-0-de-iot,1,48
m172-duration-3h-deadline-27h,heuristic,1742739824.9564135,True,0.0012159347534179688,0.18445969528459694,node-5-fr-smartphone,17,208
m173-duration-6h-deadline-8h,heuristic,1742739824.9575148,True,0.0002734661102294922,11.438451524096985,node-2-es-laptop,4,56
m174-duration-1h-deadline-25h,heuristic,1742739824.9592052,True,0.0009796619415283203,0.08198656509486565,node-1-fr-smartphone,8,192
m175-duration-3h-deadline-5h,heuristic,1742739824.9600933,True,0.00014901161193847656,107.46202875561926,node-3-it-no-server,2,32
m176-duration-6h-deadline-12h,heuristic,1742739824.9620903,True,0.001001596450805664,5.498451524096985,node-2-es-laptop,4,88
m177-duration-1h-deadline-3h,heuristic,1742739824.9635286,True,0.00019049644470214844,0.258003069020021,node-0-de-iot,1,16
m178-duration-3h-deadline-9h,heuristic,1742739824.9653342,True,0.0005881786346435547,4.069225762048493,node-2-es-laptop,4,64
m179-duration-6h-deadline-12h,heuristic,1742739824.967331,True,0.0007884502410888672,11.438451524096985,node-2-es-laptop,4,88
m180-duration-1h-deadline-7h,heuristic,1742739824.9688869,True,0.0004565715789794922,0.7926030690200211,node-0-de-iot,1,48
m181-duration-3h-deadline-27h,heuristic,1742739938.4786963,True,0.0017230510711669922,0.13855969528459694,node-5-fr-smartphone,17,208
m182-duration-6h-deadline-8h,heuristic,1742739938.480104,True,0.00042891502380371094,8.138451524096986,node-2-es-laptop,4,56
m183-duration-1h-deadline-7h,heuristic,1742739938.481458,True,0.00035572052001953125,0.3471030690200211,node-0-de-iot,1,48
m184-duration-3h-deadline-9h,heuristic,1742739938.4829006,True,0.00048470497131347656,5.7192257620484925,node-2-es-laptop,4,64
m185-duration-6h-deadline-12h,heuristic,1742739938.4849129,True,0.0008478164672851562,5.498451524096985,node-2-es-laptop,4,88
m186-duration-1h-deadline-7h,heuristic,1742739938.4863973,True,0.00048828125,0.49560306902002105,node-4-de-iot,1,48
m187-duration-3h-deadline-27h,heuristic,1742739938.489434,True,0.001798391342163086,0.413959695284597,node-5-fr-smartphone,17,208
m188-duration-6h-deadline-12h,heuristic,1742739938.4912663,True,0.0007126331329345703,5.498451524096985,node-2-es-laptop,4,88
m189-duration-1h-deadline-7h,heuristic,1742739938.4925604,True,0.0003523826599121094,0.49560306902002105,node-4-de-iot,1,48
m190-duration-3h-deadline-5h,heuristic,1742739938.4937,True,0.00022149085998535156,104.85952875561927,node-3-it-no-server,2,32
m191-duration-6h-deadline-12h,heuristic,1742739938.4952855,True,0.0006878376007080078,5.498451524096985,node-2-es-laptop,4,88
m192-duration-1h-deadline-7h,heuristic,1742739938.4964864,True,0.00036072731018066406,0.258003069020021,node-4-de-iot,1,48
m193-duration-3h-deadline-9h,heuristic,1742739938.497887,True,0.00045561790466308594,3.2442257620484924,node-2-es-laptop,4,64
m194-duration-6h-deadline-12h,heuristic,1742739938.4995363,True,0.0006983280181884766,11.438451524096985,node-2-es-laptop,4,88
m195-duration-1h-deadline-25h,heuristic,1742739938.5021589,True,0.0015001296997070312,0.08448656509486566,node-5-fr-smartphone,13,192
m196-duration-3h-deadline-5h,heuristic,1742739938.5033295,True,0.0002486705780029297,110.71515375561927,node-3-it-no-server,2,32
m197-duration-6h-deadline-30h,heuristic,1742739938.5063016,True,0.001960277557373047,0.5219193905691939,node-5-fr-smartphone,17,232
m198-duration-1h-deadline-3h,heuristic,1742740055.4791675,True,0.00020956993103027344,0.513103069020021,node-0-de-iot,0,16
m199-duration-3h-deadline-27h,heuristic,1742740055.48245,True,0.001958608627319336,0.15415969528459694,node-1-fr-smartphone,20,208
m200-duration-6h-deadline-30h,heuristic,1742740055.4861095,True,0.0024116039276123047,0.5669193905691939,node-5-fr-smartphone,19,232
m201-duration-1h-deadline-3h,heuristic,1742740055.487388,True,0.00017642974853515625,0.35935306902002107,node-0-de-iot,0,16
m202-duration-3h-deadline-9h,heuristic,1742740055.4890273,True,0.0005810260772705078,5.7192257620484925,node-6-es-laptop,4,64
m203-duration-6h-deadline-12h,heuristic,1742740055.4912748,True,0.0010652542114257812,11.438451524096985,node-6-es-laptop,4,88
m204-duration-1h-deadline-25h,heuristic,1742740055.4947364,True,0.0018298625946044922,0.04358656509486565,node-1-fr-smartphone,7,192
m205-duration-3h-deadline-27h,heuristic,1742740055.498737,True,0.002370119094848633,0.290959695284597,node-1-fr-smartphone,20,208
m206-duration-6h-deadline-30h,heuristic,1742740055.5029624,True,0.0028200149536132812,0.581919390569194,node-1-fr-smartphone,20,232
m207-duration-1h-deadline-25h,heuristic,1742740055.5065691,True,0.002004861831665039,0.059736565094865655,node-5-fr-smartphone,13,192
m208-duration-3h-deadline-27h,heuristic,1742740055.5096772,True,0.0018835067749023438,0.44995969528459695,node-5-fr-smartphone,19,208
m209-duration-6h-deadline-8h,heuristic,1742740055.5116024,True,0.000560760498046875,5.498451524096985,node-6-es-laptop,4,56
m210-duration-1h-deadline-7h,heuristic,1742740055.5132384,True,0.00040435791015625,0.35935306902002107,node-0-de-iot,0,48
m211-duration-3h-deadline-9h,heuristic,1742740173.3977852,True,0.00036454200744628906,2.7492257620484923,node-6-es-laptop,4,64
m212-duration-6h-deadline-30h,heuristic,1742740173.4067338,True,0.005059242248535156,0.4109193905691939,node-5-fr-smartphone,20,232
m213-duration-1h-deadline-3h,heuristic,1742740173.408947,True,0.00010609626770019531,0.513103069020021,node-0-de-iot,0,16
m214-duration-3h-deadline-9h,heuristic,1742740173.409899,True,0.0002865791320800781,3.2442257620484924,node-6-es-laptop,4,64
m215-duration-6h-deadline-12h,heuristic,1742740173.4124877,True,0.0004553794860839844,5.498451524096985,node-6-es-laptop,4,88
m216-duration-1h-deadline-7h,heuristic,1742740173.414718,True,0.00022268295288085938,0.513103069020021,node-4-de-iot,0,48
m217-duration-3h-deadline-9h,heuristic,1742740173.4167287,True,0.0003249645233154297,2.7492257620484923,node-6-es-laptop,4,64
m218-duration-6h-deadline-8h,heuristic,1742740173.4191067,True,0.00031256675720214844,5.498451524096985,node-6-es-laptop,4,56
m219-duration-1h-deadline-3h,heuristic,1742740173.4204917,True,9.298324584960938e-05,0.26710306902002107,node-0-de-iot,0,16
m220-duration-3h-deadline-9h,heuristic,1742740173.4221883,True,0.0002884864807128906,2.7492257620484923,node-6-es-laptop,4,64
m221-duration-6h-deadline-12h,heuristic,1742740173.42452,True,0.0006043910980224609,6.488451524096985,node-6-es-laptop,4,88
m222-duration-1h-deadline-25h,heuristic,1742740173.4262817,True,0.0008883476257324219,0.059736565094865655,node-5-fr-smartphone,13,192
m223-duration-3h-deadline-5h,heuristic,1742740173.427134,True,0.00014734268188476562,107.46202875561926,node-3-it-no-server,2,32
m224-duration-6h-deadline-30h,heuristic,1742740173.4290686,True,0.0012886524200439453,0.3083193905691939,node-5-fr-smartphone,20,232
m225-duration-1h-deadline-25h,heuristic,1742740173.4318368,True,0.0009033679962158203,0.08448656509486566,node-5-fr-smartphone,13,192
m226-duration-3h-deadline-5h,heuristic,1742740173.4354267,True,0.00024771690368652344,104.85952875561927,node-3-it-no-server,2,32
m227-duration-6h-deadline-8h,heuristic,1742740173.4380205,True,0.0004911422729492188,11.438451524096985,node-6-es-laptop,4,56
m228-duration-1h-deadline-7h,heuristic,1742740173.4409347,True,0.00036025047302246094,0.26710306902002107,node-4-de-iot,0,48
m229-duration-3h-deadline-27h,heuristic,1742740296.1816616,True,0.001558542251586914,0.20545969528459695,node-5-fr-smartphone,20,208
m230-duration-6h-deadline-30h,heuristic,1742740296.1845586,True,0.0012526512145996094,0.4109193905691939,node-5-fr-smartphone,20,232
m231-duration-1h-deadline-25h,heuristic,1742740296.1860886,True,0.0008742809295654297,0.06323656509486565,node-1-fr-smartphone,16,192
m232-duration-3h-deadline-9h,heuristic,1742740296.1870043,True,0.00029587745666503906,2.7492257620484923,node-6-es-laptop,4,64
m233-duration-6h-deadline-8h,heuristic,1742740296.1878705,True,0.0002582073211669922,6.488451524096985,node-6-es-laptop,4,56
m234-duration-1h-deadline-3h,heuristic,1742740296.1885402,True,8.440017700195312e-05,0.513103069020021,node-4-de-iot,0,16
m235-duration-3h-deadline-5h,heuristic,1742740296.1892898,True,0.00016236305236816406,107.46202875561926,node-3-it-no-server,2,32
m236-duration-6h-deadline-30h,heuristic,1742740296.191249,True,0.0012786388397216797,0.3083193905691939,node-5-fr-smartphone,20,232
m237-duration-1h-deadline-3h,heuristic,1742740296.191935,True,9.059906005859375e-05,1.0545335873494974,node-2-es-laptop,0,16
m238-duration-3h-deadline-9h,heuristic,1742740296.1928284,True,0.00028133392333984375,3.2442257620484924,node-6-es-laptop,4,64
m239-duration-6h-deadline-8h,heuristic,1742740422.087006,True,0.0007596015930175781,214.92405751123852,node-3-it-no-server,2,56
m240-duration-1h-deadline-3h,heuristic,1742740422.0900488,True,0.0002052783966064453,0.513103069020021,node-4-de-iot,0,16
m241-duration-3h-deadline-27h,heuristic,1742740422.0944092,True,0.0028700828552246094,0.47395969528459697,node-1-fr-smartphone,23,208
m242-duration-6h-deadline-8h,heuristic,1742740422.096773,True,0.00043845176696777344,214.92405751123852,node-3-it-no-server,2,56
m243-duration-1h-deadline-7h,heuristic,1742740422.0981627,True,0.00036597251892089844,1.8589085873494975,node-2-es-laptop,0,48
m244-duration-3h-deadline-9h,heuristic,1742740422.0997455,True,0.00046825408935546875,2.7492257620484923,node-6-es-laptop,4,64
m245-duration-6h-deadline-12h,heuristic,1742740422.101543,True,0.0006697177886962891,12.188451524096985,node-2-es-laptop,7,88
m246-duration-1h-deadline-3h,heuristic,1742740422.103048,True,0.000152587890625,0.8936585873494974,node-2-es-laptop,0,16
m247-duration-3h-deadline-5h,heuristic,1742740422.1043825,True,0.0003197193145751953,104.85952875561927,node-3-it-no-server,2,32
m248-duration-6h-deadline-8h,heuristic,1742740422.1057613,True,0.0004220008850097656,221.43030751123854,node-3-it-no-server,2,56
m249-duration-1h-deadline-3h,heuristic,1742740422.106761,True,0.00012230873107910156,1.0545335873494974,node-2-es-laptop,0,16
m250-duration-3h-deadline-27h,heuristic,1742740422.1098163,True,0.0020236968994140625,0.47395969528459697,node-1-fr-smartphone,23,208
m251-duration-6h-deadline-12h,heuristic,1742740422.1115386,True,0.0006611347198486328,12.188451524096985,node-2-es-laptop,7,88
m252-duration-1h-deadline-25h,heuristic,1742740543.4140997,True,0.002463817596435547,0.04748656509486565,node-1-fr-smartphone,16,192
m253-duration-3h-deadline-27h,heuristic,1742740543.4197924,True,0.002465963363647461,0.15415969528459694,node-5-fr-smartphone,20,208
m254-duration-6h-deadline-8h,heuristic,1742740543.4219127,True,0.0006115436553955078,221.43030751123854,node-3-it-no-server,2,56
m255-duration-1h-deadline-25h,heuristic,1742740543.425649,True,0.002160787582397461,0.08948656509486566,node-1-fr-smartphone,16,192
m256-duration-3h-deadline-5h,heuristic,1742740543.4273818,True,0.0003838539123535156,110.71515375561927,node-3-it-no-server,2,32
m257-duration-6h-deadline-8h,heuristic,1742740543.4293327,True,0.0006279945373535156,214.92405751123852,node-3-it-no-server,2,56
m258-duration-1h-deadline-7h,heuristic,1742740543.4307182,True,0.0003082752227783203,1.8589085873494975,node-2-es-laptop,0,48
m259-duration-3h-deadline-5h,heuristic,1742740543.4318533,True,0.00022149085998535156,104.85952875561927,node-3-it-no-server,2,32
m260-duration-6h-deadline-30h,heuristic,1742740543.434769,True,0.0019295215606689453,0.5969193905691939,node-1-fr-smartphone,23,232
m261-duration-1h-deadline-3h,heuristic,1742740543.4357867,True,0.00012183189392089844,1.0545335873494974,node-2-es-laptop,0,16
m262-duration-3h-deadline-27h,heuristic,1742740543.43843,True,0.001552581787109375,0.2984596952845969,node-1-fr-smartphone,23,208
m263-duration-6h-deadline-8h,heuristic,1742740543.4398098,True,0.00038313865661621094,214.92405751123852,node-3-it-no-server,2,56
m264-duration-1h-deadline-7h,heuristic,1742740543.4411118,True,0.0003478527069091797,1.3226585873494976,node-2-es-laptop,0,48
m265-duration-3h-deadline-5h,heuristic,1742740543.4423385,True,0.00025010108947753906,107.46202875561926,node-3-it-no-server,2,32
m266-duration-6h-deadline-30h,heuristic,1742740665.2154224,True,0.002531290054321289,0.5969193905691939,node-1-fr-smartphone,23,232
m267-duration-1h-deadline-3h,heuristic,1742740665.217721,True,0.00011348724365234375,1.0545335873494974,node-2-es-laptop,0,16
m268-duration-3h-deadline-27h,heuristic,1742740665.2200596,True,0.0014767646789550781,0.15415969528459694,node-5-fr-smartphone,20,208
m269-duration-6h-deadline-30h,heuristic,1742740665.2227938,True,0.0018749237060546875,0.3083193905691939,node-5-fr-smartphone,20,232
m270-duration-1h-deadline-3h,heuristic,1742740665.2236514,True,0.00011134147644042969,0.8936585873494974,node-2-es-laptop,0,16
m271-duration-3h-deadline-27h,heuristic,1742740665.225988,True,0.0014257431030273438,0.47395969528459697,node-5-fr-smartphone,23,208
m272-duration-6h-deadline-8h,heuristic,1742740665.2271867,True,0.00037288665771484375,211.67093251123853,node-3-it-no-server,2,56
m273-duration-1h-deadline-25h,heuristic,1742740665.2292917,True,0.0012717247009277344,0.14198656509486565,node-1-fr-smartphone,16,192
m274-duration-3h-deadline-27h,heuristic,1742740665.2316,True,0.0014836788177490234,0.47395969528459697,node-5-fr-smartphone,23,208
m275-duration-6h-deadline-12h,heuristic,1742740665.2331126,True,0.0005943775177001953,17.138451524096986,node-2-es-laptop,7,88
m276-duration-1h-deadline-3h,heuristic,1742740665.2340214,True,0.00012135505676269531,0.8936585873494974,node-2-es-laptop,0,16
m277-duration-3h-deadline-5h,heuristic,1742740665.234926,True,0.0002167224884033203,104.85952875561927,node-3-it-no-server,2,32
m278-duration-6h-deadline-12h,heuristic,1742740665.2362647,True,0.0006322860717773438,8.228451524096984,node-2-es-laptop,7,88
m279-duration-1h-deadline-25h,heuristic,1742740665.2383919,True,0.0012755393981933594,0.06323656509486565,node-1-fr-smartphone,16,192
m280-duration-3h-deadline-9h,heuristic,1742740665.239589,True,0.0004067420959472656,8.569225762048493,node-2-es-laptop,7,64
m281-duration-6h-deadline-12h,heuristic,1742740665.241068,True,0.0005807876586914062,8.228451524096984,node-2-es-laptop,7,88
m282-duration-1h-deadline-7h,heuristic,1742740788.4309518,True,0.0009412765502929688,0.8936585873494974,node-2-es-laptop,0,48
m283-duration-3h-deadline-9h,heuristic,1742740788.4342554,True,0.0006489753723144531,8.569225762048493,node-6-es-laptop,7,64
m284-duration-6h-deadline-12h,heuristic,1742740788.4379702,True,0.001992464065551758,9.713451524096985,node-2-es-laptop,7,88
m285-duration-1h-deadline-7h,heuristic,1742740788.4398983,True,0.0004677772521972656,1.8589085873494975,node-2-es-laptop,0,48
m286-duration-3h-deadline-27h,heuristic,1742740788.444013,True,0.0025205612182617188,1.2018092070600632,node-0-de-iot,25,208
m287-duration-6h-deadline-30h,heuristic,1742740788.4492273,True,0.003464937210083008,0.4214193905691939,node-5-fr-smartphone,23,232
m288-duration-1h-deadline-3h,heuristic,1742740788.4516568,True,8.916854858398438e-05,0.8936585873494974,node-2-es-laptop,0,16
m289-duration-3h-deadline-9h,heuristic,1742740788.4526677,True,0.00028395652770996094,4.856725762048493,node-2-es-laptop,7,64
m290-duration-6h-deadline-8h,heuristic,1742740788.4536314,True,0.00025463104248046875,209.71905751123853,node-3-it-no-server,2,56
m291-duration-1h-deadline-25h,heuristic,1742740907.4085846,True,0.003019571304321289,0.738603069020021,node-0-de-iot,14,192
m292-duration-3h-deadline-27h,heuristic,1742740907.4135158,True,0.0024917125701904297,0.7518092070600633,node-0-de-iot,25,208
m293-duration-6h-deadline-8h,heuristic,1742740907.4156923,True,0.0007359981536865234,221.43030751123854,node-3-it-no-server,2,56
m294-duration-1h-deadline-7h,heuristic,1742740907.417674,True,0.0005903244018554688,1.3226585873494976,node-2-es-laptop,0,48
m295-duration-3h-deadline-9h,heuristic,1742740907.4198945,True,0.000720977783203125,8.569225762048493,node-6-es-laptop,7,64
m296-duration-6h-deadline-12h,heuristic,1742740907.4224303,True,0.0006625652313232422,9.713451524096985,node-2-es-laptop,7,88
m297-duration-1h-deadline-3h,heuristic,1742740907.4236789,True,0.0001277923583984375,0.8936585873494974,node-2-es-laptop,0,16
m298-duration-3h-deadline-9h,heuristic,1742741022.9549465,True,0.0008339881896972656,4.114225762048492,node-6-es-laptop,7,64
m299-duration-6h-deadline-8h,heuristic,1742741022.957696,True,0.0004937648773193359,214.92405751123852,node-3-it-no-server,2,56
m300-duration-1h-deadline-7h,heuristic,1742741022.9594765,True,0.000415802001953125,1.0545335873494974,node-2-es-laptop,0,48
m301-duration-3h-deadline-9h,heuristic,1742741022.9612756,True,0.0004646778106689453,4.856725762048493,node-6-es-laptop,7,64
m302-duration-6h-deadline-8h,heuristic,1742741022.9631526,True,0.0004062652587890625,211.67093251123853,node-3-it-no-server,2,56
m303-duration-1h-deadline-7h,heuristic,1742741022.9649513,True,0.0004649162292480469,0.8936585873494974,node-2-es-laptop,0,48
m304-duration-3h-deadline-9h,heuristic,1742741022.966967,True,0.0005524158477783203,4.856725762048493,node-6-es-laptop,7,64
m305-duration-6h-deadline-30h,heuristic,1742741022.971711,True,0.0031273365020751953,0.4214193905691939,node-5-fr-smartphone,23,232
m306-duration-1h-deadline-3h,heuristic,1742741022.9736025,True,0.00013756752014160156,1.3226585873494976,node-2-es-laptop,0,16
m307-duration-3h-deadline-9h,heuristic,1742741022.9754124,True,0.0005867481231689453,4.114225762048492,node-6-es-laptop,7,64
m308-duration-6h-deadline-12h,heuristic,1742741022.9776478,True,0.0007174015045166016,8.228451524096984,node-6-es-laptop,7,88
m309-duration-1h-deadline-3h,heuristic,1742741022.9787393,True,0.00012350082397460938,1.3226585873494976,node-2-es-laptop,0,16
m310-duration-3h-deadline-5h,heuristic,1742741022.9800017,True,0.0002307891845703125,107.46202875561926,node-3-it-no-server,2,32
m311-duration-6h-deadline-30h,heuristic,1742741022.9833179,True,0.002262115478515625,0.31611939056919386,node-5-fr-smartphone,23,232
m312-duration-1h-deadline-25h,heuristic,1742741022.9857123,True,0.0013287067413330078,0.05268656509486565,node-5-fr-smartphone,23,192
m313-duration-3h-deadline-27h,heuristic,1742741139.9690623,True,0.0042629241943359375,0.7518092070600633,node-0-de-iot,25,208
m314-duration-6h-deadline-12h,heuristic,1742741139.9731796,True,0.0012674331665039062,12.188451524096985,node-6-es-laptop,7,88
m315-duration-1h-deadline-25h,heuristic,1742741139.978012,True,0.0026328563690185547,0.06848656509486566,node-5-fr-smartphone,18,192
m316-duration-3h-deadline-9h,heuristic,1742741139.9809198,True,0.0007009506225585938,4.114225762048492,node-6-es-laptop,7,64
m317-duration-6h-deadline-30h,heuristic,1742741139.9834487,True,0.0014781951904296875,0.7836184141201263,node-0-de-iot,25,232
m318-duration-1h-deadline-25h,heuristic,1742741139.9853294,True,0.001071929931640625,0.24045306902002106,node-0-de-iot,14,192
m319-duration-3h-deadline-27h,heuristic,1742741139.9872396,True,0.0010945796966552734,1.2018092070600632,node-4-de-iot,25,208
m320-duration-6h-deadline-30h,heuristic,1742741139.989461,True,0.0013594627380371094,1.0536184141201266,node-0-de-iot,25,232
m321-duration-1h-deadline-3h,heuristic,1742741139.9903164,True,0.0001575946807861328,1.8589085873494975,node-2-es-laptop,0,16
m322-duration-3h-deadline-5h,heuristic,1742741139.9913695,True,0.0001952648162841797,110.71515375561927,node-3-it-no-server,2,32
m323-duration-6h-deadline-8h,heuristic,1742741139.9926023,True,0.000274658203125,211.67093251123853,node-3-it-no-server,2,56
m324-duration-1h-deadline-7h,heuristic,1742741139.9936748,True,0.00025463104248046875,1.0545335873494974,node-2-es-laptop,0,48
m325-duration-3h-deadline-9h,heuristic,1742741139.9948275,True,0.00029277801513671875,4.856725762048493,node-6-es-laptop,7,64
m326-duration-6h-deadline-30h,heuristic,1742741139.997288,True,0.0015187263488769531,1.5036184141201265,node-0-de-iot,25,232
m327-duration-1h-deadline-3h,heuristic,1742741139.998303,True,0.00011968612670898438,0.8936585873494974,node-2-es-laptop,0,16
m328-duration-3h-deadline-27h,heuristic,1742741140.0003922,True,0.0011105537414550781,0.7518092070600633,node-0-de-iot,25,208
m329-duration-6h-deadline-12h,heuristic,1742741140.001791,True,0.0005075931549072266,8.228451524096984,node-6-es-laptop,7,88
m330-duration-1h-deadline-7h,heuristic,1742741140.0029914,True,0.0002906322479248047,1.3226585873494976,node-2-es-laptop,0,48
m331-duration-3h-deadline-9h,heuristic,1742741140.0042486,True,0.0003376007080078125,4.856725762048493,node-6-es-laptop,7,64
m332-duration-6h-deadline-12h,heuristic,1742741140.0056057,True,0.0004901885986328125,17.138451524096986,node-6-es-laptop,7,88
m333-duration-1h-deadline-7h,heuristic,1742741261.4997845,True,0.0005466938018798828,1.3226585873494976,node-6-es-laptop,0,48
m334-duration-3h-deadline-27h,heuristic,1742741261.50464,True,0.0032427310943603516,0.5268092070600633,node-4-de-iot,25,208
m335-duration-6h-deadline-12h,heuristic,1742741261.5071976,True,0.0009765625,8.228451524096984,node-6-es-laptop,7,88
m336-duration-1h-deadline-7h,heuristic,1742741261.5093927,True,0.0005123615264892578,1.0545335873494974,node-6-es-laptop,0,48
m337-duration-3h-deadline-5h,heuristic,1742741261.5110426,True,0.00033354759216308594,104.85952875561927,node-3-it-no-server,2,32
m338-duration-6h-deadline-30h,heuristic,1742741261.5154862,True,0.002773284912109375,0.7836184141201263,node-4-de-iot,25,232
m339-duration-1h-deadline-3h,heuristic,1742741261.5170093,True,0.00018167495727539062,1.0545335873494974,node-6-es-laptop,0,16
m340-duration-3h-deadline-5h,heuristic,1742741261.5187418,True,0.00037741661071777344,104.85952875561927,node-3-it-no-server,2,32
m341-duration-6h-deadline-12h,heuristic,1742741261.521039,True,0.0009186267852783203,19.418451524096984,node-2-es-laptop,10,88
m342-duration-1h-deadline-3h,heuristic,1742741261.5225365,True,0.00021076202392578125,1.3226585873494976,node-6-es-laptop,0,16
m343-duration-3h-deadline-27h,heuristic,1742741261.5254543,True,0.0017499923706054688,0.7518092070600633,node-4-de-iot,25,208
m344-duration-6h-deadline-30h,heuristic,1742741261.5288208,True,0.0021696090698242188,1.5036184141201265,node-4-de-iot,25,232
m345-duration-1h-deadline-7h,heuristic,1742741261.5303125,True,0.0003979206085205078,1.8589085873494975,node-6-es-laptop,0,48
