region,slot_index,weather_time_utc,wet_bulb_c,direct_wue_l_per_kwh,pue,cooling_kappa,model
DE,0,2018-05-20T00:00:00Z,9.241,0.0,1.3,dry,"open-meteo archive + fixed-kappa cooling, T-dependent PUE"
DE,1,2018-05-20T01:00:00Z,9.248,0.0,1.3,dry,"open-meteo archive + fixed-kappa cooling, T-dependent PUE"
DE,2,2018-05-20T02:00:00Z,9.16,0.0,1.3,dry,"open-meteo archive + fixed-kappa cooling, T-dependent PUE"
DE,3,2018-05-20T03:00:00Z,9.07,0.0,1.3,dry,"open-meteo archive + fixed-kappa cooling, T-dependent PUE"
DE,4,2018-05-20T04:00:00Z,9.081,0.0,1.3,dry,"open-meteo archive + fixed-kappa cooling, T-dependent PUE"
DE,5,2018-05-20T05:00:00Z,9.945,0.0,1.3,dry,"open-meteo archive + fixed-kappa cooling, T-dependent PUE"
DE,6,2018-05-20T06:00:00Z,11.147,0.0,1.3,dry,"open-meteo archive + fixed-kappa cooling, T-dependent PUE"
DE,7,2018-05-20T07:00:00Z,11.86,0.0,1.3,dry,"open-meteo archive + fixed-kappa cooling, T-dependent PUE"
DE,8,2018-05-20T08:00:00Z,12.74,0.0,1.3,dry,"open-meteo archive + fixed-kappa cooling, T-dependent PUE"
DE,9,2018-05-20T09:00:00Z,13.596,0.0,1.3,dry,"open-meteo archive + fixed-kappa cooling, T-dependent PUE"
DE,10,2018-05-20T10:00:00Z,14.395,0.0,1.3,dry,"open-meteo archive + fixed-kappa cooling, T-dependent PUE"
DE,11,2018-05-20T11:00:00Z,14.61,0.0,1.3162,dry,"open-meteo archive + fixed-kappa cooling, T-dependent PUE"
DE,12,2018-05-20T12:00:00Z,14.921,0.0,1.3198,dry,"open-meteo archive + fixed-kappa cooling, T-dependent PUE"
DE,13,2018-05-20T13:00:00Z,15.181,0.0,1.3252,dry,"open-meteo archive + fixed-kappa cooling, T-dependent PUE"
DE,14,2018-05-20T14:00:00Z,14.487,0.0,1.3108,dry,"open-meteo archive + fixed-kappa cooling, T-dependent PUE"
DE,15,2018-05-20T15:00:00Z,14.139,0.0,1.3036,dry,"open-meteo archive + fixed-kappa cooling, T-dependent PUE"
DE,16,2018-05-20T16:00:00Z,14.573,0.0,1.3,dry,"open-meteo archive + fixed-kappa cooling, T-dependent PUE"
DE,17,2018-05-20T17:00:00Z,14.995,0.0,1.3,dry,"open-meteo archive + fixed-kappa cooling, T-dependent PUE"
DE,18,2018-05-20T18:00:00Z,15.298,0.0,1.3,dry,"open-meteo archive + fixed-kappa cooling, T-dependent PUE"
DE,19,2018-05-20T19:00:00Z,13.359,0.0,1.3,dry,"open-meteo archive + fixed-kappa cooling, T-dependent PUE"
DE,20,2018-05-20T20:00:00Z,11.985,0.0,1.3,dry,"open-meteo archive + fixed-kappa cooling, T-dependent PUE"
DE,21,2018-05-20T21:00:00Z,11.046,0.0,1.3,dry,"open-meteo archive + fixed-kappa cooling, T-dependent PUE"
DE,22,2018-05-20T22:00:00Z,10.204,0.0,1.3,dry,"open-meteo archive + fixed-kappa cooling, T-dependent PUE"
DE,23,2018-05-20T23:00:00Z,9.859,0.0,1.3,dry,"open-meteo archive + fixed-kappa cooling, T-dependent PUE"
DE,24,2018-05-21T00:00:00Z,9.433,0.0,1.3,dry,"open-meteo archive + fixed-kappa cooling, T-dependent PUE"
DE,25,2018-05-21T01:00:00Z,9.345,0.0,1.3,dry,"open-meteo archive + fixed-kappa cooling, T-dependent PUE"
DE,26,2018-05-21T02:00:00Z,9.277,0.0,1.3,dry,"open-meteo archive + fixed-kappa cooling, T-dependent PUE"
DE,27,2018-05-21T03:00:00Z,9.184,0.0,1.3,dry,"open-meteo archive + fixed-kappa cooling, T-dependent PUE"
DE,28,2018-05-21T04:00:00Z,9.422,0.0,1.3,dry,"open-meteo archive + fixed-kappa cooling, T-dependent PUE"
DE,29,2018-05-21T05:00:00Z,10.291,0.0,1.3,dry,"open-meteo archive + fixed-kappa cooling, T-dependent PUE"
DE,30,2018-05-21T06:00:00Z,11.494,0.0,1.3,dry,"open-meteo archive + fixed-kappa cooling, T-dependent PUE"
DE,31,2018-05-21T07:00:00Z,12.667,0.0,1.3,dry,"open-meteo archive + fixed-kappa cooling, T-dependent PUE"
DE,32,2018-05-21T08:00:00Z,13.771,0.0,1.3,dry,"open-meteo archive + fixed-kappa cooling, T-dependent PUE"
DE,33,2018-05-21T09:00:00Z,14.493,0.0,1.3054,dry,"open-meteo archive + fixed-kappa cooling, T-dependent PUE"
DE,34,2018-05-21T10:00:00Z,15.268,0.0,1.327,dry,"open-meteo archive + fixed-kappa cooling, T-dependent PUE"
DE,35,2018-05-21T11:00:00Z,15.704,0.0,1.345,dry,"open-meteo archive + fixed-kappa cooling, T-dependent PUE"
DE,36,2018-05-21T12:00:00Z,16.203,0.0,1.3684,dry,"open-meteo archive + fixed-kappa cooling, T-dependent PUE"
DE,37,2018-05-21T13:00:00Z,15.972,0.0,1.3702,dry,"open-meteo archive + fixed-kappa cooling, T-dependent PUE"
DE,38,2018-05-21T14:00:00Z,15.889,0.0,1.3684,dry,"open-meteo archive + fixed-kappa cooling, T-dependent PUE"
DE,39,2018-05-21T15:00:00Z,15.214,0.0,1.3504,dry,"open-meteo archive + fixed-kappa cooling, T-dependent PUE"
DE,40,2018-05-21T16:00:00Z,15.96,0.0,1.3504,dry,"open-meteo archive + fixed-kappa cooling, T-dependent PUE"
DE,41,2018-05-21T17:00:00Z,16.191,0.0,1.3432,dry,"open-meteo archive + fixed-kappa cooling, T-dependent PUE"
DE,42,2018-05-21T18:00:00Z,16.526,0.0,1.3072,dry,"open-meteo archive + fixed-kappa cooling, T-dependent PUE"
DE,43,2018-05-21T19:00:00Z,14.64,0.0,1.3,dry,"open-meteo archive + fixed-kappa cooling, T-dependent PUE"
DE,44,2018-05-21T20:00:00Z,13.899,0.0,1.3,dry,"open-meteo archive + fixed-kappa cooling, T-dependent PUE"
DE,45,2018-05-21T21:00:00Z,13.634,0.0,1.3,dry,"open-meteo archive + fixed-kappa cooling, T-dependent PUE"
DE,46,2018-05-21T22:00:00Z,13.08,0.0,1.3,dry,"open-meteo archive + fixed-kappa cooling, T-dependent PUE"
DE,47,2018-05-21T23:00:00Z,12.175,0.0,1.3,dry,"open-meteo archive + fixed-kappa cooling, T-dependent PUE"
FR,0,2018-05-20T00:00:00Z,7.736,0.8942,1.1,evaporative,"open-meteo archive + fixed-kappa cooling, T-dependent PUE"
FR,1,2018-05-20T01:00:00Z,7.04,0.8524,1.1,evaporative,"open-meteo archive + fixed-kappa cooling, T-dependent PUE"
FR,2,2018-05-20T02:00:00Z,6.739,0.8344,1.1,evaporative,"open-meteo archive + fixed-kappa cooling, T-dependent PUE"
FR,3,2018-05-20T03:00:00Z,6.54,0.8224,1.1,evaporative,"open-meteo archive + fixed-kappa cooling, T-dependent PUE"
FR,4,2018-05-20T04:00:00Z,6.237,0.8042,1.1,evaporative,"open-meteo archive + fixed-kappa cooling, T-dependent PUE"
FR,5,2018-05-20T05:00:00Z,6.644,0.8286,1.1,evaporative,"open-meteo archive + fixed-kappa cooling, T-dependent PUE"
FR,6,2018-05-20T06:00:00Z,7.739,0.8944,1.1,evaporative,"open-meteo archive + fixed-kappa cooling, T-dependent PUE"
FR,7,2018-05-20T07:00:00Z,9.081,0.9748,1.1,evaporative,"open-meteo archive + fixed-kappa cooling, T-dependent PUE"
FR,8,2018-05-20T08:00:00Z,10.449,1.0569,1.1,evaporative,"open-meteo archive + fixed-kappa cooling, T-dependent PUE"
FR,9,2018-05-20T09:00:00Z,11.957,1.1474,1.1,evaporative,"open-meteo archive + fixed-kappa cooling, T-dependent PUE"
FR,10,2018-05-20T10:00:00Z,13.121,1.2173,1.1,evaporative,"open-meteo archive + fixed-kappa cooling, T-dependent PUE"
FR,11,2018-05-20T11:00:00Z,14.075,1.2745,1.1,evaporative,"open-meteo archive + fixed-kappa cooling, T-dependent PUE"
FR,12,2018-05-20T12:00:00Z,14.405,1.2943,1.1008,evaporative,"open-meteo archive + fixed-kappa cooling, T-dependent PUE"
FR,13,2018-05-20T13:00:00Z,14.592,1.3055,1.1048,evaporative,"open-meteo archive + fixed-kappa cooling, T-dependent PUE"
FR,14,2018-05-20T14:00:00Z,14.421,1.2953,1.106,evaporative,"open-meteo archive + fixed-kappa cooling, T-dependent PUE"
FR,15,2018-05-20T15:00:00Z,14.215,1.2829,1.1064,evaporative,"open-meteo archive + fixed-kappa cooling, T-dependent PUE"
FR,16,2018-05-20T16:00:00Z,14.277,1.2866,1.106,evaporative,"open-meteo archive + fixed-kappa cooling, T-dependent PUE"
FR,17,2018-05-20T17:00:00Z,14.084,1.2751,1.1044,evaporative,"open-meteo archive + fixed-kappa cooling, T-dependent PUE"
FR,18,2018-05-20T18:00:00Z,14.273,1.2864,1.1,evaporative,"open-meteo archive + fixed-kappa cooling, T-dependent PUE"
FR,19,2018-05-20T19:00:00Z,13.123,1.2174,1.1,evaporative,"open-meteo archive + fixed-kappa cooling, T-dependent PUE"
FR,20,2018-05-20T20:00:00Z,12.485,1.1791,1.1,evaporative,"open-meteo archive + fixed-kappa cooling, T-dependent PUE"
FR,21,2018-05-20T21:00:00Z,12.347,1.1708,1.1,evaporative,"open-meteo archive + fixed-kappa cooling, T-dependent PUE"
FR,22,2018-05-20T22:00:00Z,11.781,1.1369,1.1,evaporative,"open-meteo archive + fixed-kappa cooling, T-dependent PUE"
FR,23,2018-05-20T23:00:00Z,11.534,1.122,1.1,evaporative,"open-meteo archive + fixed-kappa cooling, T-dependent PUE"
FR,24,2018-05-21T00:00:00Z,11.268,1.1061,1.1,evaporative,"open-meteo archive + fixed-kappa cooling, T-dependent PUE"
FR,25,2018-05-21T01:00:00Z,10.89,1.0834,1.1,evaporative,"open-meteo archive + fixed-kappa cooling, T-dependent PUE"
FR,26,2018-05-21T02:00:00Z,10.309,1.0485,1.1,evaporative,"open-meteo archive + fixed-kappa cooling, T-dependent PUE"
FR,27,2018-05-21T03:00:00Z,10.016,1.031,1.1,evaporative,"open-meteo archive + fixed-kappa cooling, T-dependent PUE"
FR,28,2018-05-21T04:00:00Z,9.526,1.0015,1.1,evaporative,"open-meteo archive + fixed-kappa cooling, T-dependent PUE"
FR,29,2018-05-21T05:00:00Z,10.21,1.0426,1.1,evaporative,"open-meteo archive + fixed-kappa cooling, T-dependent PUE"
FR,30,2018-05-21T06:00:00Z,11.455,1.1173,1.1,evaporative,"open-meteo archive + fixed-kappa cooling, T-dependent PUE"
FR,31,2018-05-21T07:00:00Z,12.565,1.1839,1.1,evaporative,"open-meteo archive + fixed-kappa cooling, T-dependent PUE"
FR,32,2018-05-21T08:00:00Z,13.824,1.2595,1.1,evaporative,"open-meteo archive + fixed-kappa cooling, T-dependent PUE"
FR,33,2018-05-21T09:00:00Z,14.706,1.3124,1.1,evaporative,"open-meteo archive + fixed-kappa cooling, T-dependent PUE"
FR,34,2018-05-21T10:00:00Z,15.461,1.3576,1.1,evaporative,"open-meteo archive + fixed-kappa cooling, T-dependent PUE"
FR,35,2018-05-21T11:00:00Z,16.156,1.3994,1.1,evaporative,"open-meteo archive + fixed-kappa cooling, T-dependent PUE"
FR,36,2018-05-21T12:00:00Z,14.668,1.3101,1.102,evaporative,"open-meteo archive + fixed-kappa cooling, T-dependent PUE"
FR,37,2018-05-21T13:00:00Z,15.058,1.3335,1.1044,evaporative,"open-meteo archive + fixed-kappa cooling, T-dependent PUE"
FR,38,2018-05-21T14:00:00Z,15.268,1.3461,1.106,evaporative,"open-meteo archive + fixed-kappa cooling, T-dependent PUE"
FR,39,2018-05-21T15:00:00Z,15.075,1.3345,1.1064,evaporative,"open-meteo archive + fixed-kappa cooling, T-dependent PUE"
FR,40,2018-05-21T16:00:00Z,15.129,1.3377,1.106,evaporative,"open-meteo archive + fixed-kappa cooling, T-dependent PUE"
FR,41,2018-05-21T17:00:00Z,14.921,1.3252,1.1044,evaporative,"open-meteo archive + fixed-kappa cooling, T-dependent PUE"
FR,42,2018-05-21T18:00:00Z,15.332,1.3499,1.1032,evaporative,"open-meteo archive + fixed-kappa cooling, T-dependent PUE"
FR,43,2018-05-21T19:00:00Z,14.795,1.3177,1.1,evaporative,"open-meteo archive + fixed-kappa cooling, T-dependent PUE"
FR,44,2018-05-21T20:00:00Z,14.592,1.3055,1.1,evaporative,"open-meteo archive + fixed-kappa cooling, T-dependent PUE"
FR,45,2018-05-21T21:00:00Z,13.943,1.2666,1.1,evaporative,"open-meteo archive + fixed-kappa cooling, T-dependent PUE"
FR,46,2018-05-21T22:00:00Z,13.463,1.2378,1.1,evaporative,"open-meteo archive + fixed-kappa cooling, T-dependent PUE"
FR,47,2018-05-21T23:00:00Z,13.289,1.2274,1.1,evaporative,"open-meteo archive + fixed-kappa cooling, T-dependent PUE"
ES,0,2018-05-20T00:00:00Z,12.042,0.0,1.3,dry,"open-meteo archive + fixed-kappa cooling, T-dependent PUE"
ES,1,2018-05-20T01:00:00Z,11.856,0.0,1.3,dry,"open-meteo archive + fixed-kappa cooling, T-dependent PUE"
ES,2,2018-05-20T02:00:00Z,11.884,0.0,1.3,dry,"open-meteo archive + fixed-kappa cooling, T-dependent PUE"
ES,3,2018-05-20T03:00:00Z,11.489,0.0,1.3,dry,"open-meteo archive + fixed-kappa cooling, T-dependent PUE"
ES,4,2018-05-20T04:00:00Z,11.008,0.0,1.3,dry,"open-meteo archive + fixed-kappa cooling, T-dependent PUE"
ES,5,2018-05-20T05:00:00Z,10.496,0.0,1.3,dry,"open-meteo archive + fixed-kappa cooling, T-dependent PUE"
ES,6,2018-05-20T06:00:00Z,10.966,0.0,1.3,dry,"open-meteo archive + fixed-kappa cooling, T-dependent PUE"
ES,7,2018-05-20T07:00:00Z,11.974,0.0,1.3,dry,"open-meteo archive + fixed-kappa cooling, T-dependent PUE"
ES,8,2018-05-20T08:00:00Z,12.234,0.0,1.3,dry,"open-meteo archive + fixed-kappa cooling, T-dependent PUE"
ES,9,2018-05-20T09:00:00Z,12.403,0.0,1.3,dry,"open-meteo archive + fixed-kappa cooling, T-dependent PUE"
ES,10,2018-05-20T10:00:00Z,12.409,0.0,1.3,dry,"open-meteo archive + fixed-kappa cooling, T-dependent PUE"
ES,11,2018-05-20T11:00:00Z,12.789,0.0,1.3072,dry,"open-meteo archive + fixed-kappa cooling, T-dependent PUE"
ES,12,2018-05-20T12:00:00Z,11.728,0.0,1.3,dry,"open-meteo archive + fixed-kappa cooling, T-dependent PUE"
ES,13,2018-05-20T13:00:00Z,12.109,0.0,1.3,dry,"open-meteo archive + fixed-kappa cooling, T-dependent PUE"
ES,14,2018-05-20T14:00:00Z,12.845,0.0,1.3288,dry,"open-meteo archive + fixed-kappa cooling, T-dependent PUE"
ES,15,2018-05-20T15:00:00Z,13.153,0.0,1.3396,dry,"open-meteo archive + fixed-kappa cooling, T-dependent PUE"
ES,16,2018-05-20T16:00:00Z,12.644,0.0,1.3072,dry,"open-meteo archive + fixed-kappa cooling, T-dependent PUE"
ES,17,2018-05-20T17:00:00Z,12.316,0.0,1.3,dry,"open-meteo archive + fixed-kappa cooling, T-dependent PUE"
ES,18,2018-05-20T18:00:00Z,12.518,0.0,1.3,dry,"open-meteo archive + fixed-kappa cooling, T-dependent PUE"
ES,19,2018-05-20T19:00:00Z,12.71,0.0,1.3,dry,"open-meteo archive + fixed-kappa cooling, T-dependent PUE"
ES,20,2018-05-20T20:00:00Z,13.32,0.0,1.3,dry,"open-meteo archive + fixed-kappa cooling, T-dependent PUE"
ES,21,2018-05-20T21:00:00Z,12.988,0.0,1.3,dry,"open-meteo archive + fixed-kappa cooling, T-dependent PUE"
ES,22,2018-05-20T22:00:00Z,12.574,0.0,1.3,dry,"open-meteo archive + fixed-kappa cooling, T-dependent PUE"
ES,23,2018-05-20T23:00:00Z,12.442,0.0,1.3,dry,"open-meteo archive + fixed-kappa cooling, T-dependent PUE"
ES,24,2018-05-21T00:00:00Z,12.016,0.0,1.3,dry,"open-meteo archive + fixed-kappa cooling, T-dependent PUE"
ES,25,2018-05-21T01:00:00Z,12.106,0.0,1.3,dry,"open-meteo archive + fixed-kappa cooling, T-dependent PUE"
ES,26,2018-05-21T02:00:00Z,11.707,0.0,1.3,dry,"open-meteo archive + fixed-kappa cooling, T-dependent PUE"
ES,27,2018-05-21T03:00:00Z,11.349,0.0,1.3,dry,"open-meteo archive + fixed-kappa cooling, T-dependent PUE"
ES,28,2018-05-21T04:00:00Z,11.534,0.0,1.3,dry,"open-meteo archive + fixed-kappa cooling, T-dependent PUE"
ES,29,2018-05-21T05:00:00Z,11.455,0.0,1.3,dry,"open-meteo archive + fixed-kappa cooling, T-dependent PUE"
ES,30,2018-05-21T06:00:00Z,11.767,0.0,1.3,dry,"open-meteo archive + fixed-kappa cooling, T-dependent PUE"
ES,31,2018-05-21T07:00:00Z,12.07,0.0,1.3,dry,"open-meteo archive + fixed-kappa cooling, T-dependent PUE"
ES,32,2018-05-21T08:00:00Z,12.837,0.0,1.3,dry,"open-meteo archive + fixed-kappa cooling, T-dependent PUE"
ES,33,2018-05-21T09:00:00Z,13.423,0.0,1.3,dry,"open-meteo archive + fixed-kappa cooling, T-dependent PUE"
ES,34,2018-05-21T10:00:00Z,14.165,0.0,1.3,dry,"open-meteo archive + fixed-kappa cooling, T-dependent PUE"
ES,35,2018-05-21T11:00:00Z,14.668,0.0,1.309,dry,"open-meteo archive + fixed-kappa cooling, T-dependent PUE"
ES,36,2018-05-21T12:00:00Z,12.39,0.0,1.3,dry,"open-meteo archive + fixed-kappa cooling, T-dependent PUE"
ES,37,2018-05-21T13:00:00Z,12.743,0.0,1.3,dry,"open-meteo archive + fixed-kappa cooling, T-dependent PUE"
ES,38,2018-05-21T14:00:00Z,13.096,0.0,1.3108,dry,"open-meteo archive + fixed-kappa cooling, T-dependent PUE"
ES,39,2018-05-21T15:00:00Z,13.326,0.0,1.3036,dry,"open-meteo archive + fixed-kappa cooling, T-dependent PUE"
ES,40,2018-05-21T16:00:00Z,13.907,0.0,1.3072,dry,"open-meteo archive + fixed-kappa cooling, T-dependent PUE"
ES,41,2018-05-21T17:00:00Z,13.529,0.0,1.3,dry,"open-meteo archive + fixed-kappa cooling, T-dependent PUE"
ES,42,2018-05-21T18:00:00Z,13.657,0.0,1.3,dry,"open-meteo archive + fixed-kappa cooling, T-dependent PUE"
ES,43,2018-05-21T19:00:00Z,13.482,0.0,1.3,dry,"open-meteo archive + fixed-kappa cooling, T-dependent PUE"
ES,44,2018-05-21T20:00:00Z,13.951,0.0,1.3,dry,"open-meteo archive + fixed-kappa cooling, T-dependent PUE"
ES,45,2018-05-21T21:00:00Z,14.184,0.0,1.3,dry,"open-meteo archive + fixed-kappa cooling, T-dependent PUE"
ES,46,2018-05-21T22:00:00Z,13.27,0.0,1.3,dry,"open-meteo archive + fixed-kappa cooling, T-dependent PUE"
ES,47,2018-05-21T23:00:00Z,12.921,0.0,1.3,dry,"open-meteo archive + fixed-kappa cooling, T-dependent PUE"
IT-NO,0,2018-05-20T00:00:00Z,13.536,0.4969,1.16,hybrid,"open-meteo archive + fixed-kappa cooling, T-dependent PUE"
IT-NO,1,2018-05-20T01:00:00Z,13.957,0.507,1.16,hybrid,"open-meteo archive + fixed-kappa cooling, T-dependent PUE"
IT-NO,2,2018-05-20T02:00:00Z,13.872,0.5049,1.16,hybrid,"open-meteo archive + fixed-kappa cooling, T-dependent PUE"
IT-NO,3,2018-05-20T03:00:00Z,13.562,0.4975,1.16,hybrid,"open-meteo archive + fixed-kappa cooling, T-dependent PUE"
IT-NO,4,2018-05-20T04:00:00Z,13.562,0.4975,1.16,hybrid,"open-meteo archive + fixed-kappa cooling, T-dependent PUE"
IT-NO,5,2018-05-20T05:00:00Z,13.746,0.5019,1.16,hybrid,"open-meteo archive + fixed-kappa cooling, T-dependent PUE"
IT-NO,6,2018-05-20T06:00:00Z,14.337,0.5161,1.16,hybrid,"open-meteo archive + fixed-kappa cooling, T-dependent PUE"
IT-NO,7,2018-05-20T07:00:00Z,14.617,0.5228,1.16,hybrid,"open-meteo archive + fixed-kappa cooling, T-dependent PUE"
IT-NO,8,2018-05-20T08:00:00Z,14.86,0.5286,1.16,hybrid,"open-meteo archive + fixed-kappa cooling, T-dependent PUE"
IT-NO,9,2018-05-20T09:00:00Z,15.133,0.5352,1.16,hybrid,"open-meteo archive + fixed-kappa cooling, T-dependent PUE"
IT-NO,10,2018-05-20T10:00:00Z,15.226,0.5374,1.16,hybrid,"open-meteo archive + fixed-kappa cooling, T-dependent PUE"
IT-NO,11,2018-05-20T11:00:00Z,15.576,0.5458,1.162,hybrid,"open-meteo archive + fixed-kappa cooling, T-dependent PUE"
IT-NO,12,2018-05-20T12:00:00Z,15.594,0.5462,1.16,hybrid,"open-meteo archive + fixed-kappa cooling, T-dependent PUE"
IT-NO,13,2018-05-20T13:00:00Z,16.398,0.5656,1.164,hybrid,"open-meteo archive + fixed-kappa cooling, T-dependent PUE"
IT-NO,14,2018-05-20T14:00:00Z,16.212,0.5611,1.169,hybrid,"open-meteo archive + fixed-kappa cooling, T-dependent PUE"
IT-NO,15,2018-05-20T15:00:00Z,15.776,0.5506,1.17,hybrid,"open-meteo archive + fixed-kappa cooling, T-dependent PUE"
IT-NO,16,2018-05-20T16:00:00Z,15.938,0.5545,1.16,hybrid,"open-meteo archive + fixed-kappa cooling, T-dependent PUE"
IT-NO,17,2018-05-20T17:00:00Z,16.215,0.5612,1.16,hybrid,"open-meteo archive + fixed-kappa cooling, T-dependent PUE"
IT-NO,18,2018-05-20T18:00:00Z,16.498,0.568,1.16,hybrid,"open-meteo archive + fixed-kappa cooling, T-dependent PUE"
IT-NO,19,2018-05-20T19:00:00Z,15.403,0.5417,1.16,hybrid,"open-meteo archive + fixed-kappa cooling, T-dependent PUE"
IT-NO,20,2018-05-20T20:00:00Z,15.269,0.5385,1.16,hybrid,"open-meteo archive + fixed-kappa cooling, T-dependent PUE"
IT-NO,21,2018-05-20T21:00:00Z,14.258,0.5142,1.16,hybrid,"open-meteo archive + fixed-kappa cooling, T-dependent PUE"
IT-NO,22,2018-05-20T22:00:00Z,13.425,0.4942,1.16,hybrid,"open-meteo archive + fixed-kappa cooling, T-dependent PUE"
IT-NO,23,2018-05-20T23:00:00Z,13.057,0.4854,1.16,hybrid,"open-meteo archive + fixed-kappa cooling, T-dependent PUE"
IT-NO,24,2018-05-21T00:00:00Z,12.617,0.4748,1.16,hybrid,"open-meteo archive + fixed-kappa cooling, T-dependent PUE"
IT-NO,25,2018-05-21T01:00:00Z,12.617,0.4748,1.16,hybrid,"open-meteo archive + fixed-kappa cooling, T-dependent PUE"
IT-NO,26,2018-05-21T02:00:00Z,12.433,0.0,1.16,hybrid,"open-meteo archive + fixed-kappa cooling, T-dependent PUE"
IT-NO,27,2018-05-21T03:00:00Z,12.227,0.0,1.16,hybrid,"open-meteo archive + fixed-kappa cooling, T-dependent PUE"
IT-NO,28,2018-05-21T04:00:00Z,11.964,0.0,1.16,hybrid,"open-meteo archive + fixed-kappa cooling, T-dependent PUE"
IT-NO,29,2018-05-21T05:00:00Z,12.519,0.4725,1.16,hybrid,"open-meteo archive + fixed-kappa cooling, T-dependent PUE"
IT-NO,30,2018-05-21T06:00:00Z,13.643,0.4994,1.16,hybrid,"open-meteo archive + fixed-kappa cooling, T-dependent PUE"
IT-NO,31,2018-05-21T07:00:00Z,14.703,0.5249,1.16,hybrid,"open-meteo archive + fixed-kappa cooling, T-dependent PUE"
IT-NO,32,2018-05-21T08:00:00Z,14.64,0.5234,1.16,hybrid,"open-meteo archive + fixed-kappa cooling, T-dependent PUE"
IT-NO,33,2018-05-21T09:00:00Z,15.099,0.5344,1.16,hybrid,"open-meteo archive + fixed-kappa cooling, T-dependent PUE"
IT-NO,34,2018-05-21T10:00:00Z,15.485,0.5436,1.161,hybrid,"open-meteo archive + fixed-kappa cooling, T-dependent PUE"
IT-NO,35,2018-05-21T11:00:00Z,16.04,0.557,1.17,hybrid,"open-meteo archive + fixed-kappa cooling, T-dependent PUE"
IT-NO,36,2018-05-21T12:00:00Z,16.363,0.5647,1.165,hybrid,"open-meteo archive + fixed-kappa cooling, T-dependent PUE"
IT-NO,37,2018-05-21T13:00:00Z,16.437,0.5665,1.16,hybrid,"open-meteo archive + fixed-kappa cooling, T-dependent PUE"
IT-NO,38,2018-05-21T14:00:00Z,16.525,0.5686,1.171,hybrid,"open-meteo archive + fixed-kappa cooling, T-dependent PUE"
IT-NO,39,2018-05-21T15:00:00Z,16.492,0.5678,1.178,hybrid,"open-meteo archive + fixed-kappa cooling, T-dependent PUE"
IT-NO,40,2018-05-21T16:00:00Z,16.581,0.57,1.179,hybrid,"open-meteo archive + fixed-kappa cooling, T-dependent PUE"
IT-NO,41,2018-05-21T17:00:00Z,16.434,0.5664,1.17,hybrid,"open-meteo archive + fixed-kappa cooling, T-dependent PUE"
IT-NO,42,2018-05-21T18:00:00Z,17.461,0.5911,1.16,hybrid,"open-meteo archive + fixed-kappa cooling, T-dependent PUE"
IT-NO,43,2018-05-21T19:00:00Z,15.773,0.5505,1.16,hybrid,"open-meteo archive + fixed-kappa cooling, T-dependent PUE"
IT-NO,44,2018-05-21T20:00:00Z,15.192,0.5366,1.16,hybrid,"open-meteo archive + fixed-kappa cooling, T-dependent PUE"
IT-NO,45,2018-05-21T21:00:00Z,14.647,0.5235,1.16,hybrid,"open-meteo archive + fixed-kappa cooling, T-dependent PUE"
IT-NO,46,2018-05-21T22:00:00Z,14.161,0.5119,1.16,hybrid,"open-meteo archive + fixed-kappa cooling, T-dependent PUE"
IT-NO,47,2018-05-21T23:00:00Z,13.614,0.4987,1.16,hybrid,"open-meteo archive + fixed-kappa cooling, T-dependent PUE"
