region,slot_index,utc_timestamp,price_eur_per_kwh,bzn,source,source_url
DE,0,2018-07-25T00:00:00Z,0.04908,DE-AT-LU,Energy-Charts day-ahead price API,https://api.energy-charts.info/price?bzn=DE-AT-LU
DE,1,2018-07-25T01:00:00Z,0.0487,DE-AT-LU,Energy-Charts day-ahead price API,https://api.energy-charts.info/price?bzn=DE-AT-LU
DE,2,2018-07-25T02:00:00Z,0.04882,DE-AT-LU,Energy-Charts day-ahead price API,https://api.energy-charts.info/price?bzn=DE-AT-LU
DE,3,2018-07-25T03:00:00Z,0.04979,DE-AT-LU,Energy-Charts day-ahead price API,https://api.energy-charts.info/price?bzn=DE-AT-LU
DE,4,2018-07-25T04:00:00Z,0.05571,DE-AT-LU,Energy-Charts day-ahead price API,https://api.energy-charts.info/price?bzn=DE-AT-LU
DE,5,2018-07-25T05:00:00Z,0.06296,DE-AT-LU,Energy-Charts day-ahead price API,https://api.energy-charts.info/price?bzn=DE-AT-LU
DE,6,2018-07-25T06:00:00Z,0.065,DE-AT-LU,Energy-Charts day-ahead price API,https://api.energy-charts.info/price?bzn=DE-AT-LU
DE,7,2018-07-25T07:00:00Z,0.06507,DE-AT-LU,Energy-Charts day-ahead price API,https://api.energy-charts.info/price?bzn=DE-AT-LU
DE,8,2018-07-25T08:00:00Z,0.06293,DE-AT-LU,Energy-Charts day-ahead price API,https://api.energy-charts.info/price?bzn=DE-AT-LU
DE,9,2018-07-25T09:00:00Z,0.06143,DE-AT-LU,Energy-Charts day-ahead price API,https://api.energy-charts.info/price?bzn=DE-AT-LU
DE,10,2018-07-25T10:00:00Z,0.05866,DE-AT-LU,Energy-Charts day-ahead price API,https://api.energy-charts.info/price?bzn=DE-AT-LU
DE,11,2018-07-25T11:00:00Z,0.05627,DE-AT-LU,Energy-Charts day-ahead price API,https://api.energy-charts.info/price?bzn=DE-AT-LU
DE,12,2018-07-25T12:00:00Z,0.05642,DE-AT-LU,Energy-Charts day-ahead price API,https://api.energy-charts.info/price?bzn=DE-AT-LU
DE,13,2018-07-25T13:00:00Z,0.05795,DE-AT-LU,Energy-Charts day-ahead price API,https://api.energy-charts.info/price?bzn=DE-AT-LU
DE,14,2018-07-25T14:00:00Z,0.05847,DE-AT-LU,Energy-Charts day-ahead price API,https://api.energy-charts.info/price?bzn=DE-AT-LU
DE,15,2018-07-25T15:00:00Z,0.0614,DE-AT-LU,Energy-Charts day-ahead price API,https://api.energy-charts.info/price?bzn=DE-AT-LU
DE,16,2018-07-25T16:00:00Z,0.0658,DE-AT-LU,Energy-Charts day-ahead price API,https://api.energy-charts.info/price?bzn=DE-AT-LU
DE,17,2018-07-25T17:00:00Z,0.0669,DE-AT-LU,Energy-Charts day-ahead price API,https://api.energy-charts.info/price?bzn=DE-AT-LU
DE,18,2018-07-25T18:00:00Z,0.06545,DE-AT-LU,Energy-Charts day-ahead price API,https://api.energy-charts.info/price?bzn=DE-AT-LU
DE,19,2018-07-25T19:00:00Z,0.06437,DE-AT-LU,Energy-Charts day-ahead price API,https://api.energy-charts.info/price?bzn=DE-AT-LU
DE,20,2018-07-25T20:00:00Z,0.06202,DE-AT-LU,Energy-Charts day-ahead price API,https://api.energy-charts.info/price?bzn=DE-AT-LU
DE,21,2018-07-25T21:00:00Z,0.05443,DE-AT-LU,Energy-Charts day-ahead price API,https://api.energy-charts.info/price?bzn=DE-AT-LU
DE,22,2018-07-25T22:00:00Z,0.05002,DE-AT-LU,Energy-Charts day-ahead price API,https://api.energy-charts.info/price?bzn=DE-AT-LU
DE,23,2018-07-25T23:00:00Z,0.0484,DE-AT-LU,Energy-Charts day-ahead price API,https://api.energy-charts.info/price?bzn=DE-AT-LU
DE,24,2018-07-26T00:00:00Z,0.0475,DE-AT-LU,Energy-Charts day-ahead price API,https://api.energy-charts.info/price?bzn=DE-AT-LU
DE,25,2018-07-26T01:00:00Z,0.04675,DE-AT-LU,Energy-Charts day-ahead price API,https://api.energy-charts.info/price?bzn=DE-AT-LU
DE,26,2018-07-26T02:00:00Z,0.04635,DE-AT-LU,Energy-Charts day-ahead price API,https://api.energy-charts.info/price?bzn=DE-AT-LU
DE,27,2018-07-26T03:00:00Z,0.04734,DE-AT-LU,Energy-Charts day-ahead price API,https://api.energy-charts.info/price?bzn=DE-AT-LU
DE,28,2018-07-26T04:00:00Z,0.05228,DE-AT-LU,Energy-Charts day-ahead price API,https://api.energy-charts.info/price?bzn=DE-AT-LU
DE,29,2018-07-26T05:00:00Z,0.06077,DE-AT-LU,Energy-Charts day-ahead price API,https://api.energy-charts.info/price?bzn=DE-AT-LU
DE,30,2018-07-26T06:00:00Z,0.06408,DE-AT-LU,Energy-Charts day-ahead price API,https://api.energy-charts.info/price?bzn=DE-AT-LU
DE,31,2018-07-26T07:00:00Z,0.06296,DE-AT-LU,Energy-Charts day-ahead price API,https://api.energy-charts.info/price?bzn=DE-AT-LU
DE,32,2018-07-26T08:00:00Z,0.06,DE-AT-LU,Energy-Charts day-ahead price API,https://api.energy-charts.info/price?bzn=DE-AT-LU
DE,33,2018-07-26T09:00:00Z,0.05967,DE-AT-LU,Energy-Charts day-ahead price API,https://api.energy-charts.info/price?bzn=DE-AT-LU
DE,34,2018-07-26T10:00:00Z,0.05243,DE-AT-LU,Energy-Charts day-ahead price API,https://api.energy-charts.info/price?bzn=DE-AT-LU
DE,35,2018-07-26T11:00:00Z,0.05394,DE-AT-LU,Energy-Charts day-ahead price API,https://api.energy-charts.info/price?bzn=DE-AT-LU
DE,36,2018-07-26T12:00:00Z,0.05471,DE-AT-LU,Energy-Charts day-ahead price API,https://api.energy-charts.info/price?bzn=DE-AT-LU
DE,37,2018-07-26T13:00:00Z,0.05663,DE-AT-LU,Energy-Charts day-ahead price API,https://api.energy-charts.info/price?bzn=DE-AT-LU
DE,38,2018-07-26T14:00:00Z,0.05545,DE-AT-LU,Energy-Charts day-ahead price API,https://api.energy-charts.info/price?bzn=DE-AT-LU
DE,39,2018-07-26T15:00:00Z,0.05759,DE-AT-LU,Energy-Charts day-ahead price API,https://api.energy-charts.info/price?bzn=DE-AT-LU
DE,40,2018-07-26T16:00:00Z,0.061,DE-AT-LU,Energy-Charts day-ahead price API,https://api.energy-charts.info/price?bzn=DE-AT-LU
DE,41,2018-07-26T17:00:00Z,0.06195,DE-AT-LU,Energy-Charts day-ahead price API,https://api.energy-charts.info/price?bzn=DE-AT-LU
DE,42,2018-07-26T18:00:00Z,0.06061,DE-AT-LU,Energy-Charts day-ahead price API,https://api.energy-charts.info/price?bzn=DE-AT-LU
DE,43,2018-07-26T19:00:00Z,0.0598,DE-AT-LU,Energy-Charts day-ahead price API,https://api.energy-charts.info/price?bzn=DE-AT-LU
DE,44,2018-07-26T20:00:00Z,0.05432,DE-AT-LU,Energy-Charts day-ahead price API,https://api.energy-charts.info/price?bzn=DE-AT-LU
DE,45,2018-07-26T21:00:00Z,0.04716,DE-AT-LU,Energy-Charts day-ahead price API,https://api.energy-charts.info/price?bzn=DE-AT-LU
DE,46,2018-07-26T22:00:00Z,0.0475,DE-AT-LU,Energy-Charts day-ahead price API,https://api.energy-charts.info/price?bzn=DE-AT-LU
DE,47,2018-07-26T23:00:00Z,0.04651,DE-AT-LU,Energy-Charts day-ahead price API,https://api.energy-charts.info/price?bzn=DE-AT-LU
ES,0,2018-07-25T00:00:00Z,0.06,ES,Energy-Charts day-ahead price API,https://api.energy-charts.info/price?bzn=ES
ES,1,2018-07-25T01:00:00Z,0.05793,ES,Energy-Charts day-ahead price API,https://api.energy-charts.info/price?bzn=ES
ES,2,2018-07-25T02:00:00Z,0.05743,ES,Energy-Charts day-ahead price API,https://api.energy-charts.info/price?bzn=ES
ES,3,2018-07-25T03:00:00Z,0.05843,ES,Energy-Charts day-ahead price API,https://api.energy-charts.info/price?bzn=ES
ES,4,2018-07-25T04:00:00Z,0.06246,ES,Energy-Charts day-ahead price API,https://api.energy-charts.info/price?bzn=ES
ES,5,2018-07-25T05:00:00Z,0.0639,ES,Energy-Charts day-ahead price API,https://api.energy-charts.info/price?bzn=ES
ES,6,2018-07-25T06:00:00Z,0.06533,ES,Energy-Charts day-ahead price API,https://api.energy-charts.info/price?bzn=ES
ES,7,2018-07-25T07:00:00Z,0.06639,ES,Energy-Charts day-ahead price API,https://api.energy-charts.info/price?bzn=ES
ES,8,2018-07-25T08:00:00Z,0.067,ES,Energy-Charts day-ahead price API,https://api.energy-charts.info/price?bzn=ES
ES,9,2018-07-25T09:00:00Z,0.067,ES,Energy-Charts day-ahead price API,https://api.energy-charts.info/price?bzn=ES
ES,10,2018-07-25T10:00:00Z,0.06869,ES,Energy-Charts day-ahead price API,https://api.energy-charts.info/price?bzn=ES
ES,11,2018-07-25T11:00:00Z,0.06802,ES,Energy-Charts day-ahead price API,https://api.energy-charts.info/price?bzn=ES
ES,12,2018-07-25T12:00:00Z,0.06781,ES,Energy-Charts day-ahead price API,https://api.energy-charts.info/price?bzn=ES
ES,13,2018-07-25T13:00:00Z,0.067,ES,Energy-Charts day-ahead price API,https://api.energy-charts.info/price?bzn=ES
ES,14,2018-07-25T14:00:00Z,0.067,ES,Energy-Charts day-ahead price API,https://api.energy-charts.info/price?bzn=ES
ES,15,2018-07-25T15:00:00Z,0.067,ES,Energy-Charts day-ahead price API,https://api.energy-charts.info/price?bzn=ES
ES,16,2018-07-25T16:00:00Z,0.0658,ES,Energy-Charts day-ahead price API,https://api.energy-charts.info/price?bzn=ES
ES,17,2018-07-25T17:00:00Z,0.0669,ES,Energy-Charts day-ahead price API,https://api.energy-charts.info/price?bzn=ES
ES,18,2018-07-25T18:00:00Z,0.06567,ES,Energy-Charts day-ahead price API,https://api.energy-charts.info/price?bzn=ES
ES,19,2018-07-25T19:00:00Z,0.06666,ES,Energy-Charts day-ahead price API,https://api.energy-charts.info/price?bzn=ES
ES,20,2018-07-25T20:00:00Z,0.06639,ES,Energy-Charts day-ahead price API,https://api.energy-charts.info/price?bzn=ES
ES,21,2018-07-25T21:00:00Z,0.06539,ES,Energy-Charts day-ahead price API,https://api.energy-charts.info/price?bzn=ES
ES,22,2018-07-25T22:00:00Z,0.06567,ES,Energy-Charts day-ahead price API,https://api.energy-charts.info/price?bzn=ES
ES,23,2018-07-25T23:00:00Z,0.06423,ES,Energy-Charts day-ahead price API,https://api.energy-charts.info/price?bzn=ES
ES,24,2018-07-26T00:00:00Z,0.0635,ES,Energy-Charts day-ahead price API,https://api.energy-charts.info/price?bzn=ES
ES,25,2018-07-26T01:00:00Z,0.06221,ES,Energy-Charts day-ahead price API,https://api.energy-charts.info/price?bzn=ES
ES,26,2018-07-26T02:00:00Z,0.06221,ES,Energy-Charts day-ahead price API,https://api.energy-charts.info/price?bzn=ES
ES,27,2018-07-26T03:00:00Z,0.06318,ES,Energy-Charts day-ahead price API,https://api.energy-charts.info/price?bzn=ES
ES,28,2018-07-26T04:00:00Z,0.06439,ES,Energy-Charts day-ahead price API,https://api.energy-charts.info/price?bzn=ES
ES,29,2018-07-26T05:00:00Z,0.06501,ES,Energy-Charts day-ahead price API,https://api.energy-charts.info/price?bzn=ES
ES,30,2018-07-26T06:00:00Z,0.06609,ES,Energy-Charts day-ahead price API,https://api.energy-charts.info/price?bzn=ES
ES,31,2018-07-26T07:00:00Z,0.06709,ES,Energy-Charts day-ahead price API,https://api.energy-charts.info/price?bzn=ES
ES,32,2018-07-26T08:00:00Z,0.068,ES,Energy-Charts day-ahead price API,https://api.energy-charts.info/price?bzn=ES
ES,33,2018-07-26T09:00:00Z,0.06809,ES,Energy-Charts day-ahead price API,https://api.energy-charts.info/price?bzn=ES
ES,34,2018-07-26T10:00:00Z,0.06898,ES,Energy-Charts day-ahead price API,https://api.energy-charts.info/price?bzn=ES
ES,35,2018-07-26T11:00:00Z,0.06899,ES,Energy-Charts day-ahead price API,https://api.energy-charts.info/price?bzn=ES
ES,36,2018-07-26T12:00:00Z,0.068,ES,Energy-Charts day-ahead price API,https://api.energy-charts.info/price?bzn=ES
ES,37,2018-07-26T13:00:00Z,0.06722,ES,Energy-Charts day-ahead price API,https://api.energy-charts.info/price?bzn=ES
ES,38,2018-07-26T14:00:00Z,0.067,ES,Energy-Charts day-ahead price API,https://api.energy-charts.info/price?bzn=ES
ES,39,2018-07-26T15:00:00Z,0.06709,ES,Energy-Charts day-ahead price API,https://api.energy-charts.info/price?bzn=ES
ES,40,2018-07-26T16:00:00Z,0.06719,ES,Energy-Charts day-ahead price API,https://api.energy-charts.info/price?bzn=ES
ES,41,2018-07-26T17:00:00Z,0.0693,ES,Energy-Charts day-ahead price API,https://api.energy-charts.info/price?bzn=ES
ES,42,2018-07-26T18:00:00Z,0.0663,ES,Energy-Charts day-ahead price API,https://api.energy-charts.info/price?bzn=ES
ES,43,2018-07-26T19:00:00Z,0.06536,ES,Energy-Charts day-ahead price API,https://api.energy-charts.info/price?bzn=ES
ES,44,2018-07-26T20:00:00Z,0.0657,ES,Energy-Charts day-ahead price API,https://api.energy-charts.info/price?bzn=ES
ES,45,2018-07-26T21:00:00Z,0.06364,ES,Energy-Charts day-ahead price API,https://api.energy-charts.info/price?bzn=ES
ES,46,2018-07-26T22:00:00Z,0.0655,ES,Energy-Charts day-ahead price API,https://api.energy-charts.info/price?bzn=ES
ES,47,2018-07-26T23:00:00Z,0.06421,ES,Energy-Charts day-ahead price API,https://api.energy-charts.info/price?bzn=ES
FR,0,2018-07-25T00:00:00Z,0.04908,FR,Energy-Charts day-ahead price API,https://api.energy-charts.info/price?bzn=FR
FR,1,2018-07-25T01:00:00Z,0.0487,FR,Energy-Charts day-ahead price API,https://api.energy-charts.info/price?bzn=FR
FR,2,2018-07-25T02:00:00Z,0.04823,FR,Energy-Charts day-ahead price API,https://api.energy-charts.info/price?bzn=FR
FR,3,2018-07-25T03:00:00Z,0.04979,FR,Energy-Charts day-ahead price API,https://api.energy-charts.info/price?bzn=FR
FR,4,2018-07-25T04:00:00Z,0.05571,FR,Energy-Charts day-ahead price API,https://api.energy-charts.info/price?bzn=FR
FR,5,2018-07-25T05:00:00Z,0.06296,FR,Energy-Charts day-ahead price API,https://api.energy-charts.info/price?bzn=FR
FR,6,2018-07-25T06:00:00Z,0.065,FR,Energy-Charts day-ahead price API,https://api.energy-charts.info/price?bzn=FR
FR,7,2018-07-25T07:00:00Z,0.06507,FR,Energy-Charts day-ahead price API,https://api.energy-charts.info/price?bzn=FR
FR,8,2018-07-25T08:00:00Z,0.065,FR,Energy-Charts day-ahead price API,https://api.energy-charts.info/price?bzn=FR
FR,9,2018-07-25T09:00:00Z,0.0632,FR,Energy-Charts day-ahead price API,https://api.energy-charts.info/price?bzn=FR
FR,10,2018-07-25T10:00:00Z,0.05974,FR,Energy-Charts day-ahead price API,https://api.energy-charts.info/price?bzn=FR
FR,11,2018-07-25T11:00:00Z,0.05887,FR,Energy-Charts day-ahead price API,https://api.energy-charts.info/price?bzn=FR
FR,12,2018-07-25T12:00:00Z,0.05792,FR,Energy-Charts day-ahead price API,https://api.energy-charts.info/price?bzn=FR
FR,13,2018-07-25T13:00:00Z,0.05854,FR,Energy-Charts day-ahead price API,https://api.energy-charts.info/price?bzn=FR
FR,14,2018-07-25T14:00:00Z,0.06285,FR,Energy-Charts day-ahead price API,https://api.energy-charts.info/price?bzn=FR
FR,15,2018-07-25T15:00:00Z,0.067,FR,Energy-Charts day-ahead price API,https://api.energy-charts.info/price?bzn=FR
FR,16,2018-07-25T16:00:00Z,0.0658,FR,Energy-Charts day-ahead price API,https://api.energy-charts.info/price?bzn=FR
FR,17,2018-07-25T17:00:00Z,0.0669,FR,Energy-Charts day-ahead price API,https://api.energy-charts.info/price?bzn=FR
FR,18,2018-07-25T18:00:00Z,0.06545,FR,Energy-Charts day-ahead price API,https://api.energy-charts.info/price?bzn=FR
FR,19,2018-07-25T19:00:00Z,0.06437,FR,Energy-Charts day-ahead price API,https://api.energy-charts.info/price?bzn=FR
FR,20,2018-07-25T20:00:00Z,0.06202,FR,Energy-Charts day-ahead price API,https://api.energy-charts.info/price?bzn=FR
FR,21,2018-07-25T21:00:00Z,0.05521,FR,Energy-Charts day-ahead price API,https://api.energy-charts.info/price?bzn=FR
FR,22,2018-07-25T22:00:00Z,0.05002,FR,Energy-Charts day-ahead price API,https://api.energy-charts.info/price?bzn=FR
FR,23,2018-07-25T23:00:00Z,0.0484,FR,Energy-Charts day-ahead price API,https://api.energy-charts.info/price?bzn=FR
FR,24,2018-07-26T00:00:00Z,0.0475,FR,Energy-Charts day-ahead price API,https://api.energy-charts.info/price?bzn=FR
FR,25,2018-07-26T01:00:00Z,0.04675,FR,Energy-Charts day-ahead price API,https://api.energy-charts.info/price?bzn=FR
FR,26,2018-07-26T02:00:00Z,0.04635,FR,Energy-Charts day-ahead price API,https://api.energy-charts.info/price?bzn=FR
FR,27,2018-07-26T03:00:00Z,0.04734,FR,Energy-Charts day-ahead price API,https://api.energy-charts.info/price?bzn=FR
FR,28,2018-07-26T04:00:00Z,0.05228,FR,Energy-Charts day-ahead price API,https://api.energy-charts.info/price?bzn=FR
FR,29,2018-07-26T05:00:00Z,0.06077,FR,Energy-Charts day-ahead price API,https://api.energy-charts.info/price?bzn=FR
FR,30,2018-07-26T06:00:00Z,0.06408,FR,Energy-Charts day-ahead price API,https://api.energy-charts.info/price?bzn=FR
FR,31,2018-07-26T07:00:00Z,0.06421,FR,Energy-Charts day-ahead price API,https://api.energy-charts.info/price?bzn=FR
FR,32,2018-07-26T08:00:00Z,0.06576,FR,Energy-Charts day-ahead price API,https://api.energy-charts.info/price?bzn=FR
FR,33,2018-07-26T09:00:00Z,0.06565,FR,Energy-Charts day-ahead price API,https://api.energy-charts.info/price?bzn=FR
FR,34,2018-07-26T10:00:00Z,0.063,FR,Energy-Charts day-ahead price API,https://api.energy-charts.info/price?bzn=FR
FR,35,2018-07-26T11:00:00Z,0.06378,FR,Energy-Charts day-ahead price API,https://api.energy-charts.info/price?bzn=FR
FR,36,2018-07-26T12:00:00Z,0.06407,FR,Energy-Charts day-ahead price API,https://api.energy-charts.info/price?bzn=FR
FR,37,2018-07-26T13:00:00Z,0.06432,FR,Energy-Charts day-ahead price API,https://api.energy-charts.info/price?bzn=FR
FR,38,2018-07-26T14:00:00Z,0.06355,FR,Energy-Charts day-ahead price API,https://api.energy-charts.info/price?bzn=FR
FR,39,2018-07-26T15:00:00Z,0.06709,FR,Energy-Charts day-ahead price API,https://api.energy-charts.info/price?bzn=FR
FR,40,2018-07-26T16:00:00Z,0.06719,FR,Energy-Charts day-ahead price API,https://api.energy-charts.info/price?bzn=FR
FR,41,2018-07-26T17:00:00Z,0.0693,FR,Energy-Charts day-ahead price API,https://api.energy-charts.info/price?bzn=FR
FR,42,2018-07-26T18:00:00Z,0.0663,FR,Energy-Charts day-ahead price API,https://api.energy-charts.info/price?bzn=FR
FR,43,2018-07-26T19:00:00Z,0.06474,FR,Energy-Charts day-ahead price API,https://api.energy-charts.info/price?bzn=FR
FR,44,2018-07-26T20:00:00Z,0.0657,FR,Energy-Charts day-ahead price API,https://api.energy-charts.info/price?bzn=FR
FR,45,2018-07-26T21:00:00Z,0.0627,FR,Energy-Charts day-ahead price API,https://api.energy-charts.info/price?bzn=FR
FR,46,2018-07-26T22:00:00Z,0.04956,FR,Energy-Charts day-ahead price API,https://api.energy-charts.info/price?bzn=FR
FR,47,2018-07-26T23:00:00Z,0.04651,FR,Energy-Charts day-ahead price API,https://api.energy-charts.info/price?bzn=FR
IT-NO,0,2018-07-25T00:00:00Z,0.05437,IT-North,Energy-Charts day-ahead price API,https://api.energy-charts.info/price?bzn=IT-North
IT-NO,1,2018-07-25T01:00:00Z,0.0534,IT-North,Energy-Charts day-ahead price API,https://api.energy-charts.info/price?bzn=IT-North
IT-NO,2,2018-07-25T02:00:00Z,0.05275,IT-North,Energy-Charts day-ahead price API,https://api.energy-charts.info/price?bzn=IT-North
IT-NO,3,2018-07-25T03:00:00Z,0.0542,IT-North,Energy-Charts day-ahead price API,https://api.energy-charts.info/price?bzn=IT-North
IT-NO,4,2018-07-25T04:00:00Z,0.06049,IT-North,Energy-Charts day-ahead price API,https://api.energy-charts.info/price?bzn=IT-North
IT-NO,5,2018-07-25T05:00:00Z,0.06296,IT-North,Energy-Charts day-ahead price API,https://api.energy-charts.info/price?bzn=IT-North
IT-NO,6,2018-07-25T06:00:00Z,0.065,IT-North,Energy-Charts day-ahead price API,https://api.energy-charts.info/price?bzn=IT-North
IT-NO,7,2018-07-25T07:00:00Z,0.06507,IT-North,Energy-Charts day-ahead price API,https://api.energy-charts.info/price?bzn=IT-North
IT-NO,8,2018-07-25T08:00:00Z,0.065,IT-North,Energy-Charts day-ahead price API,https://api.energy-charts.info/price?bzn=IT-North
IT-NO,9,2018-07-25T09:00:00Z,0.0632,IT-North,Energy-Charts day-ahead price API,https://api.energy-charts.info/price?bzn=IT-North
IT-NO,10,2018-07-25T10:00:00Z,0.05974,IT-North,Energy-Charts day-ahead price API,https://api.energy-charts.info/price?bzn=IT-North
IT-NO,11,2018-07-25T11:00:00Z,0.06175,IT-North,Energy-Charts day-ahead price API,https://api.energy-charts.info/price?bzn=IT-North
IT-NO,12,2018-07-25T12:00:00Z,0.063,IT-North,Energy-Charts day-ahead price API,https://api.energy-charts.info/price?bzn=IT-North
IT-NO,13,2018-07-25T13:00:00Z,0.064,IT-North,Energy-Charts day-ahead price API,https://api.energy-charts.info/price?bzn=IT-North
IT-NO,14,2018-07-25T14:00:00Z,0.06497,IT-North,Energy-Charts day-ahead price API,https://api.energy-charts.info/price?bzn=IT-North
IT-NO,15,2018-07-25T15:00:00Z,0.067,IT-North,Energy-Charts day-ahead price API,https://api.energy-charts.info/price?bzn=IT-North
IT-NO,16,2018-07-25T16:00:00Z,0.0658,IT-North,Energy-Charts day-ahead price API,https://api.energy-charts.info/price?bzn=IT-North
IT-NO,17,2018-07-25T17:00:00Z,0.06701,IT-North,Energy-Charts day-ahead price API,https://api.energy-charts.info/price?bzn=IT-North
IT-NO,18,2018-07-25T18:00:00Z,0.06759,IT-North,Energy-Charts day-ahead price API,https://api.energy-charts.info/price?bzn=IT-North
IT-NO,19,2018-07-25T19:00:00Z,0.06545,IT-North,Energy-Charts day-ahead price API,https://api.energy-charts.info/price?bzn=IT-North
IT-NO,20,2018-07-25T20:00:00Z,0.063,IT-North,Energy-Charts day-ahead price API,https://api.energy-charts.info/price?bzn=IT-North
IT-NO,21,2018-07-25T21:00:00Z,0.06047,IT-North,Energy-Charts day-ahead price API,https://api.energy-charts.info/price?bzn=IT-North
IT-NO,22,2018-07-25T22:00:00Z,0.0627,IT-North,Energy-Charts day-ahead price API,https://api.energy-charts.info/price?bzn=IT-North
IT-NO,23,2018-07-25T23:00:00Z,0.06074,IT-North,Energy-Charts day-ahead price API,https://api.energy-charts.info/price?bzn=IT-North
IT-NO,24,2018-07-26T00:00:00Z,0.05928,IT-North,Energy-Charts day-ahead price API,https://api.energy-charts.info/price?bzn=IT-North
IT-NO,25,2018-07-26T01:00:00Z,0.05842,IT-North,Energy-Charts day-ahead price API,https://api.energy-charts.info/price?bzn=IT-North
IT-NO,26,2018-07-26T02:00:00Z,0.05842,IT-North,Energy-Charts day-ahead price API,https://api.energy-charts.info/price?bzn=IT-North
IT-NO,27,2018-07-26T03:00:00Z,0.0588,IT-North,Energy-Charts day-ahead price API,https://api.energy-charts.info/price?bzn=IT-North
IT-NO,28,2018-07-26T04:00:00Z,0.0619,IT-North,Energy-Charts day-ahead price API,https://api.energy-charts.info/price?bzn=IT-North
IT-NO,29,2018-07-26T05:00:00Z,0.0637,IT-North,Energy-Charts day-ahead price API,https://api.energy-charts.info/price?bzn=IT-North
IT-NO,30,2018-07-26T06:00:00Z,0.065,IT-North,Energy-Charts day-ahead price API,https://api.energy-charts.info/price?bzn=IT-North
IT-NO,31,2018-07-26T07:00:00Z,0.06421,IT-North,Energy-Charts day-ahead price API,https://api.energy-charts.info/price?bzn=IT-North
IT-NO,32,2018-07-26T08:00:00Z,0.06576,IT-North,Energy-Charts day-ahead price API,https://api.energy-charts.info/price?bzn=IT-North
IT-NO,33,2018-07-26T09:00:00Z,0.06565,IT-North,Energy-Charts day-ahead price API,https://api.energy-charts.info/price?bzn=IT-North
IT-NO,34,2018-07-26T10:00:00Z,0.063,IT-North,Energy-Charts day-ahead price API,https://api.energy-charts.info/price?bzn=IT-North
IT-NO,35,2018-07-26T11:00:00Z,0.06378,IT-North,Energy-Charts day-ahead price API,https://api.energy-charts.info/price?bzn=IT-North
IT-NO,36,2018-07-26T12:00:00Z,0.06407,IT-North,Energy-Charts day-ahead price API,https://api.energy-charts.info/price?bzn=IT-North
IT-NO,37,2018-07-26T13:00:00Z,0.065,IT-North,Energy-Charts day-ahead price API,https://api.energy-charts.info/price?bzn=IT-North
IT-NO,38,2018-07-26T14:00:00Z,0.066,IT-North,Energy-Charts day-ahead price API,https://api.energy-charts.info/price?bzn=IT-North
IT-NO,39,2018-07-26T15:00:00Z,0.06709,IT-North,Energy-Charts day-ahead price API,https://api.energy-charts.info/price?bzn=IT-North
IT-NO,40,2018-07-26T16:00:00Z,0.06719,IT-North,Energy-Charts day-ahead price API,https://api.energy-charts.info/price?bzn=IT-North
IT-NO,41,2018-07-26T17:00:00Z,0.07054,IT-North,Energy-Charts day-ahead price API,https://api.energy-charts.info/price?bzn=IT-North
IT-NO,42,2018-07-26T18:00:00Z,0.06962,IT-North,Energy-Charts day-ahead price API,https://api.energy-charts.info/price?bzn=IT-North
IT-NO,43,2018-07-26T19:00:00Z,0.06957,IT-North,Energy-Charts day-ahead price API,https://api.energy-charts.info/price?bzn=IT-North
IT-NO,44,2018-07-26T20:00:00Z,0.0659,IT-North,Energy-Charts day-ahead price API,https://api.energy-charts.info/price?bzn=IT-North
IT-NO,45,2018-07-26T21:00:00Z,0.0627,IT-North,Energy-Charts day-ahead price API,https://api.energy-charts.info/price?bzn=IT-North
IT-NO,46,2018-07-26T22:00:00Z,0.0651,IT-North,Energy-Charts day-ahead price API,https://api.energy-charts.info/price?bzn=IT-North
IT-NO,47,2018-07-26T23:00:00Z,0.0615,IT-North,Energy-Charts day-ahead price API,https://api.energy-charts.info/price?bzn=IT-North
PL,0,2018-07-25T00:00:00Z,0.044644,PL,Energy-Charts day-ahead price API,https://api.energy-charts.info/price?bzn=PL
PL,1,2018-07-25T01:00:00Z,0.04473,PL,Energy-Charts day-ahead price API,https://api.energy-charts.info/price?bzn=PL
PL,2,2018-07-25T02:00:00Z,0.045874,PL,Energy-Charts day-ahead price API,https://api.energy-charts.info/price?bzn=PL
PL,3,2018-07-25T03:00:00Z,0.044202,PL,Energy-Charts day-ahead price API,https://api.energy-charts.info/price?bzn=PL
PL,4,2018-07-25T04:00:00Z,0.051277,PL,Energy-Charts day-ahead price API,https://api.energy-charts.info/price?bzn=PL
PL,5,2018-07-25T05:00:00Z,0.06031,PL,Energy-Charts day-ahead price API,https://api.energy-charts.info/price?bzn=PL
PL,6,2018-07-25T06:00:00Z,0.065515,PL,Energy-Charts day-ahead price API,https://api.energy-charts.info/price?bzn=PL
PL,7,2018-07-25T07:00:00Z,0.067199,PL,Energy-Charts day-ahead price API,https://api.energy-charts.info/price?bzn=PL
PL,8,2018-07-25T08:00:00Z,0.06556,PL,Energy-Charts day-ahead price API,https://api.energy-charts.info/price?bzn=PL
PL,9,2018-07-25T09:00:00Z,0.070604,PL,Energy-Charts day-ahead price API,https://api.energy-charts.info/price?bzn=PL
PL,10,2018-07-25T10:00:00Z,0.071465,PL,Energy-Charts day-ahead price API,https://api.energy-charts.info/price?bzn=PL
PL,11,2018-07-25T11:00:00Z,0.070776,PL,Energy-Charts day-ahead price API,https://api.energy-charts.info/price?bzn=PL
PL,12,2018-07-25T12:00:00Z,0.064336,PL,Energy-Charts day-ahead price API,https://api.energy-charts.info/price?bzn=PL
PL,13,2018-07-25T13:00:00Z,0.062601,PL,Energy-Charts day-ahead price API,https://api.energy-charts.info/price?bzn=PL
PL,14,2018-07-25T14:00:00Z,0.060382,PL,Energy-Charts day-ahead price API,https://api.energy-charts.info/price?bzn=PL
PL,15,2018-07-25T15:00:00Z,0.062676,PL,Energy-Charts day-ahead price API,https://api.energy-charts.info/price?bzn=PL
PL,16,2018-07-25T16:00:00Z,0.066322,PL,Energy-Charts day-ahead price API,https://api.energy-charts.info/price?bzn=PL
PL,17,2018-07-25T17:00:00Z,0.06743,PL,Energy-Charts day-ahead price API,https://api.energy-charts.info/price?bzn=PL
PL,18,2018-07-25T18:00:00Z,0.065974,PL,Energy-Charts day-ahead price API,https://api.energy-charts.info/price?bzn=PL
PL,19,2018-07-25T19:00:00Z,0.06488,PL,Energy-Charts day-ahead price API,https://api.energy-charts.info/price?bzn=PL
PL,20,2018-07-25T20:00:00Z,0.061015,PL,Energy-Charts day-ahead price API,https://api.energy-charts.info/price?bzn=PL
PL,21,2018-07-25T21:00:00Z,0.0505,PL,Energy-Charts day-ahead price API,https://api.energy-charts.info/price?bzn=PL
PL,22,2018-07-25T22:00:00Z,0.049628,PL,Energy-Charts day-ahead price API,https://api.energy-charts.info/price?bzn=PL
PL,23,2018-07-25T23:00:00Z,0.046758,PL,Energy-Charts day-ahead price API,https://api.energy-charts.info/price?bzn=PL
PL,24,2018-07-26T00:00:00Z,0.047905,PL,Energy-Charts day-ahead price API,https://api.energy-charts.info/price?bzn=PL
PL,25,2018-07-26T01:00:00Z,0.047604,PL,Energy-Charts day-ahead price API,https://api.energy-charts.info/price?bzn=PL
PL,26,2018-07-26T02:00:00Z,0.046182,PL,Energy-Charts day-ahead price API,https://api.energy-charts.info/price?bzn=PL
PL,27,2018-07-26T03:00:00Z,0.047823,PL,Energy-Charts day-ahead price API,https://api.energy-charts.info/price?bzn=PL
PL,28,2018-07-26T04:00:00Z,0.050249,PL,Energy-Charts day-ahead price API,https://api.energy-charts.info/price?bzn=PL
PL,29,2018-07-26T05:00:00Z,0.061181,PL,Energy-Charts day-ahead price API,https://api.energy-charts.info/price?bzn=PL
PL,30,2018-07-26T06:00:00Z,0.066098,PL,Energy-Charts day-ahead price API,https://api.energy-charts.info/price?bzn=PL
PL,31,2018-07-26T07:00:00Z,0.06338,PL,Energy-Charts day-ahead price API,https://api.energy-charts.info/price?bzn=PL
PL,32,2018-07-26T08:00:00Z,0.061884,PL,Energy-Charts day-ahead price API,https://api.energy-charts.info/price?bzn=PL
PL,33,2018-07-26T09:00:00Z,0.06247,PL,Energy-Charts day-ahead price API,https://api.energy-charts.info/price?bzn=PL
PL,34,2018-07-26T10:00:00Z,0.063208,PL,Energy-Charts day-ahead price API,https://api.energy-charts.info/price?bzn=PL
PL,35,2018-07-26T11:00:00Z,0.062435,PL,Energy-Charts day-ahead price API,https://api.energy-charts.info/price?bzn=PL
PL,36,2018-07-26T12:00:00Z,0.060082,PL,Energy-Charts day-ahead price API,https://api.energy-charts.info/price?bzn=PL
PL,37,2018-07-26T13:00:00Z,0.058413,PL,Energy-Charts day-ahead price API,https://api.energy-charts.info/price?bzn=PL
PL,38,2018-07-26T14:00:00Z,0.057196,PL,Energy-Charts day-ahead price API,https://api.energy-charts.info/price?bzn=PL
PL,39,2018-07-26T15:00:00Z,0.0594,PL,Energy-Charts day-ahead price API,https://api.energy-charts.info/price?bzn=PL
PL,40,2018-07-26T16:00:00Z,0.061412,PL,Energy-Charts day-ahead price API,https://api.energy-charts.info/price?bzn=PL
PL,41,2018-07-26T17:00:00Z,0.062365,PL,Energy-Charts day-ahead price API,https://api.energy-charts.info/price?bzn=PL
PL,42,2018-07-26T18:00:00Z,0.061016,PL,Energy-Charts day-ahead price API,https://api.energy-charts.info/price?bzn=PL
PL,43,2018-07-26T19:00:00Z,0.060201,PL,Energy-Charts day-ahead price API,https://api.energy-charts.info/price?bzn=PL
PL,44,2018-07-26T20:00:00Z,0.054689,PL,Energy-Charts day-ahead price API,https://api.energy-charts.info/price?bzn=PL
PL,45,2018-07-26T21:00:00Z,0.04959,PL,Energy-Charts day-ahead price API,https://api.energy-charts.info/price?bzn=PL
PL,46,2018-07-26T22:00:00Z,0.046559,PL,Energy-Charts day-ahead price API,https://api.energy-charts.info/price?bzn=PL
PL,47,2018-07-26T23:00:00Z,0.045985,PL,Energy-Charts day-ahead price API,https://api.energy-charts.info/price?bzn=PL
SE,0,2018-07-25T00:00:00Z,0.05042,SE1,Energy-Charts day-ahead price API,https://api.energy-charts.info/price?bzn=SE1
SE,1,2018-07-25T01:00:00Z,0.05031,SE1,Energy-Charts day-ahead price API,https://api.energy-charts.info/price?bzn=SE1
SE,2,2018-07-25T02:00:00Z,0.05002,SE1,Energy-Charts day-ahead price API,https://api.energy-charts.info/price?bzn=SE1
SE,3,2018-07-25T03:00:00Z,0.05144,SE1,Energy-Charts day-ahead price API,https://api.energy-charts.info/price?bzn=SE1
SE,4,2018-07-25T04:00:00Z,0.05443,SE1,Energy-Charts day-ahead price API,https://api.energy-charts.info/price?bzn=SE1
SE,5,2018-07-25T05:00:00Z,0.05493,SE1,Energy-Charts day-ahead price API,https://api.energy-charts.info/price?bzn=SE1
SE,6,2018-07-25T06:00:00Z,0.05544,SE1,Energy-Charts day-ahead price API,https://api.energy-charts.info/price?bzn=SE1
SE,7,2018-07-25T07:00:00Z,0.05634,SE1,Energy-Charts day-ahead price API,https://api.energy-charts.info/price?bzn=SE1
SE,8,2018-07-25T08:00:00Z,0.05675,SE1,Energy-Charts day-ahead price API,https://api.energy-charts.info/price?bzn=SE1
SE,9,2018-07-25T09:00:00Z,0.05723,SE1,Energy-Charts day-ahead price API,https://api.energy-charts.info/price?bzn=SE1
SE,10,2018-07-25T10:00:00Z,0.05751,SE1,Energy-Charts day-ahead price API,https://api.energy-charts.info/price?bzn=SE1
SE,11,2018-07-25T11:00:00Z,0.05627,SE1,Energy-Charts day-ahead price API,https://api.energy-charts.info/price?bzn=SE1
SE,12,2018-07-25T12:00:00Z,0.05642,SE1,Energy-Charts day-ahead price API,https://api.energy-charts.info/price?bzn=SE1
SE,13,2018-07-25T13:00:00Z,0.0577,SE1,Energy-Charts day-ahead price API,https://api.energy-charts.info/price?bzn=SE1
SE,14,2018-07-25T14:00:00Z,0.05675,SE1,Energy-Charts day-ahead price API,https://api.energy-charts.info/price?bzn=SE1
SE,15,2018-07-25T15:00:00Z,0.05582,SE1,Energy-Charts day-ahead price API,https://api.energy-charts.info/price?bzn=SE1
SE,16,2018-07-25T16:00:00Z,0.0557,SE1,Energy-Charts day-ahead price API,https://api.energy-charts.info/price?bzn=SE1
SE,17,2018-07-25T17:00:00Z,0.05557,SE1,Energy-Charts day-ahead price API,https://api.energy-charts.info/price?bzn=SE1
SE,18,2018-07-25T18:00:00Z,0.05522,SE1,Energy-Charts day-ahead price API,https://api.energy-charts.info/price?bzn=SE1
SE,19,2018-07-25T19:00:00Z,0.05526,SE1,Energy-Charts day-ahead price API,https://api.energy-charts.info/price?bzn=SE1
SE,20,2018-07-25T20:00:00Z,0.05551,SE1,Energy-Charts day-ahead price API,https://api.energy-charts.info/price?bzn=SE1
SE,21,2018-07-25T21:00:00Z,0.05443,SE1,Energy-Charts day-ahead price API,https://api.energy-charts.info/price?bzn=SE1
SE,22,2018-07-25T22:00:00Z,0.05167,SE1,Energy-Charts day-ahead price API,https://api.energy-charts.info/price?bzn=SE1
SE,23,2018-07-25T23:00:00Z,0.05024,SE1,Energy-Charts day-ahead price API,https://api.energy-charts.info/price?bzn=SE1
SE,24,2018-07-26T00:00:00Z,0.04907,SE1,Energy-Charts day-ahead price API,https://api.energy-charts.info/price?bzn=SE1
SE,25,2018-07-26T01:00:00Z,0.0483,SE1,Energy-Charts day-ahead price API,https://api.energy-charts.info/price?bzn=SE1
SE,26,2018-07-26T02:00:00Z,0.04749,SE1,Energy-Charts day-ahead price API,https://api.energy-charts.info/price?bzn=SE1
SE,27,2018-07-26T03:00:00Z,0.05014,SE1,Energy-Charts day-ahead price API,https://api.energy-charts.info/price?bzn=SE1
SE,28,2018-07-26T04:00:00Z,0.05357,SE1,Energy-Charts day-ahead price API,https://api.energy-charts.info/price?bzn=SE1
SE,29,2018-07-26T05:00:00Z,0.05493,SE1,Energy-Charts day-ahead price API,https://api.energy-charts.info/price?bzn=SE1
SE,30,2018-07-26T06:00:00Z,0.0554,SE1,Energy-Charts day-ahead price API,https://api.energy-charts.info/price?bzn=SE1
SE,31,2018-07-26T07:00:00Z,0.05642,SE1,Energy-Charts day-ahead price API,https://api.energy-charts.info/price?bzn=SE1
SE,32,2018-07-26T08:00:00Z,0.05779,SE1,Energy-Charts day-ahead price API,https://api.energy-charts.info/price?bzn=SE1
SE,33,2018-07-26T09:00:00Z,0.05754,SE1,Energy-Charts day-ahead price API,https://api.energy-charts.info/price?bzn=SE1
SE,34,2018-07-26T10:00:00Z,0.05677,SE1,Energy-Charts day-ahead price API,https://api.energy-charts.info/price?bzn=SE1
SE,35,2018-07-26T11:00:00Z,0.05599,SE1,Energy-Charts day-ahead price API,https://api.energy-charts.info/price?bzn=SE1
SE,36,2018-07-26T12:00:00Z,0.05672,SE1,Energy-Charts day-ahead price API,https://api.energy-charts.info/price?bzn=SE1
SE,37,2018-07-26T13:00:00Z,0.05663,SE1,Energy-Charts day-ahead price API,https://api.energy-charts.info/price?bzn=SE1
SE,38,2018-07-26T14:00:00Z,0.05597,SE1,Energy-Charts day-ahead price API,https://api.energy-charts.info/price?bzn=SE1
SE,39,2018-07-26T15:00:00Z,0.05706,SE1,Energy-Charts day-ahead price API,https://api.energy-charts.info/price?bzn=SE1
SE,40,2018-07-26T16:00:00Z,0.05682,SE1,Energy-Charts day-ahead price API,https://api.energy-charts.info/price?bzn=SE1
SE,41,2018-07-26T17:00:00Z,0.05585,SE1,Energy-Charts day-ahead price API,https://api.energy-charts.info/price?bzn=SE1
SE,42,2018-07-26T18:00:00Z,0.05553,SE1,Energy-Charts day-ahead price API,https://api.energy-charts.info/price?bzn=SE1
SE,43,2018-07-26T19:00:00Z,0.05488,SE1,Energy-Charts day-ahead price API,https://api.energy-charts.info/price?bzn=SE1
SE,44,2018-07-26T20:00:00Z,0.05432,SE1,Energy-Charts day-ahead price API,https://api.energy-charts.info/price?bzn=SE1
SE,45,2018-07-26T21:00:00Z,0.05207,SE1,Energy-Charts day-ahead price API,https://api.energy-charts.info/price?bzn=SE1
SE,46,2018-07-26T22:00:00Z,0.05206,SE1,Energy-Charts day-ahead price API,https://api.energy-charts.info/price?bzn=SE1
SE,47,2018-07-26T23:00:00Z,0.05026,SE1,Energy-Charts day-ahead price API,https://api.energy-charts.info/price?bzn=SE1
