pod_id,algorithm,timestamp,success,execution_time,emissions,node,timeslot,considered_options,solver_iterations,solver_status
m000-duration-1h-deadline-25h,optimal,1742741623.0585825,True,0.0662851333618164,0.12198656509486565,node-1-fr-smartphone,5,192,0,Optimal
m001-duration-3h-deadline-5h,optimal,1742741623.0666637,True,0.006803989410400391,0.16870969528459695,node-5-fr-smartphone,3,32,0,Optimal
m002-duration-6h-deadline-30h,optimal,1742741623.0807834,True,0.013269901275634766,0.4619193905691939,node-1-fr-smartphone,5,232,0,Optimal
m003-duration-1h-deadline-3h,optimal,1742741623.08689,True,0.005252361297607422,0.12998656509486564,node-1-fr-smartphone,1,16,0,Optimal
m004-duration-3h-deadline-5h,optimal,1742741623.095315,True,0.006884574890136719,0.37795969528459694,node-5-fr-smartphone,3,32,0,Optimal
m005-duration-6h-deadline-30h,optimal,1742741623.1125944,True,0.015850067138671875,0.4619193905691939,node-1-fr-smartphone,5,232,0,Optimal
m006-duration-1h-deadline-3h,optimal,1742741623.1224675,True,0.008723020553588867,0.08198656509486565,node-1-fr-smartphone,1,16,0,Optimal
m007-duration-3h-deadline-5h,optimal,1742741623.1306496,True,0.007114887237548828,0.12685969528459695,node-5-fr-smartphone,3,32,0,Optimal
m008-duration-6h-deadline-12h,optimal,1742741623.1409166,True,0.009191513061523438,0.4619193905691939,node-1-fr-smartphone,4,88,0,Optimal
m009-duration-1h-deadline-3h,optimal,1742741623.1476154,True,0.005652189254760742,0.057986565094865654,node-1-fr-smartphone,1,16,0,Optimal
m010-duration-3h-deadline-5h,optimal,1742741623.1606936,True,0.012065649032592773,0.16870969528459695,node-5-fr-smartphone,3,32,0,Optimal
m011-duration-6h-deadline-12h,optimal,1742741623.1758285,True,0.013991355895996094,0.2459193905691939,node-1-fr-smartphone,4,88,0,Optimal
m012-duration-1h-deadline-3h,optimal,1742741623.187268,True,0.010338544845581055,0.057986565094865654,node-1-fr-smartphone,1,16,0,Optimal
m013-duration-3h-deadline-9h,optimal,1742741623.2010686,True,0.012543678283691406,0.12295969528459695,node-1-fr-smartphone,5,64,0,Optimal
m014-duration-6h-deadline-30h,optimal,1742741623.2231553,True,0.02090001106262207,0.7319193905691939,node-1-fr-smartphone,5,232,0,Optimal
m015-duration-1h-deadline-25h,optimal,1742741623.244104,True,0.019685029983520508,0.05448656509486565,node-1-fr-smartphone,5,192,0,Optimal
m016-duration-3h-deadline-27h,optimal,1742741623.267405,True,0.021873950958251953,0.36595969528459693,node-1-fr-smartphone,5,208,0,Optimal
m017-duration-6h-deadline-8h,optimal,1742741623.2846148,True,0.015200376510620117,0.4619193905691939,node-1-fr-smartphone,5,56,0,Optimal
m018-duration-1h-deadline-7h,optimal,1742741623.3014305,True,0.015309333801269531,0.07698656509486565,node-1-fr-smartphone,5,48,0,Optimal
m019-duration-3h-deadline-27h,optimal,1742741635.805011,True,0.13921165466308594,0.16345969528459695,node-5-fr-smartphone,4,203,0,Optimal
m020-duration-6h-deadline-12h,optimal,1742741635.8145332,True,0.008537054061889648,0.3269193905691939,node-5-fr-smartphone,5,78,0,Optimal
m021-duration-1h-deadline-25h,optimal,1742741635.8270428,True,0.01156926155090332,0.05448656509486565,node-1-fr-smartphone,4,187,0,Optimal
m022-duration-3h-deadline-27h,optimal,1742741635.8462696,True,0.015763521194458008,0.16345969528459695,node-5-fr-smartphone,4,201,0,Optimal
m023-duration-6h-deadline-8h,optimal,1742741635.8591464,True,0.010947942733764648,0.4619193905691939,node-5-fr-smartphone,4,49,0,Optimal
m024-duration-1h-deadline-7h,optimal,1742741635.868964,True,0.008866548538208008,0.04098656509486565,node-1-fr-smartphone,4,47,0,Optimal
m025-duration-3h-deadline-5h,optimal,1742741635.8786566,True,0.00859212875366211,0.23845969528459696,node-5-fr-smartphone,3,31,0,Optimal
m026-duration-6h-deadline-12h,optimal,1742741635.8898213,True,0.010058879852294922,0.4619193905691939,node-5-fr-smartphone,5,78,0,Optimal
m027-duration-1h-deadline-3h,optimal,1742741635.9009624,True,0.010120391845703125,0.04358656509486565,node-1-fr-smartphone,1,16,0,Optimal
m028-duration-3h-deadline-5h,optimal,1742741635.9130769,True,0.011088848114013672,0.23845969528459696,node-5-fr-smartphone,3,31,0,Optimal
m029-duration-6h-deadline-30h,optimal,1742741635.93047,True,0.01641058921813965,0.2459193905691939,node-5-fr-smartphone,4,224,0,Optimal
m030-duration-1h-deadline-7h,optimal,1742741653.2544563,True,0.01444244384765625,0.04098656509486565,node-1-fr-smartphone,4,45,0,Optimal
m031-duration-3h-deadline-27h,optimal,1742741653.2802522,True,0.023983001708984375,0.23845969528459696,node-1-fr-smartphone,10,197,0,Optimal
m032-duration-6h-deadline-30h,optimal,1742741653.3010213,True,0.019141674041748047,0.3374193905691939,node-1-fr-smartphone,9,218,0,Optimal
m033-duration-1h-deadline-3h,optimal,1742741653.3119202,True,0.009338140487670898,0.04358656509486565,node-1-fr-smartphone,1,16,0,Optimal
m034-duration-3h-deadline-5h,optimal,1742741653.3238227,True,0.010504007339477539,0.24595969528459694,node-1-fr-smartphone,1,29,0,Optimal
m035-duration-6h-deadline-8h,optimal,1742741653.335864,True,0.01065826416015625,4.695618414120126,node-4-de-iot,2,42,0,Optimal
m036-duration-1h-deadline-25h,optimal,1742741653.3585737,True,0.021165132522583008,0.07698656509486565,node-1-fr-smartphone,4,187,0,Optimal
m037-duration-3h-deadline-9h,optimal,1742741653.3715627,True,0.011983633041381836,0.37795969528459694,node-5-fr-smartphone,6,55,0,Optimal
m038-duration-6h-deadline-30h,optimal,1742741653.3903308,True,0.014716625213623047,0.2537193905691939,node-1-fr-smartphone,9,218,0,Optimal
m039-duration-1h-deadline-25h,optimal,1742741653.4090846,True,0.01771259307861328,0.12198656509486565,node-1-fr-smartphone,4,183,0,Optimal
m040-duration-3h-deadline-5h,optimal,1742741653.4191964,True,0.009069204330444336,0.17395969528459695,node-1-fr-smartphone,1,29,0,Optimal
m041-duration-6h-deadline-8h,optimal,1742741653.4301548,True,0.009757041931152344,0.3374193905691939,node-5-fr-smartphone,6,43,0,Optimal
m042-duration-1h-deadline-25h,optimal,1742741653.4436545,True,0.012622356414794922,0.04098656509486565,node-1-fr-smartphone,4,183,0,Optimal
m043-duration-3h-deadline-27h,optimal,1742741653.456955,True,0.012123346328735352,0.16870969528459695,node-1-fr-smartphone,10,197,0,Optimal
m044-duration-6h-deadline-30h,optimal,1742741653.4721973,True,0.014033794403076172,0.7559193905691939,node-1-fr-smartphone,10,216,0,Optimal
m045-duration-1h-deadline-7h,optimal,1742741653.481657,True,0.008341550827026367,0.07698656509486565,node-1-fr-smartphone,4,45,0,Optimal
m046-duration-3h-deadline-27h,optimal,1742741653.4969144,True,0.013797760009765625,0.23845969528459696,node-1-fr-smartphone,10,195,0,Optimal
m047-duration-6h-deadline-8h,optimal,1742741682.174046,True,0.013453483581542969,0.3374193905691939,node-5-fr-smartphone,6,43,0,Optimal
m048-duration-1h-deadline-7h,optimal,1742741682.1885834,True,0.012442588806152344,0.12598656509486564,node-5-fr-smartphone,3,44,0,Optimal
m049-duration-3h-deadline-5h,optimal,1742741682.199869,True,0.009879112243652344,0.24595969528459694,node-1-fr-smartphone,1,27,0,Optimal
m050-duration-6h-deadline-30h,optimal,1742741682.2176917,True,0.01689314842224121,0.7559193905691939,node-5-fr-smartphone,10,214,0,Optimal
m051-duration-1h-deadline-25h,optimal,1742741682.2350852,True,0.015704631805419922,0.04228656509486565,node-1-fr-smartphone,3,181,0,Optimal
m052-duration-3h-deadline-27h,optimal,1742741682.2502584,True,0.013546466827392578,0.23845969528459696,node-5-fr-smartphone,9,195,0,Optimal
m053-duration-6h-deadline-12h,optimal,1742741682.2623222,True,0.010357856750488281,0.2537193905691939,node-5-fr-smartphone,6,71,0,Optimal
m054-duration-1h-deadline-25h,optimal,1742741682.2806044,True,0.01622915267944336,0.04228656509486565,node-1-fr-smartphone,3,183,0,Optimal
m055-duration-3h-deadline-9h,optimal,1742741682.2921095,True,0.010380983352661133,0.23845969528459696,node-5-fr-smartphone,6,54,0,Optimal
m056-duration-6h-deadline-30h,optimal,1742741682.30859,True,0.01450967788696289,0.3374193905691939,node-5-fr-smartphone,9,215,0,Optimal
m057-duration-1h-deadline-3h,optimal,1742741696.9493032,True,0.01674199104309082,0.04358656509486565,node-1-fr-smartphone,1,16,0,Optimal
m058-duration-3h-deadline-9h,optimal,1742741696.966596,True,0.015615701675415039,0.24595969528459694,node-5-fr-smartphone,7,52,0,Optimal
m059-duration-6h-deadline-30h,optimal,1742741697.0010364,True,0.0326075553894043,0.7559193905691939,node-5-fr-smartphone,10,214,0,Optimal
m060-duration-1h-deadline-3h,optimal,1742741697.0205278,True,0.016974449157714844,0.08198656509486565,node-1-fr-smartphone,1,16,0,Optimal
m061-duration-3h-deadline-5h,optimal,1742741697.032838,True,0.009911298751831055,0.38995969528459695,node-5-fr-smartphone,1,28,0,Optimal
m062-duration-6h-deadline-8h,optimal,1742741697.0422506,True,0.007863283157348633,4.695618414120126,node-4-de-iot,2,42,0,Optimal
m063-duration-1h-deadline-25h,optimal,1742741697.0549529,True,0.011873006820678711,0.07948656509486565,node-1-fr-smartphone,3,184,0,Optimal
m064-duration-3h-deadline-27h,optimal,1742741697.0699344,True,0.013911247253417969,0.12685969528459695,node-5-fr-smartphone,9,195,0,Optimal
m065-duration-6h-deadline-8h,optimal,1742741697.078306,True,0.007337331771850586,0.4769193905691939,node-5-fr-smartphone,6,43,0,Optimal
m066-duration-1h-deadline-3h,optimal,1742741697.0863676,True,0.007133007049560547,0.04358656509486565,node-1-fr-smartphone,1,16,0,Optimal
m067-duration-3h-deadline-27h,optimal,1742741736.4215157,True,0.013853073120117188,0.38995969528459695,node-1-fr-smartphone,14,178,0,Optimal
m068-duration-6h-deadline-12h,optimal,1742741736.4305506,True,0.00789785385131836,1.5285184141201265,node-0-de-iot,2,58,0,Optimal
m069-duration-1h-deadline-25h,optimal,1742741736.4536781,True,0.02117180824279785,0.04228656509486565,node-1-fr-smartphone,3,170,0,Optimal
m070-duration-3h-deadline-5h,optimal,1742741736.462812,True,0.0076639652252197266,0.413959695284597,node-5-fr-smartphone,0,21,0,Optimal
m071-duration-6h-deadline-8h,optimal,1742741736.4764602,True,0.012590646743774414,1.5285184141201265,node-0-de-iot,2,35,0,Optimal
m072-duration-1h-deadline-3h,optimal,1742741736.486019,True,0.008538246154785156,0.08198656509486565,node-5-fr-smartphone,1,15,0,Optimal
m073-duration-3h-deadline-9h,optimal,1742741736.4969647,True,0.009778738021850586,0.13855969528459694,node-5-fr-smartphone,0,41,0,Optimal
m074-duration-6h-deadline-12h,optimal,1742741736.5098884,True,0.011828184127807617,2.9361184141201266,node-0-de-iot,2,58,0,Optimal
m075-duration-1h-deadline-7h,optimal,1742741736.5208962,True,0.009618520736694336,0.08198656509486565,node-1-fr-smartphone,2,37,0,Optimal
m076-duration-3h-deadline-27h,optimal,1742741736.5406322,True,0.018283605575561523,0.38995969528459695,node-1-fr-smartphone,14,178,0,Optimal
m077-duration-6h-deadline-8h,optimal,1742741736.5533373,True,0.01089620590209961,4.695618414120126,node-0-de-iot,2,35,0,Optimal
m078-duration-1h-deadline-7h,optimal,1742741736.563166,True,0.008719921112060547,0.07948656509486565,node-1-fr-smartphone,3,38,0,Optimal
m079-duration-3h-deadline-9h,optimal,1742741796.7140272,True,0.02907705307006836,0.13855969528459694,node-5-fr-smartphone,0,33,0,Optimal
m080-duration-6h-deadline-12h,optimal,1742741796.7266002,True,0.011324167251586914,5.547618414120127,node-4-de-iot,8,50,0,Optimal
m081-duration-1h-deadline-7h,optimal,1742741796.737394,True,0.009658575057983398,0.12598656509486564,node-1-fr-smartphone,3,34,0,Optimal
m082-duration-3h-deadline-9h,optimal,1742741796.7495513,True,0.01132512092590332,0.13855969528459694,node-5-fr-smartphone,0,41,0,Optimal
m083-duration-6h-deadline-8h,optimal,1742741796.7606943,True,0.009915351867675781,5.293701524096985,node-6-es-laptop,1,28,0,Optimal
m084-duration-1h-deadline-3h,optimal,1742741796.7713227,True,0.009511947631835938,0.057986565094865654,node-5-fr-smartphone,1,15,0,Optimal
m085-duration-3h-deadline-5h,optimal,1742741796.7800503,True,0.007554054260253906,0.413959695284597,node-5-fr-smartphone,0,17,0,Optimal
m086-duration-6h-deadline-30h,optimal,1742741796.7938812,True,0.013033151626586914,0.7799193905691939,node-5-fr-smartphone,14,189,0,Optimal
m087-duration-1h-deadline-25h,optimal,1742741796.8192997,True,0.021985769271850586,0.08198656509486565,node-1-fr-smartphone,11,162,0,Optimal
m088-duration-3h-deadline-5h,optimal,1742741796.8292844,True,0.008947134017944336,0.413959695284597,node-5-fr-smartphone,0,17,0,Optimal
m089-duration-6h-deadline-12h,optimal,1742741796.8480625,True,0.016704559326171875,5.547618414120127,node-4-de-iot,8,50,0,Optimal
m090-duration-1h-deadline-25h,optimal,1742741796.8629348,True,0.013883113861083984,0.12598656509486564,node-1-fr-smartphone,3,162,0,Optimal
m091-duration-3h-deadline-9h,optimal,1742741796.8735807,True,0.009345531463623047,0.413959695284597,node-5-fr-smartphone,0,33,0,Optimal
m092-duration-6h-deadline-8h,optimal,1742741839.6769776,True,0.010277271270751953,2.0563684141201266,node-0-de-iot,2,35,0,Optimal
m093-duration-1h-deadline-7h,optimal,1742741839.7045164,True,0.023444652557373047,0.057986565094865654,node-1-fr-smartphone,2,30,0,Optimal
m094-duration-3h-deadline-27h,optimal,1742741839.725475,True,0.01915287971496582,0.13075969528459694,node-5-fr-smartphone,14,162,0,Optimal
m095-duration-6h-deadline-12h,optimal,1742741839.7352831,True,0.008641958236694336,2.0563684141201266,node-0-de-iot,2,55,0,Optimal
m096-duration-1h-deadline-7h,optimal,1742741839.7504768,True,0.013821125030517578,0.12998656509486564,node-1-fr-smartphone,2,30,0,Optimal
m097-duration-3h-deadline-27h,optimal,1742741839.7654834,True,0.013665199279785156,0.40195969528459696,node-5-fr-smartphone,15,156,0,Optimal
m098-duration-6h-deadline-8h,optimal,1742741839.7758663,True,0.009032249450683594,7.834701524096985,node-6-es-laptop,1,28,0,Optimal
m099-duration-1h-deadline-3h,optimal,1742741839.7864425,True,0.009223699569702148,0.06148656509486566,node-1-fr-smartphone,0,13,0,Optimal
m100-duration-3h-deadline-5h,optimal,1742741839.797326,True,0.008397817611694336,1.0281842070600633,node-0-de-iot,2,20,0,Optimal
m101-duration-6h-deadline-30h,optimal,1742741839.814227,True,0.015669822692871094,0.2615193905691939,node-1-fr-smartphone,14,195,0,Optimal
m102-duration-1h-deadline-25h,optimal,1742741839.8275266,True,0.012443304061889648,0.12998656509486564,node-1-fr-smartphone,2,150,0,Optimal
m103-duration-3h-deadline-9h,optimal,1742741839.8361733,True,0.007869958877563477,5.505475762048492,node-6-es-laptop,1,32,0,Optimal
m104-duration-6h-deadline-30h,optimal,1742741839.8548563,True,0.017837047576904297,0.8039193905691939,node-5-fr-smartphone,15,180,0,Optimal
m105-duration-1h-deadline-7h,optimal,1742741839.8655632,True,0.009464740753173828,0.08198656509486565,node-1-fr-smartphone,2,30,0,Optimal
m106-duration-3h-deadline-5h,optimal,1742741839.8730376,True,0.0066068172454833984,3.9173507620484926,node-2-es-laptop,1,16,0,Optimal
m107-duration-6h-deadline-12h,optimal,1742741884.0535986,True,0.025177478790283203,2.4291184141201265,node-0-de-iot,8,47,0,Optimal
m108-duration-1h-deadline-25h,optimal,1742741884.0877101,True,0.030786514282226562,0.13398656509486565,node-1-fr-smartphone,13,146,0,Optimal
m109-duration-3h-deadline-5h,optimal,1742741884.1230955,True,0.02381443977355957,2.6468507620484925,node-2-es-laptop,1,16,0,Optimal
m110-duration-6h-deadline-8h,optimal,1742741884.1510396,True,0.024416685104370117,11.010951524096985,node-6-es-laptop,1,28,0,Optimal
m111-duration-1h-deadline-25h,optimal,1742741884.1696072,True,0.015900373458862305,0.057986565094865654,node-5-fr-smartphone,14,150,0,Optimal
m112-duration-3h-deadline-27h,optimal,1742741884.1933138,True,0.02187800407409668,0.13075969528459694,node-1-fr-smartphone,14,160,0,Optimal
m113-duration-6h-deadline-8h,optimal,1742741884.209561,True,0.014776229858398438,11.010951524096985,node-6-es-laptop,1,28,0,Optimal
m114-duration-1h-deadline-7h,optimal,1742741884.2422335,True,0.02728724479675293,0.08698656509486566,node-1-fr-smartphone,0,29,0,Optimal
m115-duration-3h-deadline-5h,optimal,1742741884.2680364,True,0.022591114044189453,3.9173507620484926,node-2-es-laptop,1,16,0,Optimal
m116-duration-6h-deadline-12h,optimal,1742741884.2936916,True,0.022124767303466797,5.547618414120127,node-0-de-iot,8,47,0,Optimal
m117-duration-1h-deadline-3h,optimal,1742741884.3107853,True,0.014741182327270508,0.13798656509486565,node-1-fr-smartphone,0,13,0,Optimal
m118-duration-3h-deadline-9h,optimal,1742741884.3378546,True,0.026214122772216797,3.9173507620484926,node-6-es-laptop,1,32,0,Optimal
m119-duration-6h-deadline-8h,optimal,1742741884.3586755,True,0.01685190200805664,5.293701524096985,node-6-es-laptop,1,28,0,Optimal
m120-duration-1h-deadline-7h,optimal,1742741884.387004,True,0.02626776695251465,0.08698656509486566,node-1-fr-smartphone,0,29,0,Optimal
m121-duration-3h-deadline-27h,optimal,1742741884.4291646,True,0.04122424125671387,0.413959695284597,node-5-fr-smartphone,17,153,0,Optimal
m122-duration-6h-deadline-30h,optimal,1742741884.4700572,True,0.03995943069458008,0.3479193905691939,node-1-fr-smartphone,14,183,0,Optimal
m123-duration-1h-deadline-3h,optimal,1742741884.488486,True,0.01748347282409668,0.08698656509486566,node-1-fr-smartphone,0,13,0,Optimal
m124-duration-3h-deadline-5h,optimal,1742741931.725866,True,0.037485361099243164,5.505475762048492,node-2-es-laptop,1,16,0,Optimal
m125-duration-6h-deadline-8h,optimal,1742741931.7421753,True,0.013926506042480469,5.293701524096985,node-6-es-laptop,1,28,0,Optimal
m126-duration-1h-deadline-7h,optimal,1742741931.7531505,True,0.008582353591918945,0.04618656509486565,node-1-fr-smartphone,0,29,0,Optimal
m127-duration-3h-deadline-5h,optimal,1742741931.7598956,True,0.005961894989013672,3.9173507620484926,node-2-es-laptop,1,16,0,Optimal
m128-duration-6h-deadline-12h,optimal,1742741931.7781117,True,0.017268896102905273,3.4686184141201264,node-0-de-iot,8,47,0,Optimal
m129-duration-1h-deadline-7h,optimal,1742741931.7923527,True,0.012208700180053711,0.06148656509486566,node-1-fr-smartphone,0,29,0,Optimal
m130-duration-3h-deadline-27h,optimal,1742741931.8142967,True,0.019034385681152344,0.17395969528459695,node-1-fr-smartphone,11,155,0,Optimal
m131-duration-6h-deadline-8h,optimal,1742741931.8240664,True,0.008461952209472656,6.246576524096985,node-6-es-laptop,1,28,0,Optimal
m132-duration-1h-deadline-25h,optimal,1742741931.8403625,True,0.014718055725097656,0.057986565094865654,node-5-fr-smartphone,14,148,0,Optimal
m133-duration-3h-deadline-5h,optimal,1742741931.8523886,True,0.010600090026855469,3.1232882620484923,node-2-es-laptop,1,16,0,Optimal
m134-duration-6h-deadline-30h,optimal,1742741931.866624,True,0.013144969940185547,0.2615193905691939,node-1-fr-smartphone,14,181,0,Optimal
m135-duration-1h-deadline-25h,optimal,1742741931.8779237,True,0.010377168655395508,0.057986565094865654,node-1-fr-smartphone,8,150,0,Optimal
m136-duration-3h-deadline-27h,optimal,1742741931.894746,True,0.015787363052368164,0.413959695284597,node-1-fr-smartphone,17,146,0,Optimal
m137-duration-6h-deadline-8h,optimal,1742741980.7698665,True,0.015020132064819336,7.834701524096985,node-6-es-laptop,1,28,0,Optimal
m138-duration-1h-deadline-25h,optimal,1742741980.7844198,True,0.013565301895141602,0.04488656509486565,node-1-fr-smartphone,12,146,0,Optimal
m139-duration-3h-deadline-9h,optimal,1742741980.7952414,True,0.00904226303100586,3.9173507620484926,node-6-es-laptop,1,32,0,Optimal
m140-duration-6h-deadline-30h,optimal,1742741980.817995,True,0.020038127899169922,0.827919390569194,node-1-fr-smartphone,17,170,0,Optimal
m141-duration-1h-deadline-25h,optimal,1742741980.8354867,True,0.016141891479492188,0.059736565094865655,node-1-fr-smartphone,12,146,0,Optimal
m142-duration-3h-deadline-27h,optimal,1742741980.8550017,True,0.01828145980834961,0.17395969528459695,node-1-fr-smartphone,11,154,0,Optimal
m143-duration-6h-deadline-12h,optimal,1742741980.8795135,True,0.023593425750732422,1.8054184141201264,node-0-de-iot,8,47,0,Optimal
m144-duration-1h-deadline-3h,optimal,1742741980.8939946,True,0.012396097183227539,0.3471030690200211,node-0-de-iot,1,12,0,Optimal
m145-duration-3h-deadline-27h,optimal,1742741980.9146903,True,0.01963067054748535,0.13075969528459694,node-1-fr-smartphone,11,155,0,Optimal
m146-duration-6h-deadline-12h,optimal,1742741980.9229689,True,0.007370471954345703,7.834701524096985,node-6-es-laptop,1,44,0,Optimal
m147-duration-1h-deadline-7h,optimal,1742741980.9297667,True,0.005995035171508789,0.7926030690200211,node-4-de-iot,1,28,0,Optimal
m148-duration-3h-deadline-27h,optimal,1742741980.9404202,True,0.009812116622924805,0.24595969528459694,node-1-fr-smartphone,11,147,0,Optimal
m149-duration-6h-deadline-12h,optimal,1742741980.9476633,True,0.0064580440521240234,2.4291184141201265,node-0-de-iot,8,47,0,Optimal
m150-duration-1h-deadline-25h,optimal,1742741980.9595249,True,0.01082921028137207,0.04358656509486565,node-5-fr-smartphone,14,147,0,Optimal
m151-duration-3h-deadline-27h,optimal,1742741980.9708173,True,0.010294914245605469,0.13465969528459693,node-5-fr-smartphone,12,154,0,Optimal
m152-duration-6h-deadline-30h,optimal,1742742032.0944307,True,0.016107559204101562,0.827919390569194,node-1-fr-smartphone,17,170,0,Optimal
m153-duration-1h-deadline-3h,optimal,1742742032.1018562,True,0.006342887878417969,0.3471030690200211,node-0-de-iot,1,12,0,Optimal
m154-duration-3h-deadline-5h,optimal,1742742032.1089096,True,0.006155967712402344,3.1232882620484923,node-2-es-laptop,1,16,0,Optimal
m155-duration-6h-deadline-8h,optimal,1742742032.1228068,True,0.012984752655029297,7.834701524096985,node-6-es-laptop,1,28,0,Optimal
m156-duration-1h-deadline-25h,optimal,1742742032.1475444,True,0.02044081687927246,0.08198656509486565,node-1-fr-smartphone,8,139,0,Optimal
m157-duration-3h-deadline-9h,optimal,1742742032.1628382,True,0.013710498809814453,5.505475762048492,node-6-es-laptop,1,32,0,Optimal
m158-duration-6h-deadline-12h,optimal,1742742032.1752965,True,0.009011268615722656,7.834701524096985,node-6-es-laptop,1,44,0,Optimal
m159-duration-1h-deadline-3h,optimal,1742742032.185912,True,0.008942604064941406,0.258003069020021,node-0-de-iot,1,12,0,Optimal
m160-duration-3h-deadline-9h,optimal,1742742032.198529,True,0.011613607406616211,5.505475762048492,node-6-es-laptop,1,32,0,Optimal
m161-duration-6h-deadline-30h,optimal,1742742032.214251,True,0.01443171501159668,0.5219193905691939,node-1-fr-smartphone,17,170,0,Optimal
m162-duration-1h-deadline-25h,optimal,1742742032.2307153,True,0.014530181884765625,0.04488656509486565,node-1-fr-smartphone,15,139,0,Optimal
m163-duration-3h-deadline-9h,optimal,1742742032.2402973,True,0.008642911911010742,3.9173507620484926,node-6-es-laptop,1,32,0,Optimal
m164-duration-6h-deadline-30h,optimal,1742742077.757028,True,0.014566183090209961,0.5669193905691939,node-5-fr-smartphone,19,162,0,Optimal
m165-duration-1h-deadline-25h,optimal,1742742077.7698355,True,0.01181936264038086,0.059736565094865655,node-1-fr-smartphone,13,131,0,Optimal
m166-duration-3h-deadline-5h,optimal,1742742077.7812657,True,0.009439229965209961,2.6468507620484925,node-2-es-laptop,1,12,0,Optimal
m167-duration-6h-deadline-12h,optimal,1742742077.7932866,True,0.011091470718383789,5.293701524096985,node-2-es-laptop,1,40,0,Optimal
m168-duration-1h-deadline-25h,optimal,1742742077.8047888,True,0.01002812385559082,0.08448656509486566,node-1-fr-smartphone,13,131,0,Optimal
m169-duration-3h-deadline-9h,optimal,1742742077.8124468,True,0.006791114807128906,2.6468507620484925,node-2-es-laptop,1,28,0,Optimal
m170-duration-6h-deadline-30h,optimal,1742742077.8250327,True,0.011395454406738281,0.30051939056919386,node-5-fr-smartphone,19,162,0,Optimal
m171-duration-1h-deadline-7h,optimal,1742742077.8341515,True,0.008205175399780273,0.3471030690200211,node-4-de-iot,1,24,0,Optimal
m172-duration-3h-deadline-27h,optimal,1742742077.8531482,True,0.01720595359802246,0.20020969528459695,node-5-fr-smartphone,19,138,0,Optimal
m173-duration-6h-deadline-8h,optimal,1742742077.860553,True,0.006642341613769531,11.010951524096985,node-2-es-laptop,1,24,0,Optimal
m174-duration-1h-deadline-25h,optimal,1742742077.8702755,True,0.008880853652954102,0.08448656509486566,node-1-fr-smartphone,13,131,0,Optimal
m175-duration-3h-deadline-5h,optimal,1742742077.8762658,True,0.00522923469543457,3.9173507620484926,node-2-es-laptop,1,12,0,Optimal
m176-duration-6h-deadline-12h,optimal,1742742077.883517,True,0.006472110748291016,5.293701524096985,node-2-es-laptop,1,40,0,Optimal
m177-duration-1h-deadline-3h,optimal,1742742077.889914,True,0.0056095123291015625,0.258003069020021,node-4-de-iot,1,10,0,Optimal
m178-duration-3h-deadline-9h,optimal,1742742077.896665,True,0.005949735641479492,3.9173507620484926,node-2-es-laptop,1,28,0,Optimal
m179-duration-6h-deadline-12h,optimal,1742742077.903973,True,0.006507396697998047,11.010951524096985,node-2-es-laptop,1,40,0,Optimal
m180-duration-1h-deadline-7h,optimal,1742742077.912802,True,0.007927656173706055,0.7926030690200211,node-4-de-iot,1,24,0,Optimal
m181-duration-3h-deadline-27h,optimal,1742742125.8350224,True,0.015217781066894531,0.15025969528459693,node-5-fr-smartphone,19,138,0,Optimal
m182-duration-6h-deadline-8h,optimal,1742742125.8440619,True,0.008082151412963867,7.834701524096985,node-2-es-laptop,1,24,0,Optimal
m183-duration-1h-deadline-7h,optimal,1742742125.856665,True,0.01045989990234375,0.35935306902002107,node-4-de-iot,0,23,0,Optimal
m184-duration-3h-deadline-9h,optimal,1742742125.882176,True,0.022350549697875977,5.505475762048492,node-2-es-laptop,1,28,0,Optimal
m185-duration-6h-deadline-12h,optimal,1742742125.9043653,True,0.01932549476623535,5.293701524096985,node-2-es-laptop,1,40,0,Optimal
m186-duration-1h-deadline-7h,optimal,1742742125.9179602,True,0.012808084487915039,0.513103069020021,node-4-de-iot,0,23,0,Optimal
m187-duration-3h-deadline-27h,optimal,1742742125.9414756,True,0.021595001220703125,0.46195969528459696,node-5-fr-smartphone,20,136,0,Optimal
m188-duration-6h-deadline-12h,optimal,1742742125.9556909,True,0.013274431228637695,5.293701524096985,node-2-es-laptop,1,40,0,Optimal
m189-duration-1h-deadline-7h,optimal,1742742125.9684665,True,0.009293556213378906,0.513103069020021,node-4-de-iot,0,23,0,Optimal
m190-duration-3h-deadline-5h,optimal,1742742125.9803622,True,0.010970592498779297,2.6468507620484925,node-2-es-laptop,1,12,0,Optimal
m191-duration-6h-deadline-12h,optimal,1742742125.9898522,True,0.008583307266235352,5.293701524096985,node-2-es-laptop,1,40,0,Optimal
m192-duration-1h-deadline-7h,optimal,1742742125.9967387,True,0.005700349807739258,0.26710306902002107,node-4-de-iot,0,23,0,Optimal
m193-duration-3h-deadline-9h,optimal,1742742126.006324,True,0.007779836654663086,3.1232882620484923,node-2-es-laptop,1,28,0,Optimal
m194-duration-6h-deadline-12h,optimal,1742742126.015227,True,0.00772404670715332,11.010951524096985,node-2-es-laptop,1,40,0,Optimal
m195-duration-1h-deadline-25h,optimal,1742742126.028085,True,0.010799884796142578,0.08448656509486566,node-5-fr-smartphone,13,128,0,Optimal
m196-duration-3h-deadline-5h,optimal,1742742126.0374541,True,0.007991790771484375,5.505475762048492,node-2-es-laptop,1,12,0,Optimal
m197-duration-6h-deadline-30h,optimal,1742742126.0537572,True,0.01296854019165039,0.581919390569194,node-5-fr-smartphone,20,160,0,Optimal
m198-duration-1h-deadline-3h,optimal,1742742174.6167204,True,0.008849143981933594,0.513103069020021,node-0-de-iot,0,7,0,Optimal
m199-duration-3h-deadline-27h,optimal,1742742174.633232,True,0.014992952346801758,0.15415969528459694,node-1-fr-smartphone,20,129,0,Optimal
m200-duration-6h-deadline-30h,optimal,1742742174.6498134,True,0.015276193618774414,0.581919390569194,node-1-fr-smartphone,20,155,0,Optimal
m201-duration-1h-deadline-3h,optimal,1742742174.6608942,True,0.009824514389038086,0.35935306902002107,node-0-de-iot,0,7,0,Optimal
m202-duration-3h-deadline-9h,optimal,1742742174.6727927,True,0.010695457458496094,5.7192257620484925,node-6-es-laptop,4,24,0,Optimal
m203-duration-6h-deadline-12h,optimal,1742742174.6838486,True,0.009788036346435547,11.438451524096985,node-6-es-laptop,4,36,0,Optimal
m204-duration-1h-deadline-25h,optimal,1742742174.6983485,True,0.013415336608886719,0.04358656509486565,node-1-fr-smartphone,8,124,0,Optimal
m205-duration-3h-deadline-27h,optimal,1742742174.7110534,True,0.011584997177124023,0.290959695284597,node-1-fr-smartphone,20,129,0,Optimal
m206-duration-6h-deadline-30h,optimal,1742742174.7280166,True,0.015793800354003906,0.581919390569194,node-1-fr-smartphone,20,153,0,Optimal
m207-duration-1h-deadline-25h,optimal,1742742174.7410057,True,0.011682271957397461,0.059736565094865655,node-5-fr-smartphone,12,120,0,Optimal
m208-duration-3h-deadline-27h,optimal,1742742174.753797,True,0.011753082275390625,0.46195969528459696,node-1-fr-smartphone,20,131,0,Optimal
m209-duration-6h-deadline-8h,optimal,1742742174.7622883,True,0.0074558258056640625,5.498451524096985,node-6-es-laptop,4,20,0,Optimal
m210-duration-1h-deadline-7h,optimal,1742742174.769859,True,0.006334066390991211,0.35935306902002107,node-0-de-iot,0,19,0,Optimal
m211-duration-3h-deadline-9h,optimal,1742742222.40981,True,0.006468772888183594,2.7492257620484923,node-6-es-laptop,4,24,0,Optimal
m212-duration-6h-deadline-30h,optimal,1742742222.421031,True,0.01021575927734375,0.4214193905691939,node-5-fr-smartphone,23,152,0,Optimal
m213-duration-1h-deadline-3h,optimal,1742742222.4286606,True,0.006518363952636719,0.513103069020021,node-0-de-iot,0,7,0,Optimal
m214-duration-3h-deadline-9h,optimal,1742742222.439081,True,0.007727861404418945,3.2442257620484924,node-6-es-laptop,4,24,0,Optimal
m215-duration-6h-deadline-12h,optimal,1742742222.4507372,True,0.010375261306762695,5.498451524096985,node-6-es-laptop,4,36,0,Optimal
m216-duration-1h-deadline-7h,optimal,1742742222.4591892,True,0.007236003875732422,1.3226585873494976,node-6-es-laptop,0,18,0,Optimal
m217-duration-3h-deadline-9h,optimal,1742742222.4720886,True,0.010982275009155273,2.7492257620484923,node-6-es-laptop,4,24,0,Optimal
m218-duration-6h-deadline-8h,optimal,1742742222.4852412,True,0.011947154998779297,5.498451524096985,node-6-es-laptop,4,20,0,Optimal
m219-duration-1h-deadline-3h,optimal,1742742222.4982314,True,0.011551618576049805,0.26710306902002107,node-0-de-iot,0,7,0,Optimal
m220-duration-3h-deadline-9h,optimal,1742742222.5057707,True,0.006564617156982422,2.7492257620484923,node-6-es-laptop,4,24,0,Optimal
m221-duration-6h-deadline-12h,optimal,1742742222.5140364,True,0.007149696350097656,6.488451524096985,node-6-es-laptop,4,36,0,Optimal
m222-duration-1h-deadline-25h,optimal,1742742222.5293005,True,0.014154911041259766,0.06323656509486565,node-5-fr-smartphone,16,115,0,Optimal
m223-duration-3h-deadline-5h,optimal,1742742222.543215,True,0.012432336807250977,107.46202875561926,node-3-it-no-server,2,8,0,Optimal
m224-duration-6h-deadline-30h,optimal,1742742222.563315,True,0.018117427825927734,0.31611939056919386,node-5-fr-smartphone,23,152,0,Optimal
m225-duration-1h-deadline-25h,optimal,1742742222.5752106,True,0.010619878768920898,0.08448656509486566,node-5-fr-smartphone,13,120,0,Optimal
m226-duration-3h-deadline-5h,optimal,1742742222.582237,True,0.0061109066009521484,104.85952875561927,node-3-it-no-server,2,8,0,Optimal
m227-duration-6h-deadline-8h,optimal,1742742222.595101,True,0.012011051177978516,11.438451524096985,node-2-es-laptop,4,17,0,Optimal
m228-duration-1h-deadline-7h,optimal,1742742222.6093519,True,0.01149892807006836,0.8936585873494974,node-6-es-laptop,0,18,0,Optimal
m229-duration-3h-deadline-27h,optimal,1742742273.13106,True,0.01259756088256836,0.21070969528459696,node-5-fr-smartphone,23,125,0,Optimal
m230-duration-6h-deadline-30h,optimal,1742742273.1499352,True,0.017418622970581055,0.4214193905691939,node-5-fr-smartphone,23,149,0,Optimal
m231-duration-1h-deadline-25h,optimal,1742742273.1646972,True,0.013386011123657227,0.059736565094865655,node-5-fr-smartphone,13,116,0,Optimal
m232-duration-3h-deadline-9h,optimal,1742742273.174674,True,0.009091377258300781,2.7492257620484923,node-2-es-laptop,4,21,0,Optimal
m233-duration-6h-deadline-8h,optimal,1742742273.1882951,True,0.011874675750732422,6.488451524096985,node-2-es-laptop,4,17,0,Optimal
m234-duration-1h-deadline-3h,optimal,1742742273.2005706,True,0.010699272155761719,1.3226585873494976,node-2-es-laptop,0,6,0,Optimal
m235-duration-3h-deadline-5h,optimal,1742742273.2134213,True,0.011199712753295898,107.46202875561926,node-3-it-no-server,2,8,0,Optimal
m236-duration-6h-deadline-30h,optimal,1742742273.2369497,True,0.021918058395385742,0.31611939056919386,node-5-fr-smartphone,23,149,0,Optimal
m237-duration-1h-deadline-3h,optimal,1742742273.2497659,True,0.011163711547851562,1.0545335873494974,node-2-es-laptop,0,6,0,Optimal
m238-duration-3h-deadline-9h,optimal,1742742273.2635794,True,0.012355327606201172,3.2442257620484924,node-2-es-laptop,4,21,0,Optimal
m239-duration-6h-deadline-8h,optimal,1742742319.3306417,True,0.01275324821472168,8.138451524096986,node-2-es-laptop,4,17,0,Optimal
m240-duration-1h-deadline-3h,optimal,1742742319.3403647,True,0.008408784866333008,1.3226585873494976,node-2-es-laptop,0,6,0,Optimal
m241-duration-3h-deadline-27h,optimal,1742742319.3635361,True,0.02096414566040039,0.47395969528459697,node-5-fr-smartphone,23,125,0,Optimal
m242-duration-6h-deadline-8h,optimal,1742742319.3767374,True,0.01170802116394043,8.138451524096986,node-2-es-laptop,4,17,0,Optimal
m243-duration-1h-deadline-7h,optimal,1742742319.395524,True,0.015897512435913086,1.8589085873494975,node-2-es-laptop,0,16,0,Optimal
m244-duration-3h-deadline-9h,optimal,1742742319.4097729,True,0.011118412017822266,2.7492257620484923,node-2-es-laptop,4,21,0,Optimal
m245-duration-6h-deadline-12h,optimal,1742742319.4239607,True,0.009752750396728516,8.138451524096986,node-2-es-laptop,4,33,0,Optimal
m246-duration-1h-deadline-3h,optimal,1742742319.432676,True,0.007795095443725586,0.8936585873494974,node-2-es-laptop,0,6,0,Optimal
m247-duration-3h-deadline-5h,optimal,1742742319.439845,True,0.0057866573333740234,104.85952875561927,node-3-it-no-server,2,8,0,Optimal
m248-duration-6h-deadline-8h,optimal,1742742319.4479666,True,0.006993532180786133,11.438451524096985,node-2-es-laptop,4,17,0,Optimal
m249-duration-1h-deadline-3h,optimal,1742742319.4546397,True,0.005828380584716797,1.0545335873494974,node-2-es-laptop,0,6,0,Optimal
m250-duration-3h-deadline-27h,optimal,1742742319.4707687,True,0.014900922775268555,0.47395969528459697,node-5-fr-smartphone,23,125,0,Optimal
m251-duration-6h-deadline-12h,optimal,1742742319.4792802,True,0.00747227668762207,8.138451524096986,node-2-es-laptop,4,33,0,Optimal
m252-duration-1h-deadline-25h,optimal,1742742364.7644415,True,0.018704652786254883,0.04488656509486565,node-5-fr-smartphone,13,112,0,Optimal
m253-duration-3h-deadline-27h,optimal,1742742364.7823737,True,0.01629924774169922,0.15805969528459693,node-1-fr-smartphone,23,118,0,Optimal
m254-duration-6h-deadline-8h,optimal,1742742364.7949204,True,0.01021885871887207,221.43030751123854,node-3-it-no-server,2,14,0,Optimal
m255-duration-1h-deadline-25h,optimal,1742742364.8125799,True,0.015753507614135742,0.08448656509486566,node-5-fr-smartphone,12,111,0,Optimal
m256-duration-3h-deadline-5h,optimal,1742742364.8229566,True,0.008791446685791016,110.71515375561927,node-3-it-no-server,2,8,0,Optimal
m257-duration-6h-deadline-8h,optimal,1742742364.832986,True,0.00849151611328125,214.92405751123852,node-3-it-no-server,2,14,0,Optimal
m258-duration-1h-deadline-7h,optimal,1742742364.8430405,True,0.00849151611328125,1.8589085873494975,node-2-es-laptop,0,14,0,Optimal
m259-duration-3h-deadline-5h,optimal,1742742364.8523474,True,0.007791280746459961,104.85952875561927,node-3-it-no-server,2,8,0,Optimal
m260-duration-6h-deadline-30h,optimal,1742742364.8683207,True,0.014675378799438477,0.5969193905691939,node-1-fr-smartphone,23,142,0,Optimal
m261-duration-1h-deadline-3h,optimal,1742742364.8809226,True,0.010992765426635742,1.0545335873494974,node-2-es-laptop,0,6,0,Optimal
m262-duration-3h-deadline-27h,optimal,1742742364.9035683,True,0.020527362823486328,0.2984596952845969,node-1-fr-smartphone,23,118,0,Optimal
m263-duration-6h-deadline-8h,optimal,1742742364.914281,True,0.008940935134887695,214.92405751123852,node-3-it-no-server,2,14,0,Optimal
m264-duration-1h-deadline-7h,optimal,1742742364.9284945,True,0.01276540756225586,1.3226585873494976,node-2-es-laptop,0,14,0,Optimal
m265-duration-3h-deadline-5h,optimal,1742742364.9432528,True,0.013033390045166016,107.46202875561926,node-3-it-no-server,2,8,0,Optimal
m266-duration-6h-deadline-30h,optimal,1742742410.6407945,True,0.013007402420043945,0.5969193905691939,node-1-fr-smartphone,23,142,0,Optimal
m267-duration-1h-deadline-3h,optimal,1742742410.6556044,True,0.013808250427246094,1.0545335873494974,node-2-es-laptop,0,6,0,Optimal
m268-duration-3h-deadline-27h,optimal,1742742410.670506,True,0.013587236404418945,0.15805969528459693,node-1-fr-smartphone,23,118,0,Optimal
m269-duration-6h-deadline-30h,optimal,1742742410.6933448,True,0.021075010299682617,0.31611939056919386,node-1-fr-smartphone,23,142,0,Optimal
m270-duration-1h-deadline-3h,optimal,1742742410.7027225,True,0.00810098648071289,0.8936585873494974,node-2-es-laptop,0,6,0,Optimal
m271-duration-3h-deadline-27h,optimal,1742742410.7174976,True,0.013768911361694336,0.47395969528459697,node-1-fr-smartphone,23,117,0,Optimal
m272-duration-6h-deadline-8h,optimal,1742742410.7263033,True,0.00781393051147461,211.67093251123853,node-3-it-no-server,2,14,0,Optimal
m273-duration-1h-deadline-25h,optimal,1742742410.7425454,True,0.015285730361938477,0.14198656509486565,node-1-fr-smartphone,16,109,0,Optimal
m274-duration-3h-deadline-27h,optimal,1742742410.761478,True,0.017635822296142578,0.47395969528459697,node-1-fr-smartphone,23,117,0,Optimal
m275-duration-6h-deadline-12h,optimal,1742742410.7731497,True,0.010327816009521484,17.138451524096986,node-6-es-laptop,7,30,0,Optimal
m276-duration-1h-deadline-3h,optimal,1742742410.7829008,True,0.00829768180847168,0.8936585873494974,node-2-es-laptop,0,6,0,Optimal
m277-duration-3h-deadline-5h,optimal,1742742410.7917464,True,0.0072803497314453125,104.85952875561927,node-3-it-no-server,2,8,0,Optimal
m278-duration-6h-deadline-12h,optimal,1742742410.8008416,True,0.007957935333251953,8.228451524096984,node-6-es-laptop,7,30,0,Optimal
m279-duration-1h-deadline-25h,optimal,1742742410.8130615,True,0.01094818115234375,0.059736565094865655,node-5-fr-smartphone,13,112,0,Optimal
m280-duration-3h-deadline-9h,optimal,1742742410.821509,True,0.007349729537963867,8.569225762048493,node-6-es-laptop,7,18,0,Optimal
m281-duration-6h-deadline-12h,optimal,1742742410.8320389,True,0.00928497314453125,8.228451524096984,node-6-es-laptop,7,30,0,Optimal
m282-duration-1h-deadline-7h,optimal,1742742458.7393198,True,0.017421483993530273,0.8936585873494974,node-2-es-laptop,0,14,0,Optimal
m283-duration-3h-deadline-9h,optimal,1742742458.7546196,True,0.013131856918334961,8.569225762048493,node-6-es-laptop,7,18,0,Optimal
m284-duration-6h-deadline-12h,optimal,1742742458.7676342,True,0.011368274688720703,9.713451524096985,node-6-es-laptop,7,30,0,Optimal
m285-duration-1h-deadline-7h,optimal,1742742458.7783232,True,0.008837461471557617,1.8589085873494975,node-2-es-laptop,0,14,0,Optimal
m286-duration-3h-deadline-27h,optimal,1742742458.7975156,True,0.016470909118652344,1.2018092070600632,node-4-de-iot,25,114,0,Optimal
m287-duration-6h-deadline-30h,optimal,1742742458.8202524,True,0.021166086196899414,1.0536184141201266,node-0-de-iot,28,139,0,Optimal
m288-duration-1h-deadline-3h,optimal,1742742458.8331554,True,0.011033773422241211,0.8936585873494974,node-2-es-laptop,0,6,0,Optimal
m289-duration-3h-deadline-9h,optimal,1742742458.8459232,True,0.011368513107299805,4.856725762048493,node-6-es-laptop,7,18,0,Optimal
m290-duration-6h-deadline-8h,optimal,1742742458.8581088,True,0.010948896408081055,209.71905751123853,node-3-it-no-server,2,14,0,Optimal
m291-duration-1h-deadline-25h,optimal,1742742502.055911,True,0.01962447166442871,0.15398656509486564,node-5-fr-smartphone,18,107,0,Optimal
m292-duration-3h-deadline-27h,optimal,1742742502.0786452,True,0.020351886749267578,0.7518092070600633,node-4-de-iot,25,115,0,Optimal
m293-duration-6h-deadline-8h,optimal,1742742502.0926557,True,0.012421846389770508,221.43030751123854,node-3-it-no-server,2,14,0,Optimal
m294-duration-1h-deadline-7h,optimal,1742742502.1106315,True,0.016192197799682617,1.3226585873494976,node-2-es-laptop,0,14,0,Optimal
m295-duration-3h-deadline-9h,optimal,1742742502.125877,True,0.013490915298461914,8.569225762048493,node-6-es-laptop,7,18,0,Optimal
m296-duration-6h-deadline-12h,optimal,1742742502.1371002,True,0.009974956512451172,9.713451524096985,node-6-es-laptop,7,30,0,Optimal
m297-duration-1h-deadline-3h,optimal,1742742502.1530976,True,0.014266729354858398,0.8936585873494974,node-2-es-laptop,0,6,0,Optimal
m298-duration-3h-deadline-9h,optimal,1742742542.3884606,True,0.013814210891723633,4.114225762048492,node-6-es-laptop,7,18,0,Optimal
m299-duration-6h-deadline-8h,optimal,1742742542.4012396,True,0.011162281036376953,214.92405751123852,node-3-it-no-server,2,14,0,Optimal
m300-duration-1h-deadline-7h,optimal,1742742542.4174664,True,0.01424717903137207,1.0545335873494974,node-2-es-laptop,0,14,0,Optimal
m301-duration-3h-deadline-9h,optimal,1742742542.4337344,True,0.014321088790893555,4.856725762048493,node-6-es-laptop,7,18,0,Optimal
m302-duration-6h-deadline-8h,optimal,1742742542.4462621,True,0.010259628295898438,211.67093251123853,node-3-it-no-server,2,14,0,Optimal
m303-duration-1h-deadline-7h,optimal,1742742542.4574728,True,0.009562253952026367,0.8936585873494974,node-2-es-laptop,0,14,0,Optimal
m304-duration-3h-deadline-9h,optimal,1742742542.4690273,True,0.010023832321166992,4.856725762048493,node-6-es-laptop,7,18,0,Optimal
m305-duration-6h-deadline-30h,optimal,1742742542.48935,True,0.018619537353515625,1.0536184141201266,node-0-de-iot,28,139,0,Optimal
m306-duration-1h-deadline-3h,optimal,1742742542.4990952,True,0.008174657821655273,1.3226585873494976,node-2-es-laptop,0,6,0,Optimal
m307-duration-3h-deadline-9h,optimal,1742742542.5100856,True,0.009433507919311523,4.114225762048492,node-6-es-laptop,7,18,0,Optimal
m308-duration-6h-deadline-12h,optimal,1742742542.522425,True,0.010679006576538086,8.228451524096984,node-6-es-laptop,7,30,0,Optimal
m309-duration-1h-deadline-3h,optimal,1742742542.5334322,True,0.009513139724731445,1.3226585873494976,node-2-es-laptop,0,6,0,Optimal
m310-duration-3h-deadline-5h,optimal,1742742542.5452635,True,0.009823083877563477,107.46202875561926,node-3-it-no-server,2,8,0,Optimal
m311-duration-6h-deadline-30h,optimal,1742742542.5675879,True,0.020003557205200195,0.7836184141201263,node-0-de-iot,28,139,0,Optimal
m312-duration-1h-deadline-25h,optimal,1742742542.586203,True,0.0167233943939209,0.24045306902002106,node-4-de-iot,14,104,0,Optimal
m313-duration-3h-deadline-27h,optimal,1742742585.282551,True,0.015847206115722656,0.7518092070600633,node-4-de-iot,25,115,0,Optimal
m314-duration-6h-deadline-12h,optimal,1742742585.2928846,True,0.00911402702331543,12.188451524096985,node-6-es-laptop,7,30,0,Optimal
m315-duration-1h-deadline-25h,optimal,1742742585.307574,True,0.012810707092285156,0.059736565094865655,node-5-fr-smartphone,12,108,0,Optimal
m316-duration-3h-deadline-9h,optimal,1742742585.3158917,True,0.007032632827758789,4.114225762048492,node-6-es-laptop,7,18,0,Optimal
m317-duration-6h-deadline-30h,optimal,1742742585.3272927,True,0.010376691818237305,0.7836184141201263,node-0-de-iot,28,139,0,Optimal
m318-duration-1h-deadline-25h,optimal,1742742585.3427675,True,0.014148712158203125,0.24045306902002106,node-4-de-iot,14,103,0,Optimal
m319-duration-3h-deadline-27h,optimal,1742742585.3613734,True,0.014886856079101562,1.2018092070600632,node-0-de-iot,25,108,0,Optimal
m320-duration-6h-deadline-30h,optimal,1742742585.3772378,True,0.014148473739624023,1.0536184141201266,node-4-de-iot,28,133,0,Optimal
m321-duration-1h-deadline-3h,optimal,1742742585.3850667,True,0.006560802459716797,1.8589085873494975,node-6-es-laptop,0,5,0,Optimal
m322-duration-3h-deadline-5h,optimal,1742742585.393399,True,0.007513284683227539,110.71515375561927,node-3-it-no-server,2,8,0,Optimal
m323-duration-6h-deadline-8h,optimal,1742742585.3999069,True,0.00579380989074707,211.67093251123853,node-3-it-no-server,2,14,0,Optimal
m324-duration-1h-deadline-7h,optimal,1742742585.4077053,True,0.006369113922119141,1.0545335873494974,node-6-es-laptop,0,13,0,Optimal
m325-duration-3h-deadline-9h,optimal,1742742585.4150064,True,0.006165266036987305,4.856725762048493,node-6-es-laptop,7,18,0,Optimal
m326-duration-6h-deadline-30h,optimal,1742742585.4291103,True,0.012871265411376953,1.5036184141201265,node-4-de-iot,28,133,0,Optimal
m327-duration-1h-deadline-3h,optimal,1742742585.4380834,True,0.007703065872192383,0.8936585873494974,node-6-es-laptop,0,5,0,Optimal
m328-duration-3h-deadline-27h,optimal,1742742585.450868,True,0.011676549911499023,0.7518092070600633,node-4-de-iot,25,115,0,Optimal
m329-duration-6h-deadline-12h,optimal,1742742585.4598444,True,0.007797718048095703,8.228451524096984,node-6-es-laptop,7,30,0,Optimal
m330-duration-1h-deadline-7h,optimal,1742742585.4671452,True,0.006185293197631836,1.3226585873494976,node-6-es-laptop,0,13,0,Optimal
m331-duration-3h-deadline-9h,optimal,1742742585.4774249,True,0.009159564971923828,4.856725762048493,node-6-es-laptop,7,18,0,Optimal
m332-duration-6h-deadline-12h,optimal,1742742585.4867327,True,0.008249998092651367,17.138451524096986,node-2-es-laptop,7,27,0,Optimal
m333-duration-1h-deadline-7h,optimal,1742742635.1878672,True,0.011855602264404297,1.3226585873494976,node-6-es-laptop,0,13,0,Optimal
m334-duration-3h-deadline-27h,optimal,1742742635.2056336,True,0.01597428321838379,0.5268092070600633,node-0-de-iot,25,108,0,Optimal
m335-duration-6h-deadline-12h,optimal,1742742635.2202585,True,0.011477231979370117,8.228451524096984,node-2-es-laptop,7,27,0,Optimal
m336-duration-1h-deadline-7h,optimal,1742742635.2333457,True,0.011802911758422852,1.0545335873494974,node-6-es-laptop,0,13,0,Optimal
m337-duration-3h-deadline-5h,optimal,1742742635.2450511,True,0.010320425033569336,104.85952875561927,node-3-it-no-server,2,8,0,Optimal
m338-duration-6h-deadline-30h,optimal,1742742635.2585406,True,0.01252293586730957,0.7836184141201263,node-4-de-iot,28,121,0,Optimal
m339-duration-1h-deadline-3h,optimal,1742742635.2670093,True,0.007014274597167969,1.0545335873494974,node-6-es-laptop,0,5,0,Optimal
m340-duration-3h-deadline-5h,optimal,1742742635.2778637,True,0.00969076156616211,104.85952875561927,node-3-it-no-server,2,8,0,Optimal
m341-duration-6h-deadline-12h,optimal,1742742635.2888172,True,0.009489297866821289,17.138451524096986,node-2-es-laptop,7,27,0,Optimal
m342-duration-1h-deadline-3h,optimal,1742742635.2982323,True,0.00806283950805664,1.3226585873494976,node-6-es-laptop,0,5,0,Optimal
m343-duration-3h-deadline-27h,optimal,1742742635.3097644,True,0.010663986206054688,0.7518092070600633,node-0-de-iot,25,108,0,Optimal
m344-duration-6h-deadline-30h,optimal,1742742635.3238566,True,0.012851476669311523,1.5036184141201265,node-4-de-iot,28,121,0,Optimal
m345-duration-1h-deadline-7h,optimal,1742742635.3324163,True,0.007413148880004883,1.8589085873494975,node-6-es-laptop,0,13,0,Optimal
