region,slot_index,forecast_datetime_utc,mix_datetime_utc,ewif_l_per_kwh,ewif_scenario,power_consumption_total_mw,non_storage_share,inherit_share,is_estimated,estimation_method,mix_notes,source_dataset,source_url
DE,0,2025-02-26T10:00:00.000Z,2025-02-26T10:00:00.000Z,0.46535734417201075,low,65182.0,0.977785278144273,0.0221993801969869,False,,inherit:unknown;inherit:hydro-discharge;inherit:battery-discharge,Electricity Maps flow-traced power breakdown + literature-derived operational water factors,https://api.electricitymap.org/v3/power-breakdown/past-range?zone=DE&temporalGranularity=hourly&start=2025-02-26T10%3A00%3A00.000Z&end=2025-02-27T11%3A00%3A00.000Z
DE,1,2025-02-26T11:00:00.000Z,2025-02-26T11:00:00.000Z,0.46398039307094396,low,64758.0,0.9805738287161432,0.01944161339139566,False,,inherit:unknown;inherit:hydro-discharge,Electricity Maps flow-traced power breakdown + literature-derived operational water factors,https://api.electricitymap.org/v3/power-breakdown/past-range?zone=DE&temporalGranularity=hourly&start=2025-02-26T10%3A00%3A00.000Z&end=2025-02-27T11%3A00%3A00.000Z
DE,2,2025-02-26T12:00:00.000Z,2025-02-26T12:00:00.000Z,0.4626087904608612,low,64335.0,0.969565555296495,0.030449988342270928,False,,inherit:unknown;inherit:hydro-discharge,Electricity Maps flow-traced power breakdown + literature-derived operational water factors,https://api.electricitymap.org/v3/power-breakdown/past-range?zone=DE&temporalGranularity=hourly&start=2025-02-26T10%3A00%3A00.000Z&end=2025-02-27T11%3A00%3A00.000Z
DE,3,2025-02-26T13:00:00.000Z,2025-02-26T13:00:00.000Z,0.4650904401044587,low,63281.0,0.9863466127273591,0.013653387272641076,False,,inherit:unknown;inherit:hydro-discharge,Electricity Maps flow-traced power breakdown + literature-derived operational water factors,https://api.electricitymap.org/v3/power-breakdown/past-range?zone=DE&temporalGranularity=hourly&start=2025-02-26T10%3A00%3A00.000Z&end=2025-02-27T11%3A00%3A00.000Z
DE,4,2025-02-26T14:00:00.000Z,2025-02-26T14:00:00.000Z,0.4908654825161922,low,62647.0,0.989384966558654,0.010599070985043178,False,,inherit:unknown;inherit:hydro-discharge;inherit:battery-discharge,Electricity Maps flow-traced power breakdown + literature-derived operational water factors,https://api.electricitymap.org/v3/power-breakdown/past-range?zone=DE&temporalGranularity=hourly&start=2025-02-26T10%3A00%3A00.000Z&end=2025-02-27T11%3A00%3A00.000Z
DE,5,2025-02-26T15:00:00.000Z,2025-02-26T15:00:00.000Z,0.5245638618840094,low,61379.0,0.9719936786197235,0.02800632138027664,False,,inherit:unknown;inherit:hydro-discharge;inherit:battery-discharge,Electricity Maps flow-traced power breakdown + literature-derived operational water factors,https://api.electricitymap.org/v3/power-breakdown/past-range?zone=DE&temporalGranularity=hourly&start=2025-02-26T10%3A00%3A00.000Z&end=2025-02-27T11%3A00%3A00.000Z
DE,6,2025-02-26T16:00:00.000Z,2025-02-26T16:00:00.000Z,0.575831139913956,low,62742.0,0.9508144464632942,0.04916961524975296,False,,inherit:unknown;inherit:hydro-discharge;inherit:battery-discharge,Electricity Maps flow-traced power breakdown + literature-derived operational water factors,https://api.electricitymap.org/v3/power-breakdown/past-range?zone=DE&temporalGranularity=hourly&start=2025-02-26T10%3A00%3A00.000Z&end=2025-02-27T11%3A00%3A00.000Z
DE,7,2025-02-26T17:00:00.000Z,2025-02-26T17:00:00.000Z,0.5813649002019133,low,64891.0,0.9311306652694518,0.06886933473054815,False,,inherit:unknown;inherit:hydro-discharge;inherit:battery-discharge,Electricity Maps flow-traced power breakdown + literature-derived operational water factors,https://api.electricitymap.org/v3/power-breakdown/past-range?zone=DE&temporalGranularity=hourly&start=2025-02-26T10%3A00%3A00.000Z&end=2025-02-27T11%3A00%3A00.000Z
DE,8,2025-02-26T18:00:00.000Z,2025-02-26T18:00:00.000Z,0.5460180778265441,low,63991.0,0.9435545623603319,0.05649231923239205,False,,inherit:unknown;inherit:hydro-discharge;inherit:battery-discharge,Electricity Maps flow-traced power breakdown + literature-derived operational water factors,https://api.electricitymap.org/v3/power-breakdown/past-range?zone=DE&temporalGranularity=hourly&start=2025-02-26T10%3A00%3A00.000Z&end=2025-02-27T11%3A00%3A00.000Z
DE,9,2025-02-26T19:00:00.000Z,2025-02-26T19:00:00.000Z,0.5073443504289527,low,61124.0,0.9787644787644788,0.02126824160722466,False,,inherit:unknown;inherit:hydro-discharge;inherit:battery-discharge,Electricity Maps flow-traced power breakdown + literature-derived operational water factors,https://api.electricitymap.org/v3/power-breakdown/past-range?zone=DE&temporalGranularity=hourly&start=2025-02-26T10%3A00%3A00.000Z&end=2025-02-27T11%3A00%3A00.000Z
DE,10,2025-02-26T20:00:00.000Z,2025-02-26T20:00:00.000Z,0.5010662683140725,low,57689.0,0.9894953977361369,0.01052193659103122,False,,inherit:unknown;inherit:hydro-discharge;inherit:battery-discharge,Electricity Maps flow-traced power breakdown + literature-derived operational water factors,https://api.electricitymap.org/v3/power-breakdown/past-range?zone=DE&temporalGranularity=hourly&start=2025-02-26T10%3A00%3A00.000Z&end=2025-02-27T11%3A00%3A00.000Z
DE,11,2025-02-26T21:00:00.000Z,2025-02-26T21:00:00.000Z,0.49365366415474277,low,54626.0,0.990645480174276,0.009391132427781643,False,,inherit:unknown;inherit:hydro-discharge,Electricity Maps flow-traced power breakdown + literature-derived operational water factors,https://api.electricitymap.org/v3/power-breakdown/past-range?zone=DE&temporalGranularity=hourly&start=2025-02-26T10%3A00%3A00.000Z&end=2025-02-27T11%3A00%3A00.000Z
DE,12,2025-02-26T22:00:00.000Z,2025-02-26T22:00:00.000Z,0.49674411605369284,low,50321.0,0.9904214940084657,0.00957850599153435,False,,inherit:unknown;inherit:hydro-discharge,Electricity Maps flow-traced power breakdown + literature-derived operational water factors,https://api.electricitymap.org/v3/power-breakdown/past-range?zone=DE&temporalGranularity=hourly&start=2025-02-26T10%3A00%3A00.000Z&end=2025-02-27T11%3A00%3A00.000Z
DE,13,2025-02-26T23:00:00.000Z,2025-02-26T23:00:00.000Z,0.49696316660129436,low,47756.0,0.992042884663707,0.00793617555909205,False,,inherit:unknown;inherit:hydro-discharge,Electricity Maps flow-traced power breakdown + literature-derived operational water factors,https://api.electricitymap.org/v3/power-breakdown/past-range?zone=DE&temporalGranularity=hourly&start=2025-02-26T10%3A00%3A00.000Z&end=2025-02-27T11%3A00%3A00.000Z
DE,14,2025-02-27T00:00:00.000Z,2025-02-27T00:00:00.000Z,0.5049847502745288,low,46179.0,0.9923991424673554,0.007622512397410078,False,,inherit:unknown;inherit:hydro-discharge,Electricity Maps flow-traced power breakdown + literature-derived operational water factors,https://api.electricitymap.org/v3/power-breakdown/past-range?zone=DE&temporalGranularity=hourly&start=2025-02-26T10%3A00%3A00.000Z&end=2025-02-27T11%3A00%3A00.000Z
DE,15,2025-02-27T01:00:00.000Z,2025-02-27T01:00:00.000Z,0.5103789751492007,low,45825.0,0.9925150027277687,0.007506819421713039,False,,inherit:unknown;inherit:hydro-discharge,Electricity Maps flow-traced power breakdown + literature-derived operational water factors,https://api.electricitymap.org/v3/power-breakdown/past-range?zone=DE&temporalGranularity=hourly&start=2025-02-26T10%3A00%3A00.000Z&end=2025-02-27T11%3A00%3A00.000Z
DE,16,2025-02-27T02:00:00.000Z,2025-02-27T02:00:00.000Z,0.5188518745351941,low,46060.0,0.9925749023013462,0.00742509769865393,False,,inherit:unknown;inherit:hydro-discharge,Electricity Maps flow-traced power breakdown + literature-derived operational water factors,https://api.electricitymap.org/v3/power-breakdown/past-range?zone=DE&temporalGranularity=hourly&start=2025-02-26T10%3A00%3A00.000Z&end=2025-02-27T11%3A00%3A00.000Z
DE,17,2025-02-27T03:00:00.000Z,2025-02-27T03:00:00.000Z,0.5282187046676339,low,47278.0,0.991497102246288,0.008502897753712086,False,,inherit:unknown;inherit:hydro-discharge,Electricity Maps flow-traced power breakdown + literature-derived operational water factors,https://api.electricitymap.org/v3/power-breakdown/past-range?zone=DE&temporalGranularity=hourly&start=2025-02-26T10%3A00%3A00.000Z&end=2025-02-27T11%3A00%3A00.000Z
DE,18,2025-02-27T04:00:00.000Z,2025-02-27T04:00:00.000Z,0.5380965484237602,low,50637.0,0.9904022750162924,0.009597724983707564,False,,inherit:unknown;inherit:hydro-discharge;inherit:battery-discharge,Electricity Maps flow-traced power breakdown + literature-derived operational water factors,https://api.electricitymap.org/v3/power-breakdown/past-range?zone=DE&temporalGranularity=hourly&start=2025-02-26T10%3A00%3A00.000Z&end=2025-02-27T11%3A00%3A00.000Z
DE,19,2025-02-27T05:00:00.000Z,2025-02-27T05:00:00.000Z,0.5170707340540304,low,58273.0,0.9844868120742026,0.01549602731968493,False,,inherit:unknown;inherit:hydro-discharge;inherit:battery-discharge,Electricity Maps flow-traced power breakdown + literature-derived operational water factors,https://api.electricitymap.org/v3/power-breakdown/past-range?zone=DE&temporalGranularity=hourly&start=2025-02-26T10%3A00%3A00.000Z&end=2025-02-27T11%3A00%3A00.000Z
DE,20,2025-02-27T06:00:00.000Z,2025-02-27T06:00:00.000Z,0.5130037107843223,low,62444.0,0.959900070463135,0.04011594388572161,False,,inherit:unknown;inherit:hydro-discharge;inherit:battery-discharge,Electricity Maps flow-traced power breakdown + literature-derived operational water factors,https://api.electricitymap.org/v3/power-breakdown/past-range?zone=DE&temporalGranularity=hourly&start=2025-02-26T10%3A00%3A00.000Z&end=2025-02-27T11%3A00%3A00.000Z
DE,21,2025-02-27T07:00:00.000Z,2025-02-27T07:00:00.000Z,0.49005797157735353,low,63901.0,0.9667297851363829,0.0333171624857201,False,,inherit:unknown;inherit:hydro-discharge;inherit:battery-discharge,Electricity Maps flow-traced power breakdown + literature-derived operational water factors,https://api.electricitymap.org/v3/power-breakdown/past-range?zone=DE&temporalGranularity=hourly&start=2025-02-26T10%3A00%3A00.000Z&end=2025-02-27T11%3A00%3A00.000Z
DE,22,2025-02-27T08:00:00.000Z,2025-02-27T08:00:00.000Z,0.46386671371716154,low,64013.0,0.9802227672504022,0.019792854576414165,False,,inherit:unknown;inherit:hydro-discharge;inherit:battery-discharge,Electricity Maps flow-traced power breakdown + literature-derived operational water factors,https://api.electricitymap.org/v3/power-breakdown/past-range?zone=DE&temporalGranularity=hourly&start=2025-02-26T10%3A00%3A00.000Z&end=2025-02-27T11%3A00%3A00.000Z
DE,23,2025-02-27T09:00:00.000Z,2025-02-27T09:00:00.000Z,0.44615558096192703,low,64528.0,0.9895084304487974,0.01049156955120258,False,,inherit:unknown;inherit:hydro-discharge,Electricity Maps flow-traced power breakdown + literature-derived operational water factors,https://api.electricitymap.org/v3/power-breakdown/past-range?zone=DE&temporalGranularity=hourly&start=2025-02-26T10%3A00%3A00.000Z&end=2025-02-27T11%3A00%3A00.000Z
DE,24,2025-02-27T10:00:00.000Z,2025-02-27T10:00:00.000Z,0.43551603796997146,low,65026.0,0.9914803309445452,0.008519669055454742,False,,inherit:unknown;inherit:hydro-discharge;inherit:battery-discharge,Electricity Maps flow-traced power breakdown + literature-derived operational water factors,https://api.electricitymap.org/v3/power-breakdown/past-range?zone=DE&temporalGranularity=hourly&start=2025-02-26T10%3A00%3A00.000Z&end=2025-02-27T11%3A00%3A00.000Z
FR,0,2025-02-26T10:00:00.000Z,2025-02-26T10:00:00.000Z,0.8977779649377663,low,64212.0,0.9989877281505014,0.0009966984364293279,False,,inherit:unknown;inherit:battery-discharge,Electricity Maps flow-traced power breakdown + literature-derived operational water factors,https://api.electricitymap.org/v3/power-breakdown/past-range?zone=FR&temporalGranularity=hourly&start=2025-02-26T10%3A00%3A00.000Z&end=2025-02-27T11%3A00%3A00.000Z
FR,1,2025-02-26T11:00:00.000Z,2025-02-26T11:00:00.000Z,0.8604687013866809,low,64493.0,0.9990851720341742,0.0008993224070829393,False,,inherit:unknown;inherit:battery-discharge,Electricity Maps flow-traced power breakdown + literature-derived operational water factors,https://api.electricitymap.org/v3/power-breakdown/past-range?zone=FR&temporalGranularity=hourly&start=2025-02-26T10%3A00%3A00.000Z&end=2025-02-27T11%3A00%3A00.000Z
FR,2,2025-02-26T12:00:00.000Z,2025-02-26T12:00:00.000Z,0.8410838547432045,low,62208.0,0.9993248456790123,0.0006430041152263374,False,,inherit:unknown,Electricity Maps flow-traced power breakdown + literature-derived operational water factors,https://api.electricitymap.org/v3/power-breakdown/past-range?zone=FR&temporalGranularity=hourly&start=2025-02-26T10%3A00%3A00.000Z&end=2025-02-27T11%3A00%3A00.000Z
FR,3,2025-02-26T13:00:00.000Z,2025-02-26T13:00:00.000Z,0.8283540176343369,low,60150.0,0.9993349958437238,0.0006650041562759767,False,,inherit:unknown,Electricity Maps flow-traced power breakdown + literature-derived operational water factors,https://api.electricitymap.org/v3/power-breakdown/past-range?zone=FR&temporalGranularity=hourly&start=2025-02-26T10%3A00%3A00.000Z&end=2025-02-27T11%3A00%3A00.000Z
FR,4,2025-02-26T14:00:00.000Z,2025-02-26T14:00:00.000Z,0.8397750350143173,low,58264.0,0.9995365920637101,0.000497734450089249,False,,inherit:unknown;inherit:battery-discharge,Electricity Maps flow-traced power breakdown + literature-derived operational water factors,https://api.electricitymap.org/v3/power-breakdown/past-range?zone=FR&temporalGranularity=hourly&start=2025-02-26T10%3A00%3A00.000Z&end=2025-02-27T11%3A00%3A00.000Z
FR,5,2025-02-26T15:00:00.000Z,2025-02-26T15:00:00.000Z,0.8900389662070053,low,57536.0,0.9993569243604005,0.0006256952169076752,False,,inherit:unknown;inherit:battery-discharge,Electricity Maps flow-traced power breakdown + literature-derived operational water factors,https://api.electricitymap.org/v3/power-breakdown/past-range?zone=FR&temporalGranularity=hourly&start=2025-02-26T10%3A00%3A00.000Z&end=2025-02-27T11%3A00%3A00.000Z
FR,6,2025-02-26T16:00:00.000Z,2025-02-26T16:00:00.000Z,0.9620967388769739,low,57479.0,0.999913011708624,6.959063310078464e-05,False,,inherit:unknown,Electricity Maps flow-traced power breakdown + literature-derived operational water factors,https://api.electricitymap.org/v3/power-breakdown/past-range?zone=FR&temporalGranularity=hourly&start=2025-02-26T10%3A00%3A00.000Z&end=2025-02-27T11%3A00%3A00.000Z
FR,7,2025-02-26T17:00:00.000Z,2025-02-26T17:00:00.000Z,1.0113724872810432,low,61223.0,0.9856263169070447,0.014373683092955263,False,,inherit:hydro-discharge;inherit:battery-discharge,Electricity Maps flow-traced power breakdown + literature-derived operational water factors,https://api.electricitymap.org/v3/power-breakdown/past-range?zone=FR&temporalGranularity=hourly&start=2025-02-26T10%3A00%3A00.000Z&end=2025-02-27T11%3A00%3A00.000Z
FR,8,2025-02-26T18:00:00.000Z,2025-02-26T18:00:00.000Z,1.018434832032053,low,66140.0,0.9538100997883278,0.04620501965527669,False,,inherit:unknown;inherit:hydro-discharge;inherit:battery-discharge,Electricity Maps flow-traced power breakdown + literature-derived operational water factors,https://api.electricitymap.org/v3/power-breakdown/past-range?zone=FR&temporalGranularity=hourly&start=2025-02-26T10%3A00%3A00.000Z&end=2025-02-27T11%3A00%3A00.000Z
FR,9,2025-02-26T19:00:00.000Z,2025-02-26T19:00:00.000Z,1.0193055231102952,low,62813.0,0.9541018578956585,0.04589814210434146,False,,inherit:unknown;inherit:hydro-discharge;inherit:battery-discharge,Electricity Maps flow-traced power breakdown + literature-derived operational water factors,https://api.electricitymap.org/v3/power-breakdown/past-range?zone=FR&temporalGranularity=hourly&start=2025-02-26T10%3A00%3A00.000Z&end=2025-02-27T11%3A00%3A00.000Z
FR,10,2025-02-26T20:00:00.000Z,2025-02-26T20:00:00.000Z,1.0260170563249755,low,59618.0,0.9760642758898319,0.0239189506524875,False,,inherit:unknown;inherit:hydro-discharge;inherit:battery-discharge,Electricity Maps flow-traced power breakdown + literature-derived operational water factors,https://api.electricitymap.org/v3/power-breakdown/past-range?zone=FR&temporalGranularity=hourly&start=2025-02-26T10%3A00%3A00.000Z&end=2025-02-27T11%3A00%3A00.000Z
FR,11,2025-02-26T21:00:00.000Z,2025-02-26T21:00:00.000Z,1.0440057231831026,low,59362.0,0.9799366598160439,0.02004649439035073,False,,inherit:unknown;inherit:hydro-discharge;inherit:battery-discharge,Electricity Maps flow-traced power breakdown + literature-derived operational water factors,https://api.electricitymap.org/v3/power-breakdown/past-range?zone=FR&temporalGranularity=hourly&start=2025-02-26T10%3A00%3A00.000Z&end=2025-02-27T11%3A00%3A00.000Z
FR,12,2025-02-26T22:00:00.000Z,2025-02-26T22:00:00.000Z,1.0643691994892637,low,59254.0,0.9809633104938063,0.019053566003982853,False,,inherit:unknown;inherit:hydro-discharge,Electricity Maps flow-traced power breakdown + literature-derived operational water factors,https://api.electricitymap.org/v3/power-breakdown/past-range?zone=FR&temporalGranularity=hourly&start=2025-02-26T10%3A00%3A00.000Z&end=2025-02-27T11%3A00%3A00.000Z
FR,13,2025-02-26T23:00:00.000Z,2025-02-26T23:00:00.000Z,1.0707244923098582,low,57524.0,0.9878659342187608,0.012134065781239135,False,,inherit:unknown;inherit:hydro-discharge;inherit:battery-discharge,Electricity Maps flow-traced power breakdown + literature-derived operational water factors,https://api.electricitymap.org/v3/power-breakdown/past-range?zone=FR&temporalGranularity=hourly&start=2025-02-26T10%3A00%3A00.000Z&end=2025-02-27T11%3A00%3A00.000Z
FR,14,2025-02-27T00:00:00.000Z,2025-02-27T00:00:00.000Z,1.071144078070388,low,55103.0,0.9941745458504981,0.005843601981743281,False,,inherit:unknown;inherit:hydro-discharge,Electricity Maps flow-traced power breakdown + literature-derived operational water factors,https://api.electricitymap.org/v3/power-breakdown/past-range?zone=FR&temporalGranularity=hourly&start=2025-02-26T10%3A00%3A00.000Z&end=2025-02-27T11%3A00%3A00.000Z
FR,15,2025-02-27T01:00:00.000Z,2025-02-27T01:00:00.000Z,1.077769457808962,low,54111.0,0.9949917761638113,0.004989743305427732,False,,inherit:unknown;inherit:hydro-discharge;inherit:battery-discharge,Electricity Maps flow-traced power breakdown + literature-derived operational water factors,https://api.electricitymap.org/v3/power-breakdown/past-range?zone=FR&temporalGranularity=hourly&start=2025-02-26T10%3A00%3A00.000Z&end=2025-02-27T11%3A00%3A00.000Z
FR,16,2025-02-27T02:00:00.000Z,2025-02-27T02:00:00.000Z,1.084549648975126,low,52531.0,0.9983057623117779,0.001713274066741543,False,,inherit:unknown;inherit:hydro-discharge;inherit:battery-discharge,Electricity Maps flow-traced power breakdown + literature-derived operational water factors,https://api.electricitymap.org/v3/power-breakdown/past-range?zone=FR&temporalGranularity=hourly&start=2025-02-26T10%3A00%3A00.000Z&end=2025-02-27T11%3A00%3A00.000Z
FR,17,2025-02-27T03:00:00.000Z,2025-02-27T03:00:00.000Z,1.0886086236447319,low,51967.0,0.9992302807550948,0.0007697192449054208,False,,inherit:unknown;inherit:battery-discharge,Electricity Maps flow-traced power breakdown + literature-derived operational water factors,https://api.electricitymap.org/v3/power-breakdown/past-range?zone=FR&temporalGranularity=hourly&start=2025-02-26T10%3A00%3A00.000Z&end=2025-02-27T11%3A00%3A00.000Z
FR,18,2025-02-27T04:00:00.000Z,2025-02-27T04:00:00.000Z,1.093028027053168,low,54417.0,0.998015326092949,0.0019662972968006323,False,,inherit:unknown;inherit:hydro-discharge,Electricity Maps flow-traced power breakdown + literature-derived operational water factors,https://api.electricitymap.org/v3/power-breakdown/past-range?zone=FR&temporalGranularity=hourly&start=2025-02-26T10%3A00%3A00.000Z&end=2025-02-27T11%3A00%3A00.000Z
FR,19,2025-02-27T05:00:00.000Z,2025-02-27T05:00:00.000Z,1.0790537175532067,low,59041.0,0.9868565911823987,0.013160346200098236,False,,inherit:unknown;inherit:hydro-discharge;inherit:battery-discharge,Electricity Maps flow-traced power breakdown + literature-derived operational water factors,https://api.electricitymap.org/v3/power-breakdown/past-range?zone=FR&temporalGranularity=hourly&start=2025-02-26T10%3A00%3A00.000Z&end=2025-02-27T11%3A00%3A00.000Z
FR,20,2025-02-27T06:00:00.000Z,2025-02-27T06:00:00.000Z,1.0854278819680625,low,64832.0,0.9524000493583417,0.04759995064165844,False,,inherit:unknown;inherit:hydro-discharge;inherit:battery-discharge,Electricity Maps flow-traced power breakdown + literature-derived operational water factors,https://api.electricitymap.org/v3/power-breakdown/past-range?zone=FR&temporalGranularity=hourly&start=2025-02-26T10%3A00%3A00.000Z&end=2025-02-27T11%3A00%3A00.000Z
FR,21,2025-02-27T07:00:00.000Z,2025-02-27T07:00:00.000Z,1.069261411434803,low,67349.0,0.9530950719387073,0.046904928061292664,False,,inherit:unknown;inherit:hydro-discharge;inherit:battery-discharge,Electricity Maps flow-traced power breakdown + literature-derived operational water factors,https://api.electricitymap.org/v3/power-breakdown/past-range?zone=FR&temporalGranularity=hourly&start=2025-02-26T10%3A00%3A00.000Z&end=2025-02-27T11%3A00%3A00.000Z
FR,22,2025-02-27T08:00:00.000Z,2025-02-27T08:00:00.000Z,1.0272548988943278,low,66216.0,0.9656729491361606,0.03432705086383955,False,,inherit:unknown;inherit:hydro-discharge;inherit:battery-discharge,Electricity Maps flow-traced power breakdown + literature-derived operational water factors,https://api.electricitymap.org/v3/power-breakdown/past-range?zone=FR&temporalGranularity=hourly&start=2025-02-26T10%3A00%3A00.000Z&end=2025-02-27T11%3A00%3A00.000Z
FR,23,2025-02-27T09:00:00.000Z,2025-02-27T09:00:00.000Z,0.9909762690554769,low,64538.0,0.98593076946915,0.014069230530850043,False,,inherit:unknown;inherit:hydro-discharge,Electricity Maps flow-traced power breakdown + literature-derived operational water factors,https://api.electricitymap.org/v3/power-breakdown/past-range?zone=FR&temporalGranularity=hourly&start=2025-02-26T10%3A00%3A00.000Z&end=2025-02-27T11%3A00%3A00.000Z
FR,24,2025-02-27T10:00:00.000Z,2025-02-27T10:00:00.000Z,0.9457640793417948,low,62866.0,0.9976139725765916,0.0023860274234085194,False,,inherit:unknown;inherit:hydro-discharge;inherit:battery-discharge,Electricity Maps flow-traced power breakdown + literature-derived operational water factors,https://api.electricitymap.org/v3/power-breakdown/past-range?zone=FR&temporalGranularity=hourly&start=2025-02-26T10%3A00%3A00.000Z&end=2025-02-27T11%3A00%3A00.000Z
ES,0,2025-02-26T10:00:00.000Z,2025-02-26T10:00:00.000Z,0.4170365440133752,low,29117.0,0.9979050039495826,0.0020606518528694575,False,,inherit:unknown,Electricity Maps flow-traced power breakdown + literature-derived operational water factors,https://api.electricitymap.org/v3/power-breakdown/past-range?zone=ES&temporalGranularity=hourly&start=2025-02-26T10%3A00%3A00.000Z&end=2025-02-27T11%3A00%3A00.000Z
ES,1,2025-02-26T11:00:00.000Z,2025-02-26T11:00:00.000Z,0.39675182526681746,low,28112.0,0.9980435401252133,0.00199203187250996,False,,inherit:unknown,Electricity Maps flow-traced power breakdown + literature-derived operational water factors,https://api.electricitymap.org/v3/power-breakdown/past-range?zone=ES&temporalGranularity=hourly&start=2025-02-26T10%3A00%3A00.000Z&end=2025-02-27T11%3A00%3A00.000Z
ES,2,2025-02-26T12:00:00.000Z,2025-02-26T12:00:00.000Z,0.39796752414699366,low,27609.0,0.9980078959759499,0.002028324097214676,False,,inherit:unknown,Electricity Maps flow-traced power breakdown + literature-derived operational water factors,https://api.electricitymap.org/v3/power-breakdown/past-range?zone=ES&temporalGranularity=hourly&start=2025-02-26T10%3A00%3A00.000Z&end=2025-02-27T11%3A00%3A00.000Z
ES,3,2025-02-26T13:00:00.000Z,2025-02-26T13:00:00.000Z,0.40149468813377204,low,27300.0,0.9979487179487179,0.0021245421245421245,False,,inherit:unknown,Electricity Maps flow-traced power breakdown + literature-derived operational water factors,https://api.electricitymap.org/v3/power-breakdown/past-range?zone=ES&temporalGranularity=hourly&start=2025-02-26T10%3A00%3A00.000Z&end=2025-02-27T11%3A00%3A00.000Z
ES,4,2025-02-26T14:00:00.000Z,2025-02-26T14:00:00.000Z,0.39628654590705586,low,27094.0,0.9976378533992766,0.0023990551413597106,False,,inherit:unknown,Electricity Maps flow-traced power breakdown + literature-derived operational water factors,https://api.electricitymap.org/v3/power-breakdown/past-range?zone=ES&temporalGranularity=hourly&start=2025-02-26T10%3A00%3A00.000Z&end=2025-02-27T11%3A00%3A00.000Z
ES,5,2025-02-26T15:00:00.000Z,2025-02-26T15:00:00.000Z,0.42819342218813117,low,27269.0,0.9974329825076093,0.0025303458139279036,False,,inherit:unknown,Electricity Maps flow-traced power breakdown + literature-derived operational water factors,https://api.electricitymap.org/v3/power-breakdown/past-range?zone=ES&temporalGranularity=hourly&start=2025-02-26T10%3A00%3A00.000Z&end=2025-02-27T11%3A00%3A00.000Z
ES,6,2025-02-26T16:00:00.000Z,2025-02-26T16:00:00.000Z,0.5255590564144549,low,28192.0,0.9971977866061293,0.002731271282633371,False,,inherit:unknown,Electricity Maps flow-traced power breakdown + literature-derived operational water factors,https://api.electricitymap.org/v3/power-breakdown/past-range?zone=ES&temporalGranularity=hourly&start=2025-02-26T10%3A00%3A00.000Z&end=2025-02-27T11%3A00%3A00.000Z
ES,7,2025-02-26T17:00:00.000Z,2025-02-26T17:00:00.000Z,0.6858425040282492,low,29831.0,0.9778083202038147,0.022191679796185176,False,,inherit:unknown;inherit:hydro-discharge,Electricity Maps flow-traced power breakdown + literature-derived operational water factors,https://api.electricitymap.org/v3/power-breakdown/past-range?zone=ES&temporalGranularity=hourly&start=2025-02-26T10%3A00%3A00.000Z&end=2025-02-27T11%3A00%3A00.000Z
ES,8,2025-02-26T18:00:00.000Z,2025-02-26T18:00:00.000Z,0.8065838807083394,low,32744.0,0.9289640850232103,0.07109699486928903,False,,inherit:unknown;inherit:hydro-discharge,Electricity Maps flow-traced power breakdown + literature-derived operational water factors,https://api.electricitymap.org/v3/power-breakdown/past-range?zone=ES&temporalGranularity=hourly&start=2025-02-26T10%3A00%3A00.000Z&end=2025-02-27T11%3A00%3A00.000Z
ES,9,2025-02-26T19:00:00.000Z,2025-02-26T19:00:00.000Z,0.8423390477382218,low,34815.0,0.9181674565560821,0.08183254344391785,False,,inherit:unknown;inherit:hydro-discharge,Electricity Maps flow-traced power breakdown + literature-derived operational water factors,https://api.electricitymap.org/v3/power-breakdown/past-range?zone=ES&temporalGranularity=hourly&start=2025-02-26T10%3A00%3A00.000Z&end=2025-02-27T11%3A00%3A00.000Z
ES,10,2025-02-26T20:00:00.000Z,2025-02-26T20:00:00.000Z,0.8509202299789501,low,34669.0,0.9180824367590643,0.0819175632409357,False,,inherit:unknown;inherit:hydro-discharge,Electricity Maps flow-traced power breakdown + literature-derived operational water factors,https://api.electricitymap.org/v3/power-breakdown/past-range?zone=ES&temporalGranularity=hourly&start=2025-02-26T10%3A00%3A00.000Z&end=2025-02-27T11%3A00%3A00.000Z
ES,11,2025-02-26T21:00:00.000Z,2025-02-26T21:00:00.000Z,0.8784578897078896,low,31781.0,0.9220603505238979,0.07793964947610207,False,,inherit:unknown;inherit:hydro-discharge,Electricity Maps flow-traced power breakdown + literature-derived operational water factors,https://api.electricitymap.org/v3/power-breakdown/past-range?zone=ES&temporalGranularity=hourly&start=2025-02-26T10%3A00%3A00.000Z&end=2025-02-27T11%3A00%3A00.000Z
ES,12,2025-02-26T22:00:00.000Z,2025-02-26T22:00:00.000Z,0.9121852249227987,low,28570.0,0.9216660833041652,0.0784039201960098,False,,inherit:unknown;inherit:hydro-discharge,Electricity Maps flow-traced power breakdown + literature-derived operational water factors,https://api.electricitymap.org/v3/power-breakdown/past-range?zone=ES&temporalGranularity=hourly&start=2025-02-26T10%3A00%3A00.000Z&end=2025-02-27T11%3A00%3A00.000Z
ES,13,2025-02-26T23:00:00.000Z,2025-02-26T23:00:00.000Z,0.9451555365321153,low,26328.0,0.9333789121847463,0.06665907019143118,False,,inherit:unknown;inherit:hydro-discharge,Electricity Maps flow-traced power breakdown + literature-derived operational water factors,https://api.electricitymap.org/v3/power-breakdown/past-range?zone=ES&temporalGranularity=hourly&start=2025-02-26T10%3A00%3A00.000Z&end=2025-02-27T11%3A00%3A00.000Z
ES,14,2025-02-27T00:00:00.000Z,2025-02-27T00:00:00.000Z,0.9339727026911027,low,24732.0,0.9420588710981723,0.05794112890182759,False,,inherit:unknown;inherit:hydro-discharge,Electricity Maps flow-traced power breakdown + literature-derived operational water factors,https://api.electricitymap.org/v3/power-breakdown/past-range?zone=ES&temporalGranularity=hourly&start=2025-02-26T10%3A00%3A00.000Z&end=2025-02-27T11%3A00%3A00.000Z
ES,15,2025-02-27T01:00:00.000Z,2025-02-27T01:00:00.000Z,0.9435023600809171,low,23525.0,0.9455897980871414,0.05441020191285866,False,,inherit:unknown;inherit:hydro-discharge,Electricity Maps flow-traced power breakdown + literature-derived operational water factors,https://api.electricitymap.org/v3/power-breakdown/past-range?zone=ES&temporalGranularity=hourly&start=2025-02-26T10%3A00%3A00.000Z&end=2025-02-27T11%3A00%3A00.000Z
ES,16,2025-02-27T02:00:00.000Z,2025-02-27T02:00:00.000Z,0.9563012946850388,low,22929.0,0.9531161411313185,0.046840245976710715,False,,inherit:unknown;inherit:hydro-discharge,Electricity Maps flow-traced power breakdown + literature-derived operational water factors,https://api.electricitymap.org/v3/power-breakdown/past-range?zone=ES&temporalGranularity=hourly&start=2025-02-26T10%3A00%3A00.000Z&end=2025-02-27T11%3A00%3A00.000Z
ES,17,2025-02-27T03:00:00.000Z,2025-02-27T03:00:00.000Z,0.9600053633996823,low,22954.0,0.9543434695477911,0.04556939966890303,False,,inherit:unknown;inherit:hydro-discharge,Electricity Maps flow-traced power breakdown + literature-derived operational water factors,https://api.electricitymap.org/v3/power-breakdown/past-range?zone=ES&temporalGranularity=hourly&start=2025-02-26T10%3A00%3A00.000Z&end=2025-02-27T11%3A00%3A00.000Z
ES,18,2025-02-27T04:00:00.000Z,2025-02-27T04:00:00.000Z,0.9600128019055179,low,23409.0,0.9525823401255927,0.04737494126190782,False,,inherit:unknown;inherit:hydro-discharge,Electricity Maps flow-traced power breakdown + literature-derived operational water factors,https://api.electricitymap.org/v3/power-breakdown/past-range?zone=ES&temporalGranularity=hourly&start=2025-02-26T10%3A00%3A00.000Z&end=2025-02-27T11%3A00%3A00.000Z
ES,19,2025-02-27T05:00:00.000Z,2025-02-27T05:00:00.000Z,0.9411954187544739,low,25780.0,0.9212179984484096,0.07878200155159037,False,,inherit:unknown;inherit:hydro-discharge;inherit:battery-discharge,Electricity Maps flow-traced power breakdown + literature-derived operational water factors,https://api.electricitymap.org/v3/power-breakdown/past-range?zone=ES&temporalGranularity=hourly&start=2025-02-26T10%3A00%3A00.000Z&end=2025-02-27T11%3A00%3A00.000Z
ES,20,2025-02-27T06:00:00.000Z,2025-02-27T06:00:00.000Z,0.9532722465018915,low,29754.0,0.9151374605095112,0.08486253949048866,False,,inherit:unknown;inherit:hydro-discharge;inherit:battery-discharge,Electricity Maps flow-traced power breakdown + literature-derived operational water factors,https://api.electricitymap.org/v3/power-breakdown/past-range?zone=ES&temporalGranularity=hourly&start=2025-02-26T10%3A00%3A00.000Z&end=2025-02-27T11%3A00%3A00.000Z
ES,21,2025-02-27T07:00:00.000Z,2025-02-27T07:00:00.000Z,0.9476077651196569,low,32340.0,0.9266233766233767,0.0733457019171305,False,,inherit:unknown;inherit:hydro-discharge,Electricity Maps flow-traced power breakdown + literature-derived operational water factors,https://api.electricitymap.org/v3/power-breakdown/past-range?zone=ES&temporalGranularity=hourly&start=2025-02-26T10%3A00%3A00.000Z&end=2025-02-27T11%3A00%3A00.000Z
ES,22,2025-02-27T08:00:00.000Z,2025-02-27T08:00:00.000Z,0.8154536008831744,low,32466.0,0.9486231750138606,0.051376824986139345,False,,inherit:unknown;inherit:hydro-discharge,Electricity Maps flow-traced power breakdown + literature-derived operational water factors,https://api.electricitymap.org/v3/power-breakdown/past-range?zone=ES&temporalGranularity=hourly&start=2025-02-26T10%3A00%3A00.000Z&end=2025-02-27T11%3A00%3A00.000Z
ES,23,2025-02-27T09:00:00.000Z,2025-02-27T09:00:00.000Z,0.6340395315995875,low,31811.0,0.9842821665461633,0.015654962120021376,False,,inherit:unknown;inherit:hydro-discharge,Electricity Maps flow-traced power breakdown + literature-derived operational water factors,https://api.electricitymap.org/v3/power-breakdown/past-range?zone=ES&temporalGranularity=hourly&start=2025-02-26T10%3A00%3A00.000Z&end=2025-02-27T11%3A00%3A00.000Z
ES,24,2025-02-27T10:00:00.000Z,2025-02-27T10:00:00.000Z,0.5643989961540967,low,30885.0,0.9934272300469483,0.006572769953051644,False,,inherit:unknown;inherit:hydro-discharge,Electricity Maps flow-traced power breakdown + literature-derived operational water factors,https://api.electricitymap.org/v3/power-breakdown/past-range?zone=ES&temporalGranularity=hourly&start=2025-02-26T10%3A00%3A00.000Z&end=2025-02-27T11%3A00%3A00.000Z
IT-NO,0,2025-02-26T10:00:00.000Z,2025-02-26T10:00:00.000Z,0.4080415083308974,low,22021.0,0.932110258389719,0.06788974161028109,False,,inherit:unknown;inherit:hydro-discharge;inherit:battery-discharge,Electricity Maps flow-traced power breakdown + literature-derived operational water factors,https://api.electricitymap.org/v3/power-breakdown/past-range?zone=IT-NO&temporalGranularity=hourly&start=2025-02-26T10%3A00%3A00.000Z&end=2025-02-27T11%3A00%3A00.000Z
IT-NO,1,2025-02-26T11:00:00.000Z,2025-02-26T11:00:00.000Z,0.3909465215333649,low,20482.0,0.9284737818572405,0.0715262181427595,False,,inherit:unknown;inherit:hydro-discharge;inherit:battery-discharge,Electricity Maps flow-traced power breakdown + literature-derived operational water factors,https://api.electricitymap.org/v3/power-breakdown/past-range?zone=IT-NO&temporalGranularity=hourly&start=2025-02-26T10%3A00%3A00.000Z&end=2025-02-27T11%3A00%3A00.000Z
IT-NO,2,2025-02-26T12:00:00.000Z,2025-02-26T12:00:00.000Z,0.40115024110093733,low,19921.0,0.9265097133678027,0.07349028663219717,False,,inherit:unknown;inherit:hydro-discharge,Electricity Maps flow-traced power breakdown + literature-derived operational water factors,https://api.electricitymap.org/v3/power-breakdown/past-range?zone=IT-NO&temporalGranularity=hourly&start=2025-02-26T10%3A00%3A00.000Z&end=2025-02-27T11%3A00%3A00.000Z
IT-NO,3,2025-02-26T13:00:00.000Z,2025-02-26T13:00:00.000Z,0.4220351406704754,low,20066.0,0.9246486594239011,0.07535134057609888,False,,inherit:unknown;inherit:hydro-discharge,Electricity Maps flow-traced power breakdown + literature-derived operational water factors,https://api.electricitymap.org/v3/power-breakdown/past-range?zone=IT-NO&temporalGranularity=hourly&start=2025-02-26T10%3A00%3A00.000Z&end=2025-02-27T11%3A00%3A00.000Z
IT-NO,4,2025-02-26T14:00:00.000Z,2025-02-26T14:00:00.000Z,0.42328267313392615,low,20078.0,0.9241458312580934,0.07585416874190656,False,,inherit:unknown;inherit:hydro-discharge,Electricity Maps flow-traced power breakdown + literature-derived operational water factors,https://api.electricitymap.org/v3/power-breakdown/past-range?zone=IT-NO&temporalGranularity=hourly&start=2025-02-26T10%3A00%3A00.000Z&end=2025-02-27T11%3A00%3A00.000Z
IT-NO,5,2025-02-26T15:00:00.000Z,2025-02-26T15:00:00.000Z,0.42796706242060867,low,20375.0,0.9213742331288344,0.07857668711656442,False,,inherit:unknown;inherit:hydro-discharge;inherit:battery-discharge,Electricity Maps flow-traced power breakdown + literature-derived operational water factors,https://api.electricitymap.org/v3/power-breakdown/past-range?zone=IT-NO&temporalGranularity=hourly&start=2025-02-26T10%3A00%3A00.000Z&end=2025-02-27T11%3A00%3A00.000Z
IT-NO,6,2025-02-26T16:00:00.000Z,2025-02-26T16:00:00.000Z,0.47880009605935925,low,20775.0,0.8818291215403129,0.11812274368231047,False,,inherit:unknown;inherit:hydro-discharge;inherit:battery-discharge,Electricity Maps flow-traced power breakdown + literature-derived operational water factors,https://api.electricitymap.org/v3/power-breakdown/past-range?zone=IT-NO&temporalGranularity=hourly&start=2025-02-26T10%3A00%3A00.000Z&end=2025-02-27T11%3A00%3A00.000Z
IT-NO,7,2025-02-26T17:00:00.000Z,2025-02-26T17:00:00.000Z,0.5309803742604641,low,22543.0,0.8372887370802466,0.16275562258794304,False,,inherit:unknown;inherit:hydro-discharge;inherit:battery-discharge,Electricity Maps flow-traced power breakdown + literature-derived operational water factors,https://api.electricitymap.org/v3/power-breakdown/past-range?zone=IT-NO&temporalGranularity=hourly&start=2025-02-26T10%3A00%3A00.000Z&end=2025-02-27T11%3A00%3A00.000Z
IT-NO,8,2025-02-26T18:00:00.000Z,2025-02-26T18:00:00.000Z,0.5284802958405174,low,22581.0,0.8556308400867986,0.1443248748948231,False,,inherit:unknown;inherit:hydro-discharge;inherit:battery-discharge,Electricity Maps flow-traced power breakdown + literature-derived operational water factors,https://api.electricitymap.org/v3/power-breakdown/past-range?zone=IT-NO&temporalGranularity=hourly&start=2025-02-26T10%3A00%3A00.000Z&end=2025-02-27T11%3A00%3A00.000Z
IT-NO,9,2025-02-26T19:00:00.000Z,2025-02-26T19:00:00.000Z,0.4841507045019403,low,20666.0,0.9057388948030581,0.09416432788154457,False,,inherit:unknown;inherit:hydro-discharge;inherit:battery-discharge,Electricity Maps flow-traced power breakdown + literature-derived operational water factors,https://api.electricitymap.org/v3/power-breakdown/past-range?zone=IT-NO&temporalGranularity=hourly&start=2025-02-26T10%3A00%3A00.000Z&end=2025-02-27T11%3A00%3A00.000Z
IT-NO,10,2025-02-26T20:00:00.000Z,2025-02-26T20:00:00.000Z,0.5155897937894638,low,18378.0,0.9090760692131897,0.09097834367178148,False,,inherit:unknown;inherit:hydro-discharge,Electricity Maps flow-traced power breakdown + literature-derived operational water factors,https://api.electricitymap.org/v3/power-breakdown/past-range?zone=IT-NO&temporalGranularity=hourly&start=2025-02-26T10%3A00%3A00.000Z&end=2025-02-27T11%3A00%3A00.000Z
IT-NO,11,2025-02-26T21:00:00.000Z,2025-02-26T21:00:00.000Z,0.5388087488752762,low,16758.0,0.9091777061701874,0.09076262083780881,False,,inherit:unknown;inherit:hydro-discharge;inherit:battery-discharge,Electricity Maps flow-traced power breakdown + literature-derived operational water factors,https://api.electricitymap.org/v3/power-breakdown/past-range?zone=IT-NO&temporalGranularity=hourly&start=2025-02-26T10%3A00%3A00.000Z&end=2025-02-27T11%3A00%3A00.000Z
IT-NO,12,2025-02-26T22:00:00.000Z,2025-02-26T22:00:00.000Z,0.5771838754157632,low,15304.0,0.90348928384736,0.09657605854678515,False,,inherit:unknown;inherit:hydro-discharge,Electricity Maps flow-traced power breakdown + literature-derived operational water factors,https://api.electricitymap.org/v3/power-breakdown/past-range?zone=IT-NO&temporalGranularity=hourly&start=2025-02-26T10%3A00%3A00.000Z&end=2025-02-27T11%3A00%3A00.000Z
IT-NO,13,2025-02-26T23:00:00.000Z,2025-02-26T23:00:00.000Z,0.596343074371508,low,13898.0,0.8945891495179162,0.10548280328104763,False,,inherit:unknown;inherit:hydro-discharge,Electricity Maps flow-traced power breakdown + literature-derived operational water factors,https://api.electricitymap.org/v3/power-breakdown/past-range?zone=IT-NO&temporalGranularity=hourly&start=2025-02-26T10%3A00%3A00.000Z&end=2025-02-27T11%3A00%3A00.000Z
IT-NO,14,2025-02-27T00:00:00.000Z,2025-02-27T00:00:00.000Z,0.613040730780058,low,12838.0,0.8879887832995793,0.11208911045334165,False,,inherit:unknown;inherit:hydro-discharge,Electricity Maps flow-traced power breakdown + literature-derived operational water factors,https://api.electricitymap.org/v3/power-breakdown/past-range?zone=IT-NO&temporalGranularity=hourly&start=2025-02-26T10%3A00%3A00.000Z&end=2025-02-27T11%3A00%3A00.000Z
IT-NO,15,2025-02-27T01:00:00.000Z,2025-02-27T01:00:00.000Z,0.6277283384693412,low,12211.0,0.8851854884939809,0.11489640488084514,False,,inherit:unknown;inherit:hydro-discharge,Electricity Maps flow-traced power breakdown + literature-derived operational water factors,https://api.electricitymap.org/v3/power-breakdown/past-range?zone=IT-NO&temporalGranularity=hourly&start=2025-02-26T10%3A00%3A00.000Z&end=2025-02-27T11%3A00%3A00.000Z
IT-NO,16,2025-02-27T02:00:00.000Z,2025-02-27T02:00:00.000Z,0.647756116334048,low,11997.0,0.881470367591898,0.11861298657997832,False,,inherit:unknown;inherit:hydro-discharge;inherit:battery-discharge,Electricity Maps flow-traced power breakdown + literature-derived operational water factors,https://api.electricitymap.org/v3/power-breakdown/past-range?zone=IT-NO&temporalGranularity=hourly&start=2025-02-26T10%3A00%3A00.000Z&end=2025-02-27T11%3A00%3A00.000Z
IT-NO,17,2025-02-27T03:00:00.000Z,2025-02-27T03:00:00.000Z,0.6364995367838722,low,12297.0,0.8829795885175246,0.11710173212978775,False,,inherit:unknown,Electricity Maps flow-traced power breakdown + literature-derived operational water factors,https://api.electricitymap.org/v3/power-breakdown/past-range?zone=IT-NO&temporalGranularity=hourly&start=2025-02-26T10%3A00%3A00.000Z&end=2025-02-27T11%3A00%3A00.000Z
IT-NO,18,2025-02-27T04:00:00.000Z,2025-02-27T04:00:00.000Z,0.6130215069906864,low,13313.0,0.888379779163224,0.1115451062870878,False,,inherit:unknown;inherit:hydro-discharge;inherit:battery-discharge,Electricity Maps flow-traced power breakdown + literature-derived operational water factors,https://api.electricitymap.org/v3/power-breakdown/past-range?zone=IT-NO&temporalGranularity=hourly&start=2025-02-26T10%3A00%3A00.000Z&end=2025-02-27T11%3A00%3A00.000Z
IT-NO,19,2025-02-27T05:00:00.000Z,2025-02-27T05:00:00.000Z,0.4913594974491054,low,17439.0,0.905384483055221,0.09455817420723665,False,,inherit:unknown;inherit:hydro-discharge;inherit:battery-discharge,Electricity Maps flow-traced power breakdown + literature-derived operational water factors,https://api.electricitymap.org/v3/power-breakdown/past-range?zone=IT-NO&temporalGranularity=hourly&start=2025-02-26T10%3A00%3A00.000Z&end=2025-02-27T11%3A00%3A00.000Z
IT-NO,20,2025-02-27T06:00:00.000Z,2025-02-27T06:00:00.000Z,0.4932390144043315,low,20608.0,0.8931968167701864,0.10685170807453416,False,,inherit:unknown;inherit:hydro-discharge;inherit:battery-discharge,Electricity Maps flow-traced power breakdown + literature-derived operational water factors,https://api.electricitymap.org/v3/power-breakdown/past-range?zone=IT-NO&temporalGranularity=hourly&start=2025-02-26T10%3A00%3A00.000Z&end=2025-02-27T11%3A00%3A00.000Z
IT-NO,21,2025-02-27T07:00:00.000Z,2025-02-27T07:00:00.000Z,0.4987885052718628,low,22122.0,0.8746044661423018,0.12539553385769822,False,,inherit:unknown;inherit:hydro-discharge;inherit:battery-discharge,Electricity Maps flow-traced power breakdown + literature-derived operational water factors,https://api.electricitymap.org/v3/power-breakdown/past-range?zone=IT-NO&temporalGranularity=hourly&start=2025-02-26T10%3A00%3A00.000Z&end=2025-02-27T11%3A00%3A00.000Z
IT-NO,22,2025-02-27T08:00:00.000Z,2025-02-27T08:00:00.000Z,0.442390742947954,low,21978.0,0.9161889161889162,0.0838110838110838,False,,inherit:unknown;inherit:hydro-discharge;inherit:battery-discharge,Electricity Maps flow-traced power breakdown + literature-derived operational water factors,https://api.electricitymap.org/v3/power-breakdown/past-range?zone=IT-NO&temporalGranularity=hourly&start=2025-02-26T10%3A00%3A00.000Z&end=2025-02-27T11%3A00%3A00.000Z
IT-NO,23,2025-02-27T09:00:00.000Z,2025-02-27T09:00:00.000Z,0.39621255600865934,low,21406.0,0.9279174063346725,0.07208259366532749,False,,inherit:unknown;inherit:hydro-discharge;inherit:battery-discharge,Electricity Maps flow-traced power breakdown + literature-derived operational water factors,https://api.electricitymap.org/v3/power-breakdown/past-range?zone=IT-NO&temporalGranularity=hourly&start=2025-02-26T10%3A00%3A00.000Z&end=2025-02-27T11%3A00%3A00.000Z
IT-NO,24,2025-02-27T10:00:00.000Z,2025-02-27T10:00:00.000Z,0.3763800914206267,low,21032.0,0.9307246101179156,0.06932293647774819,False,,inherit:unknown;inherit:hydro-discharge,Electricity Maps flow-traced power breakdown + literature-derived operational water factors,https://api.electricitymap.org/v3/power-breakdown/past-range?zone=IT-NO&temporalGranularity=hourly&start=2025-02-26T10%3A00%3A00.000Z&end=2025-02-27T11%3A00%3A00.000Z
