country_name,country_code,withdrawal_gal_per_kwh,consumption_gal_per_kwh,withdrawal_l_per_kwh,consumption_l_per_kwh,source_dataset,source_url
Argentina,AR,341.38764488596036,3.0263200470642535,1292.2928138633217,11.45586756831246,WRI purchased-electricity appendix country factors,https://files.wri.org/d8/s3fs-public/guidance-calculating-water-use-embedded-purchased-electricity-appendices-1-to-7.xlsx
Australia,AU,41.30985007611282,1.2493523410014056,156.37479327339074,4.729313073994707,WRI purchased-electricity appendix country factors,https://files.wri.org/d8/s3fs-public/guidance-calculating-water-use-embedded-purchased-electricity-appendices-1-to-7.xlsx
Austria,AT,3737.403438762061,1.5116411959147582,14147.611018652027,5.722184396195578,WRI purchased-electricity appendix country factors,https://files.wri.org/d8/s3fs-public/guidance-calculating-water-use-embedded-purchased-electricity-appendices-1-to-7.xlsx
Belgium,BE,163.64323060371177,0.6920888934389088,619.45701349912,2.6198414527991654,WRI purchased-electricity appendix country factors,https://files.wri.org/d8/s3fs-public/guidance-calculating-water-use-embedded-purchased-electricity-appendices-1-to-7.xlsx
Brazil,BR,235.96940025024833,4.914497743964676,893.2413483707026,18.6033976724453,WRI purchased-electricity appendix country factors,https://files.wri.org/d8/s3fs-public/guidance-calculating-water-use-embedded-purchased-electricity-appendices-1-to-7.xlsx
Bulgaria,BG,100.27181858182932,1.2212239069313737,379.5701236627669,4.622835368200541,WRI purchased-electricity appendix country factors,https://files.wri.org/d8/s3fs-public/guidance-calculating-water-use-embedded-purchased-electricity-appendices-1-to-7.xlsx
Canada,CA,752.9318964750092,2.1572992709386893,2850.157273465968,8.166266081825922,WRI purchased-electricity appendix country factors,https://files.wri.org/d8/s3fs-public/guidance-calculating-water-use-embedded-purchased-electricity-appendices-1-to-7.xlsx
Chile,CL,121.17911078417147,2.779774242635218,458.71283393704414,10.522590174931029,WRI purchased-electricity appendix country factors,https://files.wri.org/d8/s3fs-public/guidance-calculating-water-use-embedded-purchased-electricity-appendices-1-to-7.xlsx
China,CN,159.76620582103934,1.5867424299256618,604.7808781999316,6.006473492413394,WRI purchased-electricity appendix country factors,https://files.wri.org/d8/s3fs-public/guidance-calculating-water-use-embedded-purchased-electricity-appendices-1-to-7.xlsx
Cyprus,CY,14.956196270216722,0.34202428391532363,56.615361605095224,1.2947027547472276,WRI purchased-electricity appendix country factors,https://files.wri.org/d8/s3fs-public/guidance-calculating-water-use-embedded-purchased-electricity-appendices-1-to-7.xlsx
Denmark,DK,362.98786429129194,0.843629215380473,1374.0585389372493,3.1934839732279166,WRI purchased-electricity appendix country factors,https://files.wri.org/d8/s3fs-public/guidance-calculating-water-use-embedded-purchased-electricity-appendices-1-to-7.xlsx
Estonia,EE,202.0137208538988,0.5807992259172207,764.705119450035,2.1985642339251252,WRI purchased-electricity appendix country factors,https://files.wri.org/d8/s3fs-public/guidance-calculating-water-use-embedded-purchased-electricity-appendices-1-to-7.xlsx
Finland,FI,570.9433520778706,1.1964172730810119,2161.2556929520324,4.5289320441020084,WRI purchased-electricity appendix country factors,https://files.wri.org/d8/s3fs-public/guidance-calculating-water-use-embedded-purchased-electricity-appendices-1-to-7.xlsx
France,FR,650.5355691940714,0.9704882969043804,2462.5450095383853,3.673697835335932,WRI purchased-electricity appendix country factors,https://files.wri.org/d8/s3fs-public/guidance-calculating-water-use-embedded-purchased-electricity-appendices-1-to-7.xlsx
Germany,DE,374.69882316175955,0.5143363646679895,1418.3893406474567,1.9469749357539285,WRI purchased-electricity appendix country factors,https://files.wri.org/d8/s3fs-public/guidance-calculating-water-use-embedded-purchased-electricity-appendices-1-to-7.xlsx
Greece,GR,137.1406039027987,1.3591984687865548,519.1336580785305,5.145125900539381,WRI purchased-electricity appendix country factors,https://files.wri.org/d8/s3fs-public/guidance-calculating-water-use-embedded-purchased-electricity-appendices-1-to-7.xlsx
Hungary,HU,403.1156862153527,0.9741089721788613,1525.9588689148425,3.6874035821859894,WRI purchased-electricity appendix country factors,https://files.wri.org/d8/s3fs-public/guidance-calculating-water-use-embedded-purchased-electricity-appendices-1-to-7.xlsx
Iceland,IS,246.51860158732524,1.62224927196195,933.174419423862,6.1408815106701855,WRI purchased-electricity appendix country factors,https://files.wri.org/d8/s3fs-public/guidance-calculating-water-use-embedded-purchased-electricity-appendices-1-to-7.xlsx
India,IN,626.8444768264254,0.9079186334954082,2372.8644693140654,3.4368458941466953,WRI purchased-electricity appendix country factors,https://files.wri.org/d8/s3fs-public/guidance-calculating-water-use-embedded-purchased-electricity-appendices-1-to-7.xlsx
Indonesia,ID,423.77036460316776,0.5958052621710146,1604.1453318788076,2.255368260391368,WRI purchased-electricity appendix country factors,https://files.wri.org/d8/s3fs-public/guidance-calculating-water-use-embedded-purchased-electricity-appendices-1-to-7.xlsx
Ireland,IE,55.89383094355799,0.39016378835383086,211.58116630664824,1.4769306021246733,WRI purchased-electricity appendix country factors,https://files.wri.org/d8/s3fs-public/guidance-calculating-water-use-embedded-purchased-electricity-appendices-1-to-7.xlsx
Italy,IT,930.7450051494584,1.2779084879824147,3523.2531103919005,4.837409849282255,WRI purchased-electricity appendix country factors,https://files.wri.org/d8/s3fs-public/guidance-calculating-water-use-embedded-purchased-electricity-appendices-1-to-7.xlsx
Japan,JP,489.8272476923355,0.6092746974952074,1854.1978355388535,2.3063556195913932,WRI purchased-electricity appendix country factors,https://files.wri.org/d8/s3fs-public/guidance-calculating-water-use-embedded-purchased-electricity-appendices-1-to-7.xlsx
Latvia,LV,1988.033231594663,0.6743275481361981,7525.524421862038,2.5526074469905913,WRI purchased-electricity appendix country factors,https://files.wri.org/d8/s3fs-public/guidance-calculating-water-use-embedded-purchased-electricity-appendices-1-to-7.xlsx
Lithuania,LT,806.3908060103778,1.5584559389145574,3052.521259580942,5.899397476011949,WRI purchased-electricity appendix country factors,https://files.wri.org/d8/s3fs-public/guidance-calculating-water-use-embedded-purchased-electricity-appendices-1-to-7.xlsx
Luxembourg,LU,368.4313895613606,3.375697771902853,1394.664523641069,12.778406124983603,WRI purchased-electricity appendix country factors,https://files.wri.org/d8/s3fs-public/guidance-calculating-water-use-embedded-purchased-electricity-appendices-1-to-7.xlsx
Malaysia,MY,652.5901114353791,0.44323045555274504,2470.322297949357,1.6778097894770492,WRI purchased-electricity appendix country factors,https://files.wri.org/d8/s3fs-public/guidance-calculating-water-use-embedded-purchased-electricity-appendices-1-to-7.xlsx
Malta,MT,23.47559250510037,0.29547342642355084,88.86478450518902,1.1184885902425663,WRI purchased-electricity appendix country factors,https://files.wri.org/d8/s3fs-public/guidance-calculating-water-use-embedded-purchased-electricity-appendices-1-to-7.xlsx
Mexico,MX,123.76769057513818,1.4013616642078204,468.51167438159376,5.304730957338134,WRI purchased-electricity appendix country factors,https://files.wri.org/d8/s3fs-public/guidance-calculating-water-use-embedded-purchased-electricity-appendices-1-to-7.xlsx
Netherlands,NL,184.12353163418072,0.9069137350173526,696.9833863597245,3.43304193960614,WRI purchased-electricity appendix country factors,https://files.wri.org/d8/s3fs-public/guidance-calculating-water-use-embedded-purchased-electricity-appendices-1-to-7.xlsx
New Zealand,NZ,459.80401418964067,3.9541573237280847,1740.547533643969,14.968113729030195,WRI purchased-electricity appendix country factors,https://files.wri.org/d8/s3fs-public/guidance-calculating-water-use-embedded-purchased-electricity-appendices-1-to-7.xlsx
Norway,NO,2188.521257089292,1.7602751886758257,8284.454156120299,6.663366442296294,WRI purchased-electricity appendix country factors,https://files.wri.org/d8/s3fs-public/guidance-calculating-water-use-embedded-purchased-electricity-appendices-1-to-7.xlsx
Poland,PL,57.30610654735984,0.6639898318767556,216.9272110195355,2.5134749340424496,WRI purchased-electricity appendix country factors,https://files.wri.org/d8/s3fs-public/guidance-calculating-water-use-embedded-purchased-electricity-appendices-1-to-7.xlsx
Portugal,PT,388.7169960849379,2.5342570981649115,1471.4538976210056,9.593206683079101,WRI purchased-electricity appendix country factors,https://files.wri.org/d8/s3fs-public/guidance-calculating-water-use-embedded-purchased-electricity-appendices-1-to-7.xlsx
Romania,RO,120.29824653488454,1.9433313837053607,455.3784000276891,7.356309520095298,WRI purchased-electricity appendix country factors,https://files.wri.org/d8/s3fs-public/guidance-calculating-water-use-embedded-purchased-electricity-appendices-1-to-7.xlsx
Russia,RU,546.0468108357198,0.9139170012652998,2067.012032353153,3.459552186187609,WRI purchased-electricity appendix country factors,https://files.wri.org/d8/s3fs-public/guidance-calculating-water-use-embedded-purchased-electricity-appendices-1-to-7.xlsx
Slovakia,SK,273.1897660730277,1.5309322347509748,1034.1357597610424,5.795208921931795,WRI purchased-electricity appendix country factors,https://files.wri.org/d8/s3fs-public/guidance-calculating-water-use-embedded-purchased-electricity-appendices-1-to-7.xlsx
Slovenia,SI,3912.0797758561953,0.7864185159132443,14808.83288347412,2.9769179172937865,WRI purchased-electricity appendix country factors,https://files.wri.org/d8/s3fs-public/guidance-calculating-water-use-embedded-purchased-electricity-appendices-1-to-7.xlsx
South Korea,KR,67.553135911628,0.4986722620907847,255.71643672603022,1.8876798572723927,WRI purchased-electricity appendix country factors,https://files.wri.org/d8/s3fs-public/guidance-calculating-water-use-embedded-purchased-electricity-appendices-1-to-7.xlsx
Spain,ES,77.64887449915483,1.6401879097028798,293.9329645434378,6.208786641363608,WRI purchased-electricity appendix country factors,https://files.wri.org/d8/s3fs-public/guidance-calculating-water-use-embedded-purchased-electricity-appendices-1-to-7.xlsx
Sweden,SE,997.5480741415561,1.5933571467596037,3776.130234961952,6.031512919464421,WRI purchased-electricity appendix country factors,https://files.wri.org/d8/s3fs-public/guidance-calculating-water-use-embedded-purchased-electricity-appendices-1-to-7.xlsx
Switzerland,CH,2201.2014324397646,1.496312788262679,8332.453841315164,5.664160061239442,WRI purchased-electricity appendix country factors,https://files.wri.org/d8/s3fs-public/guidance-calculating-water-use-embedded-purchased-electricity-appendices-1-to-7.xlsx
Taiwan,TW,123.13516377270436,0.39325485049384146,466.11729996996496,1.4886315451745455,WRI purchased-electricity appendix country factors,https://files.wri.org/d8/s3fs-public/guidance-calculating-water-use-embedded-purchased-electricity-appendices-1-to-7.xlsx
Thailand,TH,219.6490981728391,0.7635161050060608,831.462284568438,2.890222861163724,WRI purchased-electricity appendix country factors,https://files.wri.org/d8/s3fs-public/guidance-calculating-water-use-embedded-purchased-electricity-appendices-1-to-7.xlsx
Ukraine,UA,249.42136749582482,0.5628426718591573,944.1625837000898,2.130591282593699,WRI purchased-electricity appendix country factors,https://files.wri.org/d8/s3fs-public/guidance-calculating-water-use-embedded-purchased-electricity-appendices-1-to-7.xlsx
