region,reference_location,latitude,longitude,weather_site_source_note,weather_site_confidence,slot_index,forecast_datetime_utc,weather_time_utc,dry_bulb_c,wet_bulb_c,wet_bulb_f,model_wet_bulb_f,cooling_scenario,cooling_profile,activation_rule,activation_logic,evaporative_mode_active,dry_mode_wue_l_per_kwh,wet_tower_wue_l_per_kwh,evap_multiplier,evap_activation_dry_bulb_c,evap_activation_wet_bulb_c,direct_wue_l_per_kwh,model,source_dataset,source_url,cooling_profile_source_basis,cooling_profile_notes
DE,Frankfurt am Main metro proxy,50.1109,8.6821,Metro-scale proxy for the dominant DE cloud/data-center hub,metro,0,2025-02-26T10:00:00.000Z,2025-02-26T10:00,8.1,5.5,41.9,41.9,high,wet_tower,always,any,True,0.0,1.408141344,1.0,,,1.408141344,Gupta wet-tower submodel + explicit cooling-profile scenario,Open-Meteo historical forecast API,https://historical-forecast-api.open-meteo.com/v1/forecast?latitude=50.1109&longitude=8.6821&hourly=temperature_2m%2Cwet_bulb_temperature_2m&start_date=2025-02-26&end_date=2025-02-27&timezone=GMT,Upper-bound always-evaporative tower scenario using Gupta wet-tower curve,Represents a conservative high-water direct-cooling case
DE,Frankfurt am Main metro proxy,50.1109,8.6821,Metro-scale proxy for the dominant DE cloud/data-center hub,metro,1,2025-02-26T11:00:00.000Z,2025-02-26T11:00,7.9,5.3,41.54,41.54,high,wet_tower,always,any,True,0.0,1.40269462464,1.0,,,1.40269462464,Gupta wet-tower submodel + explicit cooling-profile scenario,Open-Meteo historical forecast API,https://historical-forecast-api.open-meteo.com/v1/forecast?latitude=50.1109&longitude=8.6821&hourly=temperature_2m%2Cwet_bulb_temperature_2m&start_date=2025-02-26&end_date=2025-02-27&timezone=GMT,Upper-bound always-evaporative tower scenario using Gupta wet-tower curve,Represents a conservative high-water direct-cooling case
DE,Frankfurt am Main metro proxy,50.1109,8.6821,Metro-scale proxy for the dominant DE cloud/data-center hub,metro,2,2025-02-26T12:00:00.000Z,2025-02-26T12:00,7.7,5.4,41.72,41.72,high,wet_tower,always,any,True,0.0,1.4054241273599999,1.0,,,1.4054241273599999,Gupta wet-tower submodel + explicit cooling-profile scenario,Open-Meteo historical forecast API,https://historical-forecast-api.open-meteo.com/v1/forecast?latitude=50.1109&longitude=8.6821&hourly=temperature_2m%2Cwet_bulb_temperature_2m&start_date=2025-02-26&end_date=2025-02-27&timezone=GMT,Upper-bound always-evaporative tower scenario using Gupta wet-tower curve,Represents a conservative high-water direct-cooling case
DE,Frankfurt am Main metro proxy,50.1109,8.6821,Metro-scale proxy for the dominant DE cloud/data-center hub,metro,3,2025-02-26T13:00:00.000Z,2025-02-26T13:00,7.9,5.2,41.36,41.36,high,wet_tower,always,any,True,0.0,1.39995283584,1.0,,,1.39995283584,Gupta wet-tower submodel + explicit cooling-profile scenario,Open-Meteo historical forecast API,https://historical-forecast-api.open-meteo.com/v1/forecast?latitude=50.1109&longitude=8.6821&hourly=temperature_2m%2Cwet_bulb_temperature_2m&start_date=2025-02-26&end_date=2025-02-27&timezone=GMT,Upper-bound always-evaporative tower scenario using Gupta wet-tower curve,Represents a conservative high-water direct-cooling case
DE,Frankfurt am Main metro proxy,50.1109,8.6821,Metro-scale proxy for the dominant DE cloud/data-center hub,metro,4,2025-02-26T14:00:00.000Z,2025-02-26T14:00,8.0,5.0,41.0,41.0,high,wet_tower,always,any,True,0.0,1.3944324,1.0,,,1.3944324,Gupta wet-tower submodel + explicit cooling-profile scenario,Open-Meteo historical forecast API,https://historical-forecast-api.open-meteo.com/v1/forecast?latitude=50.1109&longitude=8.6821&hourly=temperature_2m%2Cwet_bulb_temperature_2m&start_date=2025-02-26&end_date=2025-02-27&timezone=GMT,Upper-bound always-evaporative tower scenario using Gupta wet-tower curve,Represents a conservative high-water direct-cooling case
DE,Frankfurt am Main metro proxy,50.1109,8.6821,Metro-scale proxy for the dominant DE cloud/data-center hub,metro,5,2025-02-26T15:00:00.000Z,2025-02-26T15:00,8.8,5.6,42.08,42.08,high,wet_tower,always,any,True,0.0,1.41084627456,1.0,,,1.41084627456,Gupta wet-tower submodel + explicit cooling-profile scenario,Open-Meteo historical forecast API,https://historical-forecast-api.open-meteo.com/v1/forecast?latitude=50.1109&longitude=8.6821&hourly=temperature_2m%2Cwet_bulb_temperature_2m&start_date=2025-02-26&end_date=2025-02-27&timezone=GMT,Upper-bound always-evaporative tower scenario using Gupta wet-tower curve,Represents a conservative high-water direct-cooling case
DE,Frankfurt am Main metro proxy,50.1109,8.6821,Metro-scale proxy for the dominant DE cloud/data-center hub,metro,6,2025-02-26T16:00:00.000Z,2025-02-26T16:00,9.1,5.6,42.08,42.08,high,wet_tower,always,any,True,0.0,1.41084627456,1.0,,,1.41084627456,Gupta wet-tower submodel + explicit cooling-profile scenario,Open-Meteo historical forecast API,https://historical-forecast-api.open-meteo.com/v1/forecast?latitude=50.1109&longitude=8.6821&hourly=temperature_2m%2Cwet_bulb_temperature_2m&start_date=2025-02-26&end_date=2025-02-27&timezone=GMT,Upper-bound always-evaporative tower scenario using Gupta wet-tower curve,Represents a conservative high-water direct-cooling case
DE,Frankfurt am Main metro proxy,50.1109,8.6821,Metro-scale proxy for the dominant DE cloud/data-center hub,metro,7,2025-02-26T17:00:00.000Z,2025-02-26T17:00,8.4,5.8,42.44,42.44,high,wet_tower,always,any,True,0.0,1.41621927744,1.0,,,1.41621927744,Gupta wet-tower submodel + explicit cooling-profile scenario,Open-Meteo historical forecast API,https://historical-forecast-api.open-meteo.com/v1/forecast?latitude=50.1109&longitude=8.6821&hourly=temperature_2m%2Cwet_bulb_temperature_2m&start_date=2025-02-26&end_date=2025-02-27&timezone=GMT,Upper-bound always-evaporative tower scenario using Gupta wet-tower curve,Represents a conservative high-water direct-cooling case
DE,Frankfurt am Main metro proxy,50.1109,8.6821,Metro-scale proxy for the dominant DE cloud/data-center hub,metro,8,2025-02-26T18:00:00.000Z,2025-02-26T18:00,7.6,5.3,41.54,41.54,high,wet_tower,always,any,True,0.0,1.40269462464,1.0,,,1.40269462464,Gupta wet-tower submodel + explicit cooling-profile scenario,Open-Meteo historical forecast API,https://historical-forecast-api.open-meteo.com/v1/forecast?latitude=50.1109&longitude=8.6821&hourly=temperature_2m%2Cwet_bulb_temperature_2m&start_date=2025-02-26&end_date=2025-02-27&timezone=GMT,Upper-bound always-evaporative tower scenario using Gupta wet-tower curve,Represents a conservative high-water direct-cooling case
DE,Frankfurt am Main metro proxy,50.1109,8.6821,Metro-scale proxy for the dominant DE cloud/data-center hub,metro,9,2025-02-26T19:00:00.000Z,2025-02-26T19:00,7.0,5.0,41.0,41.0,high,wet_tower,always,any,True,0.0,1.3944324,1.0,,,1.3944324,Gupta wet-tower submodel + explicit cooling-profile scenario,Open-Meteo historical forecast API,https://historical-forecast-api.open-meteo.com/v1/forecast?latitude=50.1109&longitude=8.6821&hourly=temperature_2m%2Cwet_bulb_temperature_2m&start_date=2025-02-26&end_date=2025-02-27&timezone=GMT,Upper-bound always-evaporative tower scenario using Gupta wet-tower curve,Represents a conservative high-water direct-cooling case
DE,Frankfurt am Main metro proxy,50.1109,8.6821,Metro-scale proxy for the dominant DE cloud/data-center hub,metro,10,2025-02-26T20:00:00.000Z,2025-02-26T20:00,6.3,4.5,40.1,40.1,high,wet_tower,always,any,True,0.0,1.380416304,1.0,,,1.380416304,Gupta wet-tower submodel + explicit cooling-profile scenario,Open-Meteo historical forecast API,https://historical-forecast-api.open-meteo.com/v1/forecast?latitude=50.1109&longitude=8.6821&hourly=temperature_2m%2Cwet_bulb_temperature_2m&start_date=2025-02-26&end_date=2025-02-27&timezone=GMT,Upper-bound always-evaporative tower scenario using Gupta wet-tower curve,Represents a conservative high-water direct-cooling case
DE,Frankfurt am Main metro proxy,50.1109,8.6821,Metro-scale proxy for the dominant DE cloud/data-center hub,metro,11,2025-02-26T21:00:00.000Z,2025-02-26T21:00,5.3,3.7,38.660000000000004,38.660000000000004,high,wet_tower,always,any,True,0.0,1.35735167424,1.0,,,1.35735167424,Gupta wet-tower submodel + explicit cooling-profile scenario,Open-Meteo historical forecast API,https://historical-forecast-api.open-meteo.com/v1/forecast?latitude=50.1109&longitude=8.6821&hourly=temperature_2m%2Cwet_bulb_temperature_2m&start_date=2025-02-26&end_date=2025-02-27&timezone=GMT,Upper-bound always-evaporative tower scenario using Gupta wet-tower curve,Represents a conservative high-water direct-cooling case
DE,Frankfurt am Main metro proxy,50.1109,8.6821,Metro-scale proxy for the dominant DE cloud/data-center hub,metro,12,2025-02-26T22:00:00.000Z,2025-02-26T22:00,4.9,3.3,37.94,37.94,high,wet_tower,always,any,True,0.0,1.34552449344,1.0,,,1.34552449344,Gupta wet-tower submodel + explicit cooling-profile scenario,Open-Meteo historical forecast API,https://historical-forecast-api.open-meteo.com/v1/forecast?latitude=50.1109&longitude=8.6821&hourly=temperature_2m%2Cwet_bulb_temperature_2m&start_date=2025-02-26&end_date=2025-02-27&timezone=GMT,Upper-bound always-evaporative tower scenario using Gupta wet-tower curve,Represents a conservative high-water direct-cooling case
DE,Frankfurt am Main metro proxy,50.1109,8.6821,Metro-scale proxy for the dominant DE cloud/data-center hub,metro,13,2025-02-26T23:00:00.000Z,2025-02-26T23:00,4.5,3.1,37.58,37.58,high,wet_tower,always,any,True,0.0,1.3395371865599999,1.0,,,1.3395371865599999,Gupta wet-tower submodel + explicit cooling-profile scenario,Open-Meteo historical forecast API,https://historical-forecast-api.open-meteo.com/v1/forecast?latitude=50.1109&longitude=8.6821&hourly=temperature_2m%2Cwet_bulb_temperature_2m&start_date=2025-02-26&end_date=2025-02-27&timezone=GMT,Upper-bound always-evaporative tower scenario using Gupta wet-tower curve,Represents a conservative high-water direct-cooling case
DE,Frankfurt am Main metro proxy,50.1109,8.6821,Metro-scale proxy for the dominant DE cloud/data-center hub,metro,14,2025-02-27T00:00:00.000Z,2025-02-27T00:00,4.8,3.3,37.94,37.94,high,wet_tower,always,any,True,0.0,1.34552449344,1.0,,,1.34552449344,Gupta wet-tower submodel + explicit cooling-profile scenario,Open-Meteo historical forecast API,https://historical-forecast-api.open-meteo.com/v1/forecast?latitude=50.1109&longitude=8.6821&hourly=temperature_2m%2Cwet_bulb_temperature_2m&start_date=2025-02-26&end_date=2025-02-27&timezone=GMT,Upper-bound always-evaporative tower scenario using Gupta wet-tower curve,Represents a conservative high-water direct-cooling case
DE,Frankfurt am Main metro proxy,50.1109,8.6821,Metro-scale proxy for the dominant DE cloud/data-center hub,metro,15,2025-02-27T01:00:00.000Z,2025-02-27T01:00,5.0,3.7,38.660000000000004,38.660000000000004,high,wet_tower,always,any,True,0.0,1.35735167424,1.0,,,1.35735167424,Gupta wet-tower submodel + explicit cooling-profile scenario,Open-Meteo historical forecast API,https://historical-forecast-api.open-meteo.com/v1/forecast?latitude=50.1109&longitude=8.6821&hourly=temperature_2m%2Cwet_bulb_temperature_2m&start_date=2025-02-26&end_date=2025-02-27&timezone=GMT,Upper-bound always-evaporative tower scenario using Gupta wet-tower curve,Represents a conservative high-water direct-cooling case
DE,Frankfurt am Main metro proxy,50.1109,8.6821,Metro-scale proxy for the dominant DE cloud/data-center hub,metro,16,2025-02-27T02:00:00.000Z,2025-02-27T02:00,5.4,3.9,39.02,39.02,high,wet_tower,always,any,True,0.0,1.36319154816,1.0,,,1.36319154816,Gupta wet-tower submodel + explicit cooling-profile scenario,Open-Meteo historical forecast API,https://historical-forecast-api.open-meteo.com/v1/forecast?latitude=50.1109&longitude=8.6821&hourly=temperature_2m%2Cwet_bulb_temperature_2m&start_date=2025-02-26&end_date=2025-02-27&timezone=GMT,Upper-bound always-evaporative tower scenario using Gupta wet-tower curve,Represents a conservative high-water direct-cooling case
DE,Frankfurt am Main metro proxy,50.1109,8.6821,Metro-scale proxy for the dominant DE cloud/data-center hub,metro,17,2025-02-27T03:00:00.000Z,2025-02-27T03:00,5.1,4.0,39.2,39.2,high,wet_tower,always,any,True,0.0,1.366093056,1.0,,,1.366093056,Gupta wet-tower submodel + explicit cooling-profile scenario,Open-Meteo historical forecast API,https://historical-forecast-api.open-meteo.com/v1/forecast?latitude=50.1109&longitude=8.6821&hourly=temperature_2m%2Cwet_bulb_temperature_2m&start_date=2025-02-26&end_date=2025-02-27&timezone=GMT,Upper-bound always-evaporative tower scenario using Gupta wet-tower curve,Represents a conservative high-water direct-cooling case
DE,Frankfurt am Main metro proxy,50.1109,8.6821,Metro-scale proxy for the dominant DE cloud/data-center hub,metro,18,2025-02-27T04:00:00.000Z,2025-02-27T04:00,4.9,3.9,39.02,39.02,high,wet_tower,always,any,True,0.0,1.36319154816,1.0,,,1.36319154816,Gupta wet-tower submodel + explicit cooling-profile scenario,Open-Meteo historical forecast API,https://historical-forecast-api.open-meteo.com/v1/forecast?latitude=50.1109&longitude=8.6821&hourly=temperature_2m%2Cwet_bulb_temperature_2m&start_date=2025-02-26&end_date=2025-02-27&timezone=GMT,Upper-bound always-evaporative tower scenario using Gupta wet-tower curve,Represents a conservative high-water direct-cooling case
DE,Frankfurt am Main metro proxy,50.1109,8.6821,Metro-scale proxy for the dominant DE cloud/data-center hub,metro,19,2025-02-27T05:00:00.000Z,2025-02-27T05:00,4.7,3.6,38.48,38.48,high,wet_tower,always,any,True,0.0,1.3544133081599998,1.0,,,1.3544133081599998,Gupta wet-tower submodel + explicit cooling-profile scenario,Open-Meteo historical forecast API,https://historical-forecast-api.open-meteo.com/v1/forecast?latitude=50.1109&longitude=8.6821&hourly=temperature_2m%2Cwet_bulb_temperature_2m&start_date=2025-02-26&end_date=2025-02-27&timezone=GMT,Upper-bound always-evaporative tower scenario using Gupta wet-tower curve,Represents a conservative high-water direct-cooling case
DE,Frankfurt am Main metro proxy,50.1109,8.6821,Metro-scale proxy for the dominant DE cloud/data-center hub,metro,20,2025-02-27T06:00:00.000Z,2025-02-27T06:00,4.5,3.4,38.12,38.12,high,wet_tower,always,any,True,0.0,1.34849971776,1.0,,,1.34849971776,Gupta wet-tower submodel + explicit cooling-profile scenario,Open-Meteo historical forecast API,https://historical-forecast-api.open-meteo.com/v1/forecast?latitude=50.1109&longitude=8.6821&hourly=temperature_2m%2Cwet_bulb_temperature_2m&start_date=2025-02-26&end_date=2025-02-27&timezone=GMT,Upper-bound always-evaporative tower scenario using Gupta wet-tower curve,Represents a conservative high-water direct-cooling case
DE,Frankfurt am Main metro proxy,50.1109,8.6821,Metro-scale proxy for the dominant DE cloud/data-center hub,metro,21,2025-02-27T07:00:00.000Z,2025-02-27T07:00,4.5,3.5,38.3,38.3,high,wet_tower,always,any,True,0.0,1.3514626559999998,1.0,,,1.3514626559999998,Gupta wet-tower submodel + explicit cooling-profile scenario,Open-Meteo historical forecast API,https://historical-forecast-api.open-meteo.com/v1/forecast?latitude=50.1109&longitude=8.6821&hourly=temperature_2m%2Cwet_bulb_temperature_2m&start_date=2025-02-26&end_date=2025-02-27&timezone=GMT,Upper-bound always-evaporative tower scenario using Gupta wet-tower curve,Represents a conservative high-water direct-cooling case
DE,Frankfurt am Main metro proxy,50.1109,8.6821,Metro-scale proxy for the dominant DE cloud/data-center hub,metro,22,2025-02-27T08:00:00.000Z,2025-02-27T08:00,4.9,3.9,39.02,39.02,high,wet_tower,always,any,True,0.0,1.36319154816,1.0,,,1.36319154816,Gupta wet-tower submodel + explicit cooling-profile scenario,Open-Meteo historical forecast API,https://historical-forecast-api.open-meteo.com/v1/forecast?latitude=50.1109&longitude=8.6821&hourly=temperature_2m%2Cwet_bulb_temperature_2m&start_date=2025-02-26&end_date=2025-02-27&timezone=GMT,Upper-bound always-evaporative tower scenario using Gupta wet-tower curve,Represents a conservative high-water direct-cooling case
DE,Frankfurt am Main metro proxy,50.1109,8.6821,Metro-scale proxy for the dominant DE cloud/data-center hub,metro,23,2025-02-27T09:00:00.000Z,2025-02-27T09:00,5.7,4.2,39.56,39.56,high,wet_tower,always,any,True,0.0,1.37185921344,1.0,,,1.37185921344,Gupta wet-tower submodel + explicit cooling-profile scenario,Open-Meteo historical forecast API,https://historical-forecast-api.open-meteo.com/v1/forecast?latitude=50.1109&longitude=8.6821&hourly=temperature_2m%2Cwet_bulb_temperature_2m&start_date=2025-02-26&end_date=2025-02-27&timezone=GMT,Upper-bound always-evaporative tower scenario using Gupta wet-tower curve,Represents a conservative high-water direct-cooling case
DE,Frankfurt am Main metro proxy,50.1109,8.6821,Metro-scale proxy for the dominant DE cloud/data-center hub,metro,24,2025-02-27T10:00:00.000Z,2025-02-27T10:00,6.5,4.7,40.46,40.46,high,wet_tower,always,any,True,0.0,1.38605960064,1.0,,,1.38605960064,Gupta wet-tower submodel + explicit cooling-profile scenario,Open-Meteo historical forecast API,https://historical-forecast-api.open-meteo.com/v1/forecast?latitude=50.1109&longitude=8.6821&hourly=temperature_2m%2Cwet_bulb_temperature_2m&start_date=2025-02-26&end_date=2025-02-27&timezone=GMT,Upper-bound always-evaporative tower scenario using Gupta wet-tower curve,Represents a conservative high-water direct-cooling case
FR,Paris metro proxy,48.8566,2.3522,Metro-scale proxy for the dominant FR cloud/data-center hub,metro,0,2025-02-26T10:00:00.000Z,2025-02-26T10:00,7.4,4.9,40.82,40.82,high,wet_tower,always,any,True,0.0,1.39165375296,1.0,,,1.39165375296,Gupta wet-tower submodel + explicit cooling-profile scenario,Open-Meteo historical forecast API,https://historical-forecast-api.open-meteo.com/v1/forecast?latitude=48.8566&longitude=2.3522&hourly=temperature_2m%2Cwet_bulb_temperature_2m&start_date=2025-02-26&end_date=2025-02-27&timezone=GMT,Upper-bound always-evaporative tower scenario using Gupta wet-tower curve,Represents a conservative high-water direct-cooling case
FR,Paris metro proxy,48.8566,2.3522,Metro-scale proxy for the dominant FR cloud/data-center hub,metro,1,2025-02-26T11:00:00.000Z,2025-02-26T11:00,9.4,6.0,42.8,42.8,high,wet_tower,always,any,True,0.0,1.421543136,1.0,,,1.421543136,Gupta wet-tower submodel + explicit cooling-profile scenario,Open-Meteo historical forecast API,https://historical-forecast-api.open-meteo.com/v1/forecast?latitude=48.8566&longitude=2.3522&hourly=temperature_2m%2Cwet_bulb_temperature_2m&start_date=2025-02-26&end_date=2025-02-27&timezone=GMT,Upper-bound always-evaporative tower scenario using Gupta wet-tower curve,Represents a conservative high-water direct-cooling case
FR,Paris metro proxy,48.8566,2.3522,Metro-scale proxy for the dominant FR cloud/data-center hub,metro,2,2025-02-26T12:00:00.000Z,2025-02-26T12:00,10.3,6.7,44.06,44.06,high,wet_tower,always,any,True,0.0,1.4397896294399999,1.0,,,1.4397896294399999,Gupta wet-tower submodel + explicit cooling-profile scenario,Open-Meteo historical forecast API,https://historical-forecast-api.open-meteo.com/v1/forecast?latitude=48.8566&longitude=2.3522&hourly=temperature_2m%2Cwet_bulb_temperature_2m&start_date=2025-02-26&end_date=2025-02-27&timezone=GMT,Upper-bound always-evaporative tower scenario using Gupta wet-tower curve,Represents a conservative high-water direct-cooling case
FR,Paris metro proxy,48.8566,2.3522,Metro-scale proxy for the dominant FR cloud/data-center hub,metro,3,2025-02-26T13:00:00.000Z,2025-02-26T13:00,10.3,6.5,43.7,43.7,high,wet_tower,always,any,True,0.0,1.4346377759999998,1.0,,,1.4346377759999998,Gupta wet-tower submodel + explicit cooling-profile scenario,Open-Meteo historical forecast API,https://historical-forecast-api.open-meteo.com/v1/forecast?latitude=48.8566&longitude=2.3522&hourly=temperature_2m%2Cwet_bulb_temperature_2m&start_date=2025-02-26&end_date=2025-02-27&timezone=GMT,Upper-bound always-evaporative tower scenario using Gupta wet-tower curve,Represents a conservative high-water direct-cooling case
FR,Paris metro proxy,48.8566,2.3522,Metro-scale proxy for the dominant FR cloud/data-center hub,metro,4,2025-02-26T14:00:00.000Z,2025-02-26T14:00,10.7,6.4,43.519999999999996,43.519999999999996,high,wet_tower,always,any,True,0.0,1.4320434201599996,1.0,,,1.4320434201599996,Gupta wet-tower submodel + explicit cooling-profile scenario,Open-Meteo historical forecast API,https://historical-forecast-api.open-meteo.com/v1/forecast?latitude=48.8566&longitude=2.3522&hourly=temperature_2m%2Cwet_bulb_temperature_2m&start_date=2025-02-26&end_date=2025-02-27&timezone=GMT,Upper-bound always-evaporative tower scenario using Gupta wet-tower curve,Represents a conservative high-water direct-cooling case
FR,Paris metro proxy,48.8566,2.3522,Metro-scale proxy for the dominant FR cloud/data-center hub,metro,5,2025-02-26T15:00:00.000Z,2025-02-26T15:00,10.7,6.7,44.06,44.06,high,wet_tower,always,any,True,0.0,1.4397896294399999,1.0,,,1.4397896294399999,Gupta wet-tower submodel + explicit cooling-profile scenario,Open-Meteo historical forecast API,https://historical-forecast-api.open-meteo.com/v1/forecast?latitude=48.8566&longitude=2.3522&hourly=temperature_2m%2Cwet_bulb_temperature_2m&start_date=2025-02-26&end_date=2025-02-27&timezone=GMT,Upper-bound always-evaporative tower scenario using Gupta wet-tower curve,Represents a conservative high-water direct-cooling case
FR,Paris metro proxy,48.8566,2.3522,Metro-scale proxy for the dominant FR cloud/data-center hub,metro,6,2025-02-26T16:00:00.000Z,2025-02-26T16:00,10.4,6.9,44.42,44.42,high,wet_tower,always,any,True,0.0,1.4448923385599999,1.0,,,1.4448923385599999,Gupta wet-tower submodel + explicit cooling-profile scenario,Open-Meteo historical forecast API,https://historical-forecast-api.open-meteo.com/v1/forecast?latitude=48.8566&longitude=2.3522&hourly=temperature_2m%2Cwet_bulb_temperature_2m&start_date=2025-02-26&end_date=2025-02-27&timezone=GMT,Upper-bound always-evaporative tower scenario using Gupta wet-tower curve,Represents a conservative high-water direct-cooling case
FR,Paris metro proxy,48.8566,2.3522,Metro-scale proxy for the dominant FR cloud/data-center hub,metro,7,2025-02-26T17:00:00.000Z,2025-02-26T17:00,9.5,6.9,44.42,44.42,high,wet_tower,always,any,True,0.0,1.4448923385599999,1.0,,,1.4448923385599999,Gupta wet-tower submodel + explicit cooling-profile scenario,Open-Meteo historical forecast API,https://historical-forecast-api.open-meteo.com/v1/forecast?latitude=48.8566&longitude=2.3522&hourly=temperature_2m%2Cwet_bulb_temperature_2m&start_date=2025-02-26&end_date=2025-02-27&timezone=GMT,Upper-bound always-evaporative tower scenario using Gupta wet-tower curve,Represents a conservative high-water direct-cooling case
FR,Paris metro proxy,48.8566,2.3522,Metro-scale proxy for the dominant FR cloud/data-center hub,metro,8,2025-02-26T18:00:00.000Z,2025-02-26T18:00,8.9,6.8,44.239999999999995,44.239999999999995,high,wet_tower,always,any,True,0.0,1.4423471270399997,1.0,,,1.4423471270399997,Gupta wet-tower submodel + explicit cooling-profile scenario,Open-Meteo historical forecast API,https://historical-forecast-api.open-meteo.com/v1/forecast?latitude=48.8566&longitude=2.3522&hourly=temperature_2m%2Cwet_bulb_temperature_2m&start_date=2025-02-26&end_date=2025-02-27&timezone=GMT,Upper-bound always-evaporative tower scenario using Gupta wet-tower curve,Represents a conservative high-water direct-cooling case
FR,Paris metro proxy,48.8566,2.3522,Metro-scale proxy for the dominant FR cloud/data-center hub,metro,9,2025-02-26T19:00:00.000Z,2025-02-26T19:00,9.0,7.3,45.14,45.14,high,wet_tower,always,any,True,0.0,1.45495032384,1.0,,,1.45495032384,Gupta wet-tower submodel + explicit cooling-profile scenario,Open-Meteo historical forecast API,https://historical-forecast-api.open-meteo.com/v1/forecast?latitude=48.8566&longitude=2.3522&hourly=temperature_2m%2Cwet_bulb_temperature_2m&start_date=2025-02-26&end_date=2025-02-27&timezone=GMT,Upper-bound always-evaporative tower scenario using Gupta wet-tower curve,Represents a conservative high-water direct-cooling case
FR,Paris metro proxy,48.8566,2.3522,Metro-scale proxy for the dominant FR cloud/data-center hub,metro,10,2025-02-26T20:00:00.000Z,2025-02-26T20:00,9.1,7.3,45.14,45.14,high,wet_tower,always,any,True,0.0,1.45495032384,1.0,,,1.45495032384,Gupta wet-tower submodel + explicit cooling-profile scenario,Open-Meteo historical forecast API,https://historical-forecast-api.open-meteo.com/v1/forecast?latitude=48.8566&longitude=2.3522&hourly=temperature_2m%2Cwet_bulb_temperature_2m&start_date=2025-02-26&end_date=2025-02-27&timezone=GMT,Upper-bound always-evaporative tower scenario using Gupta wet-tower curve,Represents a conservative high-water direct-cooling case
FR,Paris metro proxy,48.8566,2.3522,Metro-scale proxy for the dominant FR cloud/data-center hub,metro,11,2025-02-26T21:00:00.000Z,2025-02-26T21:00,9.1,6.9,44.42,44.42,high,wet_tower,always,any,True,0.0,1.4448923385599999,1.0,,,1.4448923385599999,Gupta wet-tower submodel + explicit cooling-profile scenario,Open-Meteo historical forecast API,https://historical-forecast-api.open-meteo.com/v1/forecast?latitude=48.8566&longitude=2.3522&hourly=temperature_2m%2Cwet_bulb_temperature_2m&start_date=2025-02-26&end_date=2025-02-27&timezone=GMT,Upper-bound always-evaporative tower scenario using Gupta wet-tower curve,Represents a conservative high-water direct-cooling case
FR,Paris metro proxy,48.8566,2.3522,Metro-scale proxy for the dominant FR cloud/data-center hub,metro,12,2025-02-26T22:00:00.000Z,2025-02-26T22:00,8.2,6.2,43.16,43.16,high,wet_tower,always,any,True,0.0,1.42681785024,1.0,,,1.42681785024,Gupta wet-tower submodel + explicit cooling-profile scenario,Open-Meteo historical forecast API,https://historical-forecast-api.open-meteo.com/v1/forecast?latitude=48.8566&longitude=2.3522&hourly=temperature_2m%2Cwet_bulb_temperature_2m&start_date=2025-02-26&end_date=2025-02-27&timezone=GMT,Upper-bound always-evaporative tower scenario using Gupta wet-tower curve,Represents a conservative high-water direct-cooling case
FR,Paris metro proxy,48.8566,2.3522,Metro-scale proxy for the dominant FR cloud/data-center hub,metro,13,2025-02-26T23:00:00.000Z,2025-02-26T23:00,7.5,5.4,41.72,41.72,high,wet_tower,always,any,True,0.0,1.4054241273599999,1.0,,,1.4054241273599999,Gupta wet-tower submodel + explicit cooling-profile scenario,Open-Meteo historical forecast API,https://historical-forecast-api.open-meteo.com/v1/forecast?latitude=48.8566&longitude=2.3522&hourly=temperature_2m%2Cwet_bulb_temperature_2m&start_date=2025-02-26&end_date=2025-02-27&timezone=GMT,Upper-bound always-evaporative tower scenario using Gupta wet-tower curve,Represents a conservative high-water direct-cooling case
FR,Paris metro proxy,48.8566,2.3522,Metro-scale proxy for the dominant FR cloud/data-center hub,metro,14,2025-02-27T00:00:00.000Z,2025-02-27T00:00,6.7,4.9,40.82,40.82,high,wet_tower,always,any,True,0.0,1.39165375296,1.0,,,1.39165375296,Gupta wet-tower submodel + explicit cooling-profile scenario,Open-Meteo historical forecast API,https://historical-forecast-api.open-meteo.com/v1/forecast?latitude=48.8566&longitude=2.3522&hourly=temperature_2m%2Cwet_bulb_temperature_2m&start_date=2025-02-26&end_date=2025-02-27&timezone=GMT,Upper-bound always-evaporative tower scenario using Gupta wet-tower curve,Represents a conservative high-water direct-cooling case
FR,Paris metro proxy,48.8566,2.3522,Metro-scale proxy for the dominant FR cloud/data-center hub,metro,15,2025-02-27T01:00:00.000Z,2025-02-27T01:00,6.5,4.6,40.28,40.28,high,wet_tower,always,any,True,0.0,1.38324409536,1.0,,,1.38324409536,Gupta wet-tower submodel + explicit cooling-profile scenario,Open-Meteo historical forecast API,https://historical-forecast-api.open-meteo.com/v1/forecast?latitude=48.8566&longitude=2.3522&hourly=temperature_2m%2Cwet_bulb_temperature_2m&start_date=2025-02-26&end_date=2025-02-27&timezone=GMT,Upper-bound always-evaporative tower scenario using Gupta wet-tower curve,Represents a conservative high-water direct-cooling case
FR,Paris metro proxy,48.8566,2.3522,Metro-scale proxy for the dominant FR cloud/data-center hub,metro,16,2025-02-27T02:00:00.000Z,2025-02-27T02:00,6.1,4.4,39.92,39.92,high,wet_tower,always,any,True,0.0,1.37757622656,1.0,,,1.37757622656,Gupta wet-tower submodel + explicit cooling-profile scenario,Open-Meteo historical forecast API,https://historical-forecast-api.open-meteo.com/v1/forecast?latitude=48.8566&longitude=2.3522&hourly=temperature_2m%2Cwet_bulb_temperature_2m&start_date=2025-02-26&end_date=2025-02-27&timezone=GMT,Upper-bound always-evaporative tower scenario using Gupta wet-tower curve,Represents a conservative high-water direct-cooling case
FR,Paris metro proxy,48.8566,2.3522,Metro-scale proxy for the dominant FR cloud/data-center hub,metro,17,2025-02-27T03:00:00.000Z,2025-02-27T03:00,5.8,4.0,39.2,39.2,high,wet_tower,always,any,True,0.0,1.366093056,1.0,,,1.366093056,Gupta wet-tower submodel + explicit cooling-profile scenario,Open-Meteo historical forecast API,https://historical-forecast-api.open-meteo.com/v1/forecast?latitude=48.8566&longitude=2.3522&hourly=temperature_2m%2Cwet_bulb_temperature_2m&start_date=2025-02-26&end_date=2025-02-27&timezone=GMT,Upper-bound always-evaporative tower scenario using Gupta wet-tower curve,Represents a conservative high-water direct-cooling case
FR,Paris metro proxy,48.8566,2.3522,Metro-scale proxy for the dominant FR cloud/data-center hub,metro,18,2025-02-27T04:00:00.000Z,2025-02-27T04:00,5.2,3.8,38.839999999999996,38.839999999999996,high,wet_tower,always,any,True,0.0,1.36027775424,1.0,,,1.36027775424,Gupta wet-tower submodel + explicit cooling-profile scenario,Open-Meteo historical forecast API,https://historical-forecast-api.open-meteo.com/v1/forecast?latitude=48.8566&longitude=2.3522&hourly=temperature_2m%2Cwet_bulb_temperature_2m&start_date=2025-02-26&end_date=2025-02-27&timezone=GMT,Upper-bound always-evaporative tower scenario using Gupta wet-tower curve,Represents a conservative high-water direct-cooling case
FR,Paris metro proxy,48.8566,2.3522,Metro-scale proxy for the dominant FR cloud/data-center hub,metro,19,2025-02-27T05:00:00.000Z,2025-02-27T05:00,4.8,3.4,38.12,38.12,high,wet_tower,always,any,True,0.0,1.34849971776,1.0,,,1.34849971776,Gupta wet-tower submodel + explicit cooling-profile scenario,Open-Meteo historical forecast API,https://historical-forecast-api.open-meteo.com/v1/forecast?latitude=48.8566&longitude=2.3522&hourly=temperature_2m%2Cwet_bulb_temperature_2m&start_date=2025-02-26&end_date=2025-02-27&timezone=GMT,Upper-bound always-evaporative tower scenario using Gupta wet-tower curve,Represents a conservative high-water direct-cooling case
FR,Paris metro proxy,48.8566,2.3522,Metro-scale proxy for the dominant FR cloud/data-center hub,metro,20,2025-02-27T06:00:00.000Z,2025-02-27T06:00,4.6,3.4,38.12,38.12,high,wet_tower,always,any,True,0.0,1.34849971776,1.0,,,1.34849971776,Gupta wet-tower submodel + explicit cooling-profile scenario,Open-Meteo historical forecast API,https://historical-forecast-api.open-meteo.com/v1/forecast?latitude=48.8566&longitude=2.3522&hourly=temperature_2m%2Cwet_bulb_temperature_2m&start_date=2025-02-26&end_date=2025-02-27&timezone=GMT,Upper-bound always-evaporative tower scenario using Gupta wet-tower curve,Represents a conservative high-water direct-cooling case
FR,Paris metro proxy,48.8566,2.3522,Metro-scale proxy for the dominant FR cloud/data-center hub,metro,21,2025-02-27T07:00:00.000Z,2025-02-27T07:00,4.5,3.0,37.4,37.4,high,wet_tower,always,any,True,0.0,1.336525104,1.0,,,1.336525104,Gupta wet-tower submodel + explicit cooling-profile scenario,Open-Meteo historical forecast API,https://historical-forecast-api.open-meteo.com/v1/forecast?latitude=48.8566&longitude=2.3522&hourly=temperature_2m%2Cwet_bulb_temperature_2m&start_date=2025-02-26&end_date=2025-02-27&timezone=GMT,Upper-bound always-evaporative tower scenario using Gupta wet-tower curve,Represents a conservative high-water direct-cooling case
FR,Paris metro proxy,48.8566,2.3522,Metro-scale proxy for the dominant FR cloud/data-center hub,metro,22,2025-02-27T08:00:00.000Z,2025-02-27T08:00,4.9,3.2,37.76,37.76,high,wet_tower,always,any,True,0.0,1.34253698304,1.0,,,1.34253698304,Gupta wet-tower submodel + explicit cooling-profile scenario,Open-Meteo historical forecast API,https://historical-forecast-api.open-meteo.com/v1/forecast?latitude=48.8566&longitude=2.3522&hourly=temperature_2m%2Cwet_bulb_temperature_2m&start_date=2025-02-26&end_date=2025-02-27&timezone=GMT,Upper-bound always-evaporative tower scenario using Gupta wet-tower curve,Represents a conservative high-water direct-cooling case
FR,Paris metro proxy,48.8566,2.3522,Metro-scale proxy for the dominant FR cloud/data-center hub,metro,23,2025-02-27T09:00:00.000Z,2025-02-27T09:00,6.3,4.0,39.2,39.2,high,wet_tower,always,any,True,0.0,1.366093056,1.0,,,1.366093056,Gupta wet-tower submodel + explicit cooling-profile scenario,Open-Meteo historical forecast API,https://historical-forecast-api.open-meteo.com/v1/forecast?latitude=48.8566&longitude=2.3522&hourly=temperature_2m%2Cwet_bulb_temperature_2m&start_date=2025-02-26&end_date=2025-02-27&timezone=GMT,Upper-bound always-evaporative tower scenario using Gupta wet-tower curve,Represents a conservative high-water direct-cooling case
FR,Paris metro proxy,48.8566,2.3522,Metro-scale proxy for the dominant FR cloud/data-center hub,metro,24,2025-02-27T10:00:00.000Z,2025-02-27T10:00,7.4,4.7,40.46,40.46,high,wet_tower,always,any,True,0.0,1.38605960064,1.0,,,1.38605960064,Gupta wet-tower submodel + explicit cooling-profile scenario,Open-Meteo historical forecast API,https://historical-forecast-api.open-meteo.com/v1/forecast?latitude=48.8566&longitude=2.3522&hourly=temperature_2m%2Cwet_bulb_temperature_2m&start_date=2025-02-26&end_date=2025-02-27&timezone=GMT,Upper-bound always-evaporative tower scenario using Gupta wet-tower curve,Represents a conservative high-water direct-cooling case
ES,Madrid metro proxy,40.4168,-3.7038,Metro-scale proxy for the dominant ES cloud/data-center hub,metro,0,2025-02-26T10:00:00.000Z,2025-02-26T10:00,7.4,3.0,37.4,37.4,high,wet_tower,always,any,True,0.0,1.336525104,1.0,,,1.336525104,Gupta wet-tower submodel + explicit cooling-profile scenario,Open-Meteo historical forecast API,https://historical-forecast-api.open-meteo.com/v1/forecast?latitude=40.4168&longitude=-3.7038&hourly=temperature_2m%2Cwet_bulb_temperature_2m&start_date=2025-02-26&end_date=2025-02-27&timezone=GMT,Upper-bound always-evaporative tower scenario using Gupta wet-tower curve,Represents a conservative high-water direct-cooling case
ES,Madrid metro proxy,40.4168,-3.7038,Metro-scale proxy for the dominant ES cloud/data-center hub,metro,1,2025-02-26T11:00:00.000Z,2025-02-26T11:00,9.3,4.1,39.38,39.38,high,wet_tower,always,any,True,0.0,1.36898227776,1.0,,,1.36898227776,Gupta wet-tower submodel + explicit cooling-profile scenario,Open-Meteo historical forecast API,https://historical-forecast-api.open-meteo.com/v1/forecast?latitude=40.4168&longitude=-3.7038&hourly=temperature_2m%2Cwet_bulb_temperature_2m&start_date=2025-02-26&end_date=2025-02-27&timezone=GMT,Upper-bound always-evaporative tower scenario using Gupta wet-tower curve,Represents a conservative high-water direct-cooling case
ES,Madrid metro proxy,40.4168,-3.7038,Metro-scale proxy for the dominant ES cloud/data-center hub,metro,2,2025-02-26T12:00:00.000Z,2025-02-26T12:00,10.8,5.1,41.18,41.18,high,wet_tower,always,any,True,0.0,1.39719876096,1.0,,,1.39719876096,Gupta wet-tower submodel + explicit cooling-profile scenario,Open-Meteo historical forecast API,https://historical-forecast-api.open-meteo.com/v1/forecast?latitude=40.4168&longitude=-3.7038&hourly=temperature_2m%2Cwet_bulb_temperature_2m&start_date=2025-02-26&end_date=2025-02-27&timezone=GMT,Upper-bound always-evaporative tower scenario using Gupta wet-tower curve,Represents a conservative high-water direct-cooling case
ES,Madrid metro proxy,40.4168,-3.7038,Metro-scale proxy for the dominant ES cloud/data-center hub,metro,3,2025-02-26T13:00:00.000Z,2025-02-26T13:00,12.0,5.8,42.44,42.44,high,wet_tower,always,any,True,0.0,1.41621927744,1.0,,,1.41621927744,Gupta wet-tower submodel + explicit cooling-profile scenario,Open-Meteo historical forecast API,https://historical-forecast-api.open-meteo.com/v1/forecast?latitude=40.4168&longitude=-3.7038&hourly=temperature_2m%2Cwet_bulb_temperature_2m&start_date=2025-02-26&end_date=2025-02-27&timezone=GMT,Upper-bound always-evaporative tower scenario using Gupta wet-tower curve,Represents a conservative high-water direct-cooling case
ES,Madrid metro proxy,40.4168,-3.7038,Metro-scale proxy for the dominant ES cloud/data-center hub,metro,4,2025-02-26T14:00:00.000Z,2025-02-26T14:00,12.8,6.3,43.34,43.34,high,wet_tower,always,any,True,0.0,1.42943677824,1.0,,,1.42943677824,Gupta wet-tower submodel + explicit cooling-profile scenario,Open-Meteo historical forecast API,https://historical-forecast-api.open-meteo.com/v1/forecast?latitude=40.4168&longitude=-3.7038&hourly=temperature_2m%2Cwet_bulb_temperature_2m&start_date=2025-02-26&end_date=2025-02-27&timezone=GMT,Upper-bound always-evaporative tower scenario using Gupta wet-tower curve,Represents a conservative high-water direct-cooling case
ES,Madrid metro proxy,40.4168,-3.7038,Metro-scale proxy for the dominant ES cloud/data-center hub,metro,5,2025-02-26T15:00:00.000Z,2025-02-26T15:00,13.8,6.5,43.7,43.7,high,wet_tower,always,any,True,0.0,1.4346377759999998,1.0,,,1.4346377759999998,Gupta wet-tower submodel + explicit cooling-profile scenario,Open-Meteo historical forecast API,https://historical-forecast-api.open-meteo.com/v1/forecast?latitude=40.4168&longitude=-3.7038&hourly=temperature_2m%2Cwet_bulb_temperature_2m&start_date=2025-02-26&end_date=2025-02-27&timezone=GMT,Upper-bound always-evaporative tower scenario using Gupta wet-tower curve,Represents a conservative high-water direct-cooling case
ES,Madrid metro proxy,40.4168,-3.7038,Metro-scale proxy for the dominant ES cloud/data-center hub,metro,6,2025-02-26T16:00:00.000Z,2025-02-26T16:00,13.7,6.7,44.06,44.06,high,wet_tower,always,any,True,0.0,1.4397896294399999,1.0,,,1.4397896294399999,Gupta wet-tower submodel + explicit cooling-profile scenario,Open-Meteo historical forecast API,https://historical-forecast-api.open-meteo.com/v1/forecast?latitude=40.4168&longitude=-3.7038&hourly=temperature_2m%2Cwet_bulb_temperature_2m&start_date=2025-02-26&end_date=2025-02-27&timezone=GMT,Upper-bound always-evaporative tower scenario using Gupta wet-tower curve,Represents a conservative high-water direct-cooling case
ES,Madrid metro proxy,40.4168,-3.7038,Metro-scale proxy for the dominant ES cloud/data-center hub,metro,7,2025-02-26T17:00:00.000Z,2025-02-26T17:00,13.2,6.3,43.34,43.34,high,wet_tower,always,any,True,0.0,1.42943677824,1.0,,,1.42943677824,Gupta wet-tower submodel + explicit cooling-profile scenario,Open-Meteo historical forecast API,https://historical-forecast-api.open-meteo.com/v1/forecast?latitude=40.4168&longitude=-3.7038&hourly=temperature_2m%2Cwet_bulb_temperature_2m&start_date=2025-02-26&end_date=2025-02-27&timezone=GMT,Upper-bound always-evaporative tower scenario using Gupta wet-tower curve,Represents a conservative high-water direct-cooling case
ES,Madrid metro proxy,40.4168,-3.7038,Metro-scale proxy for the dominant ES cloud/data-center hub,metro,8,2025-02-26T18:00:00.000Z,2025-02-26T18:00,11.7,5.5,41.9,41.9,high,wet_tower,always,any,True,0.0,1.408141344,1.0,,,1.408141344,Gupta wet-tower submodel + explicit cooling-profile scenario,Open-Meteo historical forecast API,https://historical-forecast-api.open-meteo.com/v1/forecast?latitude=40.4168&longitude=-3.7038&hourly=temperature_2m%2Cwet_bulb_temperature_2m&start_date=2025-02-26&end_date=2025-02-27&timezone=GMT,Upper-bound always-evaporative tower scenario using Gupta wet-tower curve,Represents a conservative high-water direct-cooling case
ES,Madrid metro proxy,40.4168,-3.7038,Metro-scale proxy for the dominant ES cloud/data-center hub,metro,9,2025-02-26T19:00:00.000Z,2025-02-26T19:00,10.2,4.8,40.64,40.64,high,wet_tower,always,any,True,0.0,1.38886281984,1.0,,,1.38886281984,Gupta wet-tower submodel + explicit cooling-profile scenario,Open-Meteo historical forecast API,https://historical-forecast-api.open-meteo.com/v1/forecast?latitude=40.4168&longitude=-3.7038&hourly=temperature_2m%2Cwet_bulb_temperature_2m&start_date=2025-02-26&end_date=2025-02-27&timezone=GMT,Upper-bound always-evaporative tower scenario using Gupta wet-tower curve,Represents a conservative high-water direct-cooling case
ES,Madrid metro proxy,40.4168,-3.7038,Metro-scale proxy for the dominant ES cloud/data-center hub,metro,10,2025-02-26T20:00:00.000Z,2025-02-26T20:00,9.1,4.1,39.38,39.38,high,wet_tower,always,any,True,0.0,1.36898227776,1.0,,,1.36898227776,Gupta wet-tower submodel + explicit cooling-profile scenario,Open-Meteo historical forecast API,https://historical-forecast-api.open-meteo.com/v1/forecast?latitude=40.4168&longitude=-3.7038&hourly=temperature_2m%2Cwet_bulb_temperature_2m&start_date=2025-02-26&end_date=2025-02-27&timezone=GMT,Upper-bound always-evaporative tower scenario using Gupta wet-tower curve,Represents a conservative high-water direct-cooling case
ES,Madrid metro proxy,40.4168,-3.7038,Metro-scale proxy for the dominant ES cloud/data-center hub,metro,11,2025-02-26T21:00:00.000Z,2025-02-26T21:00,7.9,3.4,38.12,38.12,high,wet_tower,always,any,True,0.0,1.34849971776,1.0,,,1.34849971776,Gupta wet-tower submodel + explicit cooling-profile scenario,Open-Meteo historical forecast API,https://historical-forecast-api.open-meteo.com/v1/forecast?latitude=40.4168&longitude=-3.7038&hourly=temperature_2m%2Cwet_bulb_temperature_2m&start_date=2025-02-26&end_date=2025-02-27&timezone=GMT,Upper-bound always-evaporative tower scenario using Gupta wet-tower curve,Represents a conservative high-water direct-cooling case
ES,Madrid metro proxy,40.4168,-3.7038,Metro-scale proxy for the dominant ES cloud/data-center hub,metro,12,2025-02-26T22:00:00.000Z,2025-02-26T22:00,6.9,2.8,37.04,37.04,high,wet_tower,always,any,True,0.0,1.3304640806399999,1.0,,,1.3304640806399999,Gupta wet-tower submodel + explicit cooling-profile scenario,Open-Meteo historical forecast API,https://historical-forecast-api.open-meteo.com/v1/forecast?latitude=40.4168&longitude=-3.7038&hourly=temperature_2m%2Cwet_bulb_temperature_2m&start_date=2025-02-26&end_date=2025-02-27&timezone=GMT,Upper-bound always-evaporative tower scenario using Gupta wet-tower curve,Represents a conservative high-water direct-cooling case
ES,Madrid metro proxy,40.4168,-3.7038,Metro-scale proxy for the dominant ES cloud/data-center hub,metro,13,2025-02-26T23:00:00.000Z,2025-02-26T23:00,6.5,2.4,36.32,36.32,high,wet_tower,always,any,True,0.0,1.3181946009599999,1.0,,,1.3181946009599999,Gupta wet-tower submodel + explicit cooling-profile scenario,Open-Meteo historical forecast API,https://historical-forecast-api.open-meteo.com/v1/forecast?latitude=40.4168&longitude=-3.7038&hourly=temperature_2m%2Cwet_bulb_temperature_2m&start_date=2025-02-26&end_date=2025-02-27&timezone=GMT,Upper-bound always-evaporative tower scenario using Gupta wet-tower curve,Represents a conservative high-water direct-cooling case
ES,Madrid metro proxy,40.4168,-3.7038,Metro-scale proxy for the dominant ES cloud/data-center hub,metro,14,2025-02-27T00:00:00.000Z,2025-02-27T00:00,6.3,2.6,36.68,36.68,high,wet_tower,always,any,True,0.0,1.32435391296,1.0,,,1.32435391296,Gupta wet-tower submodel + explicit cooling-profile scenario,Open-Meteo historical forecast API,https://historical-forecast-api.open-meteo.com/v1/forecast?latitude=40.4168&longitude=-3.7038&hourly=temperature_2m%2Cwet_bulb_temperature_2m&start_date=2025-02-26&end_date=2025-02-27&timezone=GMT,Upper-bound always-evaporative tower scenario using Gupta wet-tower curve,Represents a conservative high-water direct-cooling case
ES,Madrid metro proxy,40.4168,-3.7038,Metro-scale proxy for the dominant ES cloud/data-center hub,metro,15,2025-02-27T01:00:00.000Z,2025-02-27T01:00,5.9,2.2,35.96,35.96,high,wet_tower,always,any,True,0.0,1.3119861446399999,1.0,,,1.3119861446399999,Gupta wet-tower submodel + explicit cooling-profile scenario,Open-Meteo historical forecast API,https://historical-forecast-api.open-meteo.com/v1/forecast?latitude=40.4168&longitude=-3.7038&hourly=temperature_2m%2Cwet_bulb_temperature_2m&start_date=2025-02-26&end_date=2025-02-27&timezone=GMT,Upper-bound always-evaporative tower scenario using Gupta wet-tower curve,Represents a conservative high-water direct-cooling case
ES,Madrid metro proxy,40.4168,-3.7038,Metro-scale proxy for the dominant ES cloud/data-center hub,metro,16,2025-02-27T02:00:00.000Z,2025-02-27T02:00,5.5,2.1,35.78,35.78,high,wet_tower,always,any,True,0.0,1.30886348736,1.0,,,1.30886348736,Gupta wet-tower submodel + explicit cooling-profile scenario,Open-Meteo historical forecast API,https://historical-forecast-api.open-meteo.com/v1/forecast?latitude=40.4168&longitude=-3.7038&hourly=temperature_2m%2Cwet_bulb_temperature_2m&start_date=2025-02-26&end_date=2025-02-27&timezone=GMT,Upper-bound always-evaporative tower scenario using Gupta wet-tower curve,Represents a conservative high-water direct-cooling case
ES,Madrid metro proxy,40.4168,-3.7038,Metro-scale proxy for the dominant ES cloud/data-center hub,metro,17,2025-02-27T03:00:00.000Z,2025-02-27T03:00,5.4,2.5,36.5,36.5,high,wet_tower,always,any,True,0.0,1.3212804,1.0,,,1.3212804,Gupta wet-tower submodel + explicit cooling-profile scenario,Open-Meteo historical forecast API,https://historical-forecast-api.open-meteo.com/v1/forecast?latitude=40.4168&longitude=-3.7038&hourly=temperature_2m%2Cwet_bulb_temperature_2m&start_date=2025-02-26&end_date=2025-02-27&timezone=GMT,Upper-bound always-evaporative tower scenario using Gupta wet-tower curve,Represents a conservative high-water direct-cooling case
ES,Madrid metro proxy,40.4168,-3.7038,Metro-scale proxy for the dominant ES cloud/data-center hub,metro,18,2025-02-27T04:00:00.000Z,2025-02-27T04:00,4.7,2.6,36.68,36.68,high,wet_tower,always,any,True,0.0,1.32435391296,1.0,,,1.32435391296,Gupta wet-tower submodel + explicit cooling-profile scenario,Open-Meteo historical forecast API,https://historical-forecast-api.open-meteo.com/v1/forecast?latitude=40.4168&longitude=-3.7038&hourly=temperature_2m%2Cwet_bulb_temperature_2m&start_date=2025-02-26&end_date=2025-02-27&timezone=GMT,Upper-bound always-evaporative tower scenario using Gupta wet-tower curve,Represents a conservative high-water direct-cooling case
ES,Madrid metro proxy,40.4168,-3.7038,Metro-scale proxy for the dominant ES cloud/data-center hub,metro,19,2025-02-27T05:00:00.000Z,2025-02-27T05:00,4.4,2.5,36.5,36.5,high,wet_tower,always,any,True,0.0,1.3212804,1.0,,,1.3212804,Gupta wet-tower submodel + explicit cooling-profile scenario,Open-Meteo historical forecast API,https://historical-forecast-api.open-meteo.com/v1/forecast?latitude=40.4168&longitude=-3.7038&hourly=temperature_2m%2Cwet_bulb_temperature_2m&start_date=2025-02-26&end_date=2025-02-27&timezone=GMT,Upper-bound always-evaporative tower scenario using Gupta wet-tower curve,Represents a conservative high-water direct-cooling case
ES,Madrid metro proxy,40.4168,-3.7038,Metro-scale proxy for the dominant ES cloud/data-center hub,metro,20,2025-02-27T06:00:00.000Z,2025-02-27T06:00,4.5,2.4,36.32,36.32,high,wet_tower,always,any,True,0.0,1.3181946009599999,1.0,,,1.3181946009599999,Gupta wet-tower submodel + explicit cooling-profile scenario,Open-Meteo historical forecast API,https://historical-forecast-api.open-meteo.com/v1/forecast?latitude=40.4168&longitude=-3.7038&hourly=temperature_2m%2Cwet_bulb_temperature_2m&start_date=2025-02-26&end_date=2025-02-27&timezone=GMT,Upper-bound always-evaporative tower scenario using Gupta wet-tower curve,Represents a conservative high-water direct-cooling case
ES,Madrid metro proxy,40.4168,-3.7038,Metro-scale proxy for the dominant ES cloud/data-center hub,metro,21,2025-02-27T07:00:00.000Z,2025-02-27T07:00,4.5,2.4,36.32,36.32,high,wet_tower,always,any,True,0.0,1.3181946009599999,1.0,,,1.3181946009599999,Gupta wet-tower submodel + explicit cooling-profile scenario,Open-Meteo historical forecast API,https://historical-forecast-api.open-meteo.com/v1/forecast?latitude=40.4168&longitude=-3.7038&hourly=temperature_2m%2Cwet_bulb_temperature_2m&start_date=2025-02-26&end_date=2025-02-27&timezone=GMT,Upper-bound always-evaporative tower scenario using Gupta wet-tower curve,Represents a conservative high-water direct-cooling case
ES,Madrid metro proxy,40.4168,-3.7038,Metro-scale proxy for the dominant ES cloud/data-center hub,metro,22,2025-02-27T08:00:00.000Z,2025-02-27T08:00,5.0,2.7,36.86,36.86,high,wet_tower,always,any,True,0.0,1.32741513984,1.0,,,1.32741513984,Gupta wet-tower submodel + explicit cooling-profile scenario,Open-Meteo historical forecast API,https://historical-forecast-api.open-meteo.com/v1/forecast?latitude=40.4168&longitude=-3.7038&hourly=temperature_2m%2Cwet_bulb_temperature_2m&start_date=2025-02-26&end_date=2025-02-27&timezone=GMT,Upper-bound always-evaporative tower scenario using Gupta wet-tower curve,Represents a conservative high-water direct-cooling case
ES,Madrid metro proxy,40.4168,-3.7038,Metro-scale proxy for the dominant ES cloud/data-center hub,metro,23,2025-02-27T09:00:00.000Z,2025-02-27T09:00,5.4,3.4,38.12,38.12,high,wet_tower,always,any,True,0.0,1.34849971776,1.0,,,1.34849971776,Gupta wet-tower submodel + explicit cooling-profile scenario,Open-Meteo historical forecast API,https://historical-forecast-api.open-meteo.com/v1/forecast?latitude=40.4168&longitude=-3.7038&hourly=temperature_2m%2Cwet_bulb_temperature_2m&start_date=2025-02-26&end_date=2025-02-27&timezone=GMT,Upper-bound always-evaporative tower scenario using Gupta wet-tower curve,Represents a conservative high-water direct-cooling case
ES,Madrid metro proxy,40.4168,-3.7038,Metro-scale proxy for the dominant ES cloud/data-center hub,metro,24,2025-02-27T10:00:00.000Z,2025-02-27T10:00,7.1,4.3,39.74,39.74,high,wet_tower,always,any,True,0.0,1.37472386304,1.0,,,1.37472386304,Gupta wet-tower submodel + explicit cooling-profile scenario,Open-Meteo historical forecast API,https://historical-forecast-api.open-meteo.com/v1/forecast?latitude=40.4168&longitude=-3.7038&hourly=temperature_2m%2Cwet_bulb_temperature_2m&start_date=2025-02-26&end_date=2025-02-27&timezone=GMT,Upper-bound always-evaporative tower scenario using Gupta wet-tower curve,Represents a conservative high-water direct-cooling case
IT-NO,Milan metro proxy,45.4642,9.19,Metro-scale proxy for the dominant North Italy cloud/data-center hub,metro,0,2025-02-26T10:00:00.000Z,2025-02-26T10:00,11.5,9.3,48.74,48.74,high,wet_tower,always,any,True,0.0,1.5022915910399999,1.0,,,1.5022915910399999,Gupta wet-tower submodel + explicit cooling-profile scenario,Open-Meteo historical forecast API,https://historical-forecast-api.open-meteo.com/v1/forecast?latitude=45.4642&longitude=9.19&hourly=temperature_2m%2Cwet_bulb_temperature_2m&start_date=2025-02-26&end_date=2025-02-27&timezone=GMT,Upper-bound always-evaporative tower scenario using Gupta wet-tower curve,Represents a conservative high-water direct-cooling case
IT-NO,Milan metro proxy,45.4642,9.19,Metro-scale proxy for the dominant North Italy cloud/data-center hub,metro,1,2025-02-26T11:00:00.000Z,2025-02-26T11:00,12.1,9.5,49.1,49.1,high,wet_tower,always,any,True,0.0,1.5067554239999998,1.0,,,1.5067554239999998,Gupta wet-tower submodel + explicit cooling-profile scenario,Open-Meteo historical forecast API,https://historical-forecast-api.open-meteo.com/v1/forecast?latitude=45.4642&longitude=9.19&hourly=temperature_2m%2Cwet_bulb_temperature_2m&start_date=2025-02-26&end_date=2025-02-27&timezone=GMT,Upper-bound always-evaporative tower scenario using Gupta wet-tower curve,Represents a conservative high-water direct-cooling case
IT-NO,Milan metro proxy,45.4642,9.19,Metro-scale proxy for the dominant North Italy cloud/data-center hub,metro,2,2025-02-26T12:00:00.000Z,2025-02-26T12:00,13.0,9.5,49.1,49.1,high,wet_tower,always,any,True,0.0,1.5067554239999998,1.0,,,1.5067554239999998,Gupta wet-tower submodel + explicit cooling-profile scenario,Open-Meteo historical forecast API,https://historical-forecast-api.open-meteo.com/v1/forecast?latitude=45.4642&longitude=9.19&hourly=temperature_2m%2Cwet_bulb_temperature_2m&start_date=2025-02-26&end_date=2025-02-27&timezone=GMT,Upper-bound always-evaporative tower scenario using Gupta wet-tower curve,Represents a conservative high-water direct-cooling case
IT-NO,Milan metro proxy,45.4642,9.19,Metro-scale proxy for the dominant North Italy cloud/data-center hub,metro,3,2025-02-26T13:00:00.000Z,2025-02-26T13:00,13.5,9.6,49.28,49.28,high,wet_tower,always,any,True,0.0,1.5089689113599998,1.0,,,1.5089689113599998,Gupta wet-tower submodel + explicit cooling-profile scenario,Open-Meteo historical forecast API,https://historical-forecast-api.open-meteo.com/v1/forecast?latitude=45.4642&longitude=9.19&hourly=temperature_2m%2Cwet_bulb_temperature_2m&start_date=2025-02-26&end_date=2025-02-27&timezone=GMT,Upper-bound always-evaporative tower scenario using Gupta wet-tower curve,Represents a conservative high-water direct-cooling case
IT-NO,Milan metro proxy,45.4642,9.19,Metro-scale proxy for the dominant North Italy cloud/data-center hub,metro,4,2025-02-26T14:00:00.000Z,2025-02-26T14:00,13.7,9.6,49.28,49.28,high,wet_tower,always,any,True,0.0,1.5089689113599998,1.0,,,1.5089689113599998,Gupta wet-tower submodel + explicit cooling-profile scenario,Open-Meteo historical forecast API,https://historical-forecast-api.open-meteo.com/v1/forecast?latitude=45.4642&longitude=9.19&hourly=temperature_2m%2Cwet_bulb_temperature_2m&start_date=2025-02-26&end_date=2025-02-27&timezone=GMT,Upper-bound always-evaporative tower scenario using Gupta wet-tower curve,Represents a conservative high-water direct-cooling case
IT-NO,Milan metro proxy,45.4642,9.19,Metro-scale proxy for the dominant North Italy cloud/data-center hub,metro,5,2025-02-26T15:00:00.000Z,2025-02-26T15:00,13.7,9.9,49.82,49.82,high,wet_tower,always,any,True,0.0,1.5155356569599998,1.0,,,1.5155356569599998,Gupta wet-tower submodel + explicit cooling-profile scenario,Open-Meteo historical forecast API,https://historical-forecast-api.open-meteo.com/v1/forecast?latitude=45.4642&longitude=9.19&hourly=temperature_2m%2Cwet_bulb_temperature_2m&start_date=2025-02-26&end_date=2025-02-27&timezone=GMT,Upper-bound always-evaporative tower scenario using Gupta wet-tower curve,Represents a conservative high-water direct-cooling case
IT-NO,Milan metro proxy,45.4642,9.19,Metro-scale proxy for the dominant North Italy cloud/data-center hub,metro,6,2025-02-26T16:00:00.000Z,2025-02-26T16:00,13.0,9.8,49.64,49.64,high,wet_tower,always,any,True,0.0,1.5133590278399998,1.0,,,1.5133590278399998,Gupta wet-tower submodel + explicit cooling-profile scenario,Open-Meteo historical forecast API,https://historical-forecast-api.open-meteo.com/v1/forecast?latitude=45.4642&longitude=9.19&hourly=temperature_2m%2Cwet_bulb_temperature_2m&start_date=2025-02-26&end_date=2025-02-27&timezone=GMT,Upper-bound always-evaporative tower scenario using Gupta wet-tower curve,Represents a conservative high-water direct-cooling case
IT-NO,Milan metro proxy,45.4642,9.19,Metro-scale proxy for the dominant North Italy cloud/data-center hub,metro,7,2025-02-26T17:00:00.000Z,2025-02-26T17:00,12.0,9.2,48.56,48.56,high,wet_tower,always,any,True,0.0,1.5000412454399998,1.0,,,1.5000412454399998,Gupta wet-tower submodel + explicit cooling-profile scenario,Open-Meteo historical forecast API,https://historical-forecast-api.open-meteo.com/v1/forecast?latitude=45.4642&longitude=9.19&hourly=temperature_2m%2Cwet_bulb_temperature_2m&start_date=2025-02-26&end_date=2025-02-27&timezone=GMT,Upper-bound always-evaporative tower scenario using Gupta wet-tower curve,Represents a conservative high-water direct-cooling case
IT-NO,Milan metro proxy,45.4642,9.19,Metro-scale proxy for the dominant North Italy cloud/data-center hub,metro,8,2025-02-26T18:00:00.000Z,2025-02-26T18:00,10.7,9.2,48.56,48.56,high,wet_tower,always,any,True,0.0,1.5000412454399998,1.0,,,1.5000412454399998,Gupta wet-tower submodel + explicit cooling-profile scenario,Open-Meteo historical forecast API,https://historical-forecast-api.open-meteo.com/v1/forecast?latitude=45.4642&longitude=9.19&hourly=temperature_2m%2Cwet_bulb_temperature_2m&start_date=2025-02-26&end_date=2025-02-27&timezone=GMT,Upper-bound always-evaporative tower scenario using Gupta wet-tower curve,Represents a conservative high-water direct-cooling case
IT-NO,Milan metro proxy,45.4642,9.19,Metro-scale proxy for the dominant North Italy cloud/data-center hub,metro,9,2025-02-26T19:00:00.000Z,2025-02-26T19:00,10.0,8.6,47.48,47.48,high,wet_tower,always,any,True,0.0,1.4862811641599998,1.0,,,1.4862811641599998,Gupta wet-tower submodel + explicit cooling-profile scenario,Open-Meteo historical forecast API,https://historical-forecast-api.open-meteo.com/v1/forecast?latitude=45.4642&longitude=9.19&hourly=temperature_2m%2Cwet_bulb_temperature_2m&start_date=2025-02-26&end_date=2025-02-27&timezone=GMT,Upper-bound always-evaporative tower scenario using Gupta wet-tower curve,Represents a conservative high-water direct-cooling case
IT-NO,Milan metro proxy,45.4642,9.19,Metro-scale proxy for the dominant North Italy cloud/data-center hub,metro,10,2025-02-26T20:00:00.000Z,2025-02-26T20:00,9.6,8.4,47.120000000000005,47.120000000000005,high,wet_tower,always,any,True,0.0,1.4815961817599999,1.0,,,1.4815961817599999,Gupta wet-tower submodel + explicit cooling-profile scenario,Open-Meteo historical forecast API,https://historical-forecast-api.open-meteo.com/v1/forecast?latitude=45.4642&longitude=9.19&hourly=temperature_2m%2Cwet_bulb_temperature_2m&start_date=2025-02-26&end_date=2025-02-27&timezone=GMT,Upper-bound always-evaporative tower scenario using Gupta wet-tower curve,Represents a conservative high-water direct-cooling case
IT-NO,Milan metro proxy,45.4642,9.19,Metro-scale proxy for the dominant North Italy cloud/data-center hub,metro,11,2025-02-26T21:00:00.000Z,2025-02-26T21:00,8.7,7.4,45.32,45.32,high,wet_tower,always,any,True,0.0,1.45743410496,1.0,,,1.45743410496,Gupta wet-tower submodel + explicit cooling-profile scenario,Open-Meteo historical forecast API,https://historical-forecast-api.open-meteo.com/v1/forecast?latitude=45.4642&longitude=9.19&hourly=temperature_2m%2Cwet_bulb_temperature_2m&start_date=2025-02-26&end_date=2025-02-27&timezone=GMT,Upper-bound always-evaporative tower scenario using Gupta wet-tower curve,Represents a conservative high-water direct-cooling case
IT-NO,Milan metro proxy,45.4642,9.19,Metro-scale proxy for the dominant North Italy cloud/data-center hub,metro,12,2025-02-26T22:00:00.000Z,2025-02-26T22:00,8.1,7.1,44.78,44.78,high,wet_tower,always,any,True,0.0,1.4499459033599997,1.0,,,1.4499459033599997,Gupta wet-tower submodel + explicit cooling-profile scenario,Open-Meteo historical forecast API,https://historical-forecast-api.open-meteo.com/v1/forecast?latitude=45.4642&longitude=9.19&hourly=temperature_2m%2Cwet_bulb_temperature_2m&start_date=2025-02-26&end_date=2025-02-27&timezone=GMT,Upper-bound always-evaporative tower scenario using Gupta wet-tower curve,Represents a conservative high-water direct-cooling case
IT-NO,Milan metro proxy,45.4642,9.19,Metro-scale proxy for the dominant North Italy cloud/data-center hub,metro,13,2025-02-26T23:00:00.000Z,2025-02-26T23:00,7.6,6.7,44.06,44.06,high,wet_tower,always,any,True,0.0,1.4397896294399999,1.0,,,1.4397896294399999,Gupta wet-tower submodel + explicit cooling-profile scenario,Open-Meteo historical forecast API,https://historical-forecast-api.open-meteo.com/v1/forecast?latitude=45.4642&longitude=9.19&hourly=temperature_2m%2Cwet_bulb_temperature_2m&start_date=2025-02-26&end_date=2025-02-27&timezone=GMT,Upper-bound always-evaporative tower scenario using Gupta wet-tower curve,Represents a conservative high-water direct-cooling case
IT-NO,Milan metro proxy,45.4642,9.19,Metro-scale proxy for the dominant North Italy cloud/data-center hub,metro,14,2025-02-27T00:00:00.000Z,2025-02-27T00:00,7.1,6.6,43.879999999999995,43.879999999999995,high,wet_tower,always,any,True,0.0,1.4372198457599996,1.0,,,1.4372198457599996,Gupta wet-tower submodel + explicit cooling-profile scenario,Open-Meteo historical forecast API,https://historical-forecast-api.open-meteo.com/v1/forecast?latitude=45.4642&longitude=9.19&hourly=temperature_2m%2Cwet_bulb_temperature_2m&start_date=2025-02-26&end_date=2025-02-27&timezone=GMT,Upper-bound always-evaporative tower scenario using Gupta wet-tower curve,Represents a conservative high-water direct-cooling case
IT-NO,Milan metro proxy,45.4642,9.19,Metro-scale proxy for the dominant North Italy cloud/data-center hub,metro,15,2025-02-27T01:00:00.000Z,2025-02-27T01:00,6.8,6.4,43.519999999999996,43.519999999999996,high,wet_tower,always,any,True,0.0,1.4320434201599996,1.0,,,1.4320434201599996,Gupta wet-tower submodel + explicit cooling-profile scenario,Open-Meteo historical forecast API,https://historical-forecast-api.open-meteo.com/v1/forecast?latitude=45.4642&longitude=9.19&hourly=temperature_2m%2Cwet_bulb_temperature_2m&start_date=2025-02-26&end_date=2025-02-27&timezone=GMT,Upper-bound always-evaporative tower scenario using Gupta wet-tower curve,Represents a conservative high-water direct-cooling case
IT-NO,Milan metro proxy,45.4642,9.19,Metro-scale proxy for the dominant North Italy cloud/data-center hub,metro,16,2025-02-27T02:00:00.000Z,2025-02-27T02:00,6.6,6.2,43.16,43.16,high,wet_tower,always,any,True,0.0,1.42681785024,1.0,,,1.42681785024,Gupta wet-tower submodel + explicit cooling-profile scenario,Open-Meteo historical forecast API,https://historical-forecast-api.open-meteo.com/v1/forecast?latitude=45.4642&longitude=9.19&hourly=temperature_2m%2Cwet_bulb_temperature_2m&start_date=2025-02-26&end_date=2025-02-27&timezone=GMT,Upper-bound always-evaporative tower scenario using Gupta wet-tower curve,Represents a conservative high-water direct-cooling case
IT-NO,Milan metro proxy,45.4642,9.19,Metro-scale proxy for the dominant North Italy cloud/data-center hub,metro,17,2025-02-27T03:00:00.000Z,2025-02-27T03:00,6.2,5.9,42.620000000000005,42.620000000000005,high,wet_tower,always,any,True,0.0,1.41888734976,1.0,,,1.41888734976,Gupta wet-tower submodel + explicit cooling-profile scenario,Open-Meteo historical forecast API,https://historical-forecast-api.open-meteo.com/v1/forecast?latitude=45.4642&longitude=9.19&hourly=temperature_2m%2Cwet_bulb_temperature_2m&start_date=2025-02-26&end_date=2025-02-27&timezone=GMT,Upper-bound always-evaporative tower scenario using Gupta wet-tower curve,Represents a conservative high-water direct-cooling case
IT-NO,Milan metro proxy,45.4642,9.19,Metro-scale proxy for the dominant North Italy cloud/data-center hub,metro,18,2025-02-27T04:00:00.000Z,2025-02-27T04:00,6.2,5.8,42.44,42.44,high,wet_tower,always,any,True,0.0,1.41621927744,1.0,,,1.41621927744,Gupta wet-tower submodel + explicit cooling-profile scenario,Open-Meteo historical forecast API,https://historical-forecast-api.open-meteo.com/v1/forecast?latitude=45.4642&longitude=9.19&hourly=temperature_2m%2Cwet_bulb_temperature_2m&start_date=2025-02-26&end_date=2025-02-27&timezone=GMT,Upper-bound always-evaporative tower scenario using Gupta wet-tower curve,Represents a conservative high-water direct-cooling case
IT-NO,Milan metro proxy,45.4642,9.19,Metro-scale proxy for the dominant North Italy cloud/data-center hub,metro,19,2025-02-27T05:00:00.000Z,2025-02-27T05:00,6.0,5.6,42.08,42.08,high,wet_tower,always,any,True,0.0,1.41084627456,1.0,,,1.41084627456,Gupta wet-tower submodel + explicit cooling-profile scenario,Open-Meteo historical forecast API,https://historical-forecast-api.open-meteo.com/v1/forecast?latitude=45.4642&longitude=9.19&hourly=temperature_2m%2Cwet_bulb_temperature_2m&start_date=2025-02-26&end_date=2025-02-27&timezone=GMT,Upper-bound always-evaporative tower scenario using Gupta wet-tower curve,Represents a conservative high-water direct-cooling case
IT-NO,Milan metro proxy,45.4642,9.19,Metro-scale proxy for the dominant North Italy cloud/data-center hub,metro,20,2025-02-27T06:00:00.000Z,2025-02-27T06:00,5.2,4.6,40.28,40.28,high,wet_tower,always,any,True,0.0,1.38324409536,1.0,,,1.38324409536,Gupta wet-tower submodel + explicit cooling-profile scenario,Open-Meteo historical forecast API,https://historical-forecast-api.open-meteo.com/v1/forecast?latitude=45.4642&longitude=9.19&hourly=temperature_2m%2Cwet_bulb_temperature_2m&start_date=2025-02-26&end_date=2025-02-27&timezone=GMT,Upper-bound always-evaporative tower scenario using Gupta wet-tower curve,Represents a conservative high-water direct-cooling case
IT-NO,Milan metro proxy,45.4642,9.19,Metro-scale proxy for the dominant North Italy cloud/data-center hub,metro,21,2025-02-27T07:00:00.000Z,2025-02-27T07:00,5.4,4.6,40.28,40.28,high,wet_tower,always,any,True,0.0,1.38324409536,1.0,,,1.38324409536,Gupta wet-tower submodel + explicit cooling-profile scenario,Open-Meteo historical forecast API,https://historical-forecast-api.open-meteo.com/v1/forecast?latitude=45.4642&longitude=9.19&hourly=temperature_2m%2Cwet_bulb_temperature_2m&start_date=2025-02-26&end_date=2025-02-27&timezone=GMT,Upper-bound always-evaporative tower scenario using Gupta wet-tower curve,Represents a conservative high-water direct-cooling case
IT-NO,Milan metro proxy,45.4642,9.19,Metro-scale proxy for the dominant North Italy cloud/data-center hub,metro,22,2025-02-27T08:00:00.000Z,2025-02-27T08:00,6.9,5.6,42.08,42.08,high,wet_tower,always,any,True,0.0,1.41084627456,1.0,,,1.41084627456,Gupta wet-tower submodel + explicit cooling-profile scenario,Open-Meteo historical forecast API,https://historical-forecast-api.open-meteo.com/v1/forecast?latitude=45.4642&longitude=9.19&hourly=temperature_2m%2Cwet_bulb_temperature_2m&start_date=2025-02-26&end_date=2025-02-27&timezone=GMT,Upper-bound always-evaporative tower scenario using Gupta wet-tower curve,Represents a conservative high-water direct-cooling case
IT-NO,Milan metro proxy,45.4642,9.19,Metro-scale proxy for the dominant North Italy cloud/data-center hub,metro,23,2025-02-27T09:00:00.000Z,2025-02-27T09:00,8.2,7.3,45.14,45.14,high,wet_tower,always,any,True,0.0,1.45495032384,1.0,,,1.45495032384,Gupta wet-tower submodel + explicit cooling-profile scenario,Open-Meteo historical forecast API,https://historical-forecast-api.open-meteo.com/v1/forecast?latitude=45.4642&longitude=9.19&hourly=temperature_2m%2Cwet_bulb_temperature_2m&start_date=2025-02-26&end_date=2025-02-27&timezone=GMT,Upper-bound always-evaporative tower scenario using Gupta wet-tower curve,Represents a conservative high-water direct-cooling case
IT-NO,Milan metro proxy,45.4642,9.19,Metro-scale proxy for the dominant North Italy cloud/data-center hub,metro,24,2025-02-27T10:00:00.000Z,2025-02-27T10:00,10.2,8.2,46.76,46.76,high,wet_tower,always,any,True,0.0,1.4768620550399998,1.0,,,1.4768620550399998,Gupta wet-tower submodel + explicit cooling-profile scenario,Open-Meteo historical forecast API,https://historical-forecast-api.open-meteo.com/v1/forecast?latitude=45.4642&longitude=9.19&hourly=temperature_2m%2Cwet_bulb_temperature_2m&start_date=2025-02-26&end_date=2025-02-27&timezone=GMT,Upper-bound always-evaporative tower scenario using Gupta wet-tower curve,Represents a conservative high-water direct-cooling case
