region,slot_index,utc_timestamp,residual_load_mw,signal_model,source_dataset
ERCO,0,2018-07-23T00:00:00Z,66094.0,eia930_residual_demand_minus_wind_solar (real 2018; BA=ERCO; 60min),EIA-930 Hourly Grid Monitor ERCO via https://www.eia.gov/electricity/gridmonitor/sixMonthFiles/EIA930_BALANCE_2018_Jul_Dec.csv
ERCO,1,2018-07-23T01:00:00Z,64019.0,eia930_residual_demand_minus_wind_solar (real 2018; BA=ERCO; 60min),EIA-930 Hourly Grid Monitor ERCO via https://www.eia.gov/electricity/gridmonitor/sixMonthFiles/EIA930_BALANCE_2018_Jul_Dec.csv
ERCO,2,2018-07-23T02:00:00Z,61482.0,eia930_residual_demand_minus_wind_solar (real 2018; BA=ERCO; 60min),EIA-930 Hourly Grid Monitor ERCO via https://www.eia.gov/electricity/gridmonitor/sixMonthFiles/EIA930_BALANCE_2018_Jul_Dec.csv
ERCO,3,2018-07-23T03:00:00Z,57368.0,eia930_residual_demand_minus_wind_solar (real 2018; BA=ERCO; 60min),EIA-930 Hourly Grid Monitor ERCO via https://www.eia.gov/electricity/gridmonitor/sixMonthFiles/EIA930_BALANCE_2018_Jul_Dec.csv
ERCO,4,2018-07-23T04:00:00Z,51131.0,eia930_residual_demand_minus_wind_solar (real 2018; BA=ERCO; 60min),EIA-930 Hourly Grid Monitor ERCO via https://www.eia.gov/electricity/gridmonitor/sixMonthFiles/EIA930_BALANCE_2018_Jul_Dec.csv
ERCO,5,2018-07-23T05:00:00Z,45359.0,eia930_residual_demand_minus_wind_solar (real 2018; BA=ERCO; 60min),EIA-930 Hourly Grid Monitor ERCO via https://www.eia.gov/electricity/gridmonitor/sixMonthFiles/EIA930_BALANCE_2018_Jul_Dec.csv
ERCO,6,2018-07-23T06:00:00Z,41035.0,eia930_residual_demand_minus_wind_solar (real 2018; BA=ERCO; 60min),EIA-930 Hourly Grid Monitor ERCO via https://www.eia.gov/electricity/gridmonitor/sixMonthFiles/EIA930_BALANCE_2018_Jul_Dec.csv
ERCO,7,2018-07-23T07:00:00Z,38304.0,eia930_residual_demand_minus_wind_solar (real 2018; BA=ERCO; 60min),EIA-930 Hourly Grid Monitor ERCO via https://www.eia.gov/electricity/gridmonitor/sixMonthFiles/EIA930_BALANCE_2018_Jul_Dec.csv
ERCO,8,2018-07-23T08:00:00Z,35688.0,eia930_residual_demand_minus_wind_solar (real 2018; BA=ERCO; 60min),EIA-930 Hourly Grid Monitor ERCO via https://www.eia.gov/electricity/gridmonitor/sixMonthFiles/EIA930_BALANCE_2018_Jul_Dec.csv
ERCO,9,2018-07-23T09:00:00Z,34329.0,eia930_residual_demand_minus_wind_solar (real 2018; BA=ERCO; 60min),EIA-930 Hourly Grid Monitor ERCO via https://www.eia.gov/electricity/gridmonitor/sixMonthFiles/EIA930_BALANCE_2018_Jul_Dec.csv
ERCO,10,2018-07-23T10:00:00Z,35179.0,eia930_residual_demand_minus_wind_solar (real 2018; BA=ERCO; 60min),EIA-930 Hourly Grid Monitor ERCO via https://www.eia.gov/electricity/gridmonitor/sixMonthFiles/EIA930_BALANCE_2018_Jul_Dec.csv
ERCO,11,2018-07-23T11:00:00Z,36649.0,eia930_residual_demand_minus_wind_solar (real 2018; BA=ERCO; 60min),EIA-930 Hourly Grid Monitor ERCO via https://www.eia.gov/electricity/gridmonitor/sixMonthFiles/EIA930_BALANCE_2018_Jul_Dec.csv
ERCO,12,2018-07-23T12:00:00Z,38454.0,eia930_residual_demand_minus_wind_solar (real 2018; BA=ERCO; 60min),EIA-930 Hourly Grid Monitor ERCO via https://www.eia.gov/electricity/gridmonitor/sixMonthFiles/EIA930_BALANCE_2018_Jul_Dec.csv
ERCO,13,2018-07-23T13:00:00Z,39847.0,eia930_residual_demand_minus_wind_solar (real 2018; BA=ERCO; 60min),EIA-930 Hourly Grid Monitor ERCO via https://www.eia.gov/electricity/gridmonitor/sixMonthFiles/EIA930_BALANCE_2018_Jul_Dec.csv
ERCO,14,2018-07-23T14:00:00Z,42807.0,eia930_residual_demand_minus_wind_solar (real 2018; BA=ERCO; 60min),EIA-930 Hourly Grid Monitor ERCO via https://www.eia.gov/electricity/gridmonitor/sixMonthFiles/EIA930_BALANCE_2018_Jul_Dec.csv
ERCO,15,2018-07-23T15:00:00Z,47014.0,eia930_residual_demand_minus_wind_solar (real 2018; BA=ERCO; 60min),EIA-930 Hourly Grid Monitor ERCO via https://www.eia.gov/electricity/gridmonitor/sixMonthFiles/EIA930_BALANCE_2018_Jul_Dec.csv
ERCO,16,2018-07-23T16:00:00Z,52564.0,eia930_residual_demand_minus_wind_solar (real 2018; BA=ERCO; 60min),EIA-930 Hourly Grid Monitor ERCO via https://www.eia.gov/electricity/gridmonitor/sixMonthFiles/EIA930_BALANCE_2018_Jul_Dec.csv
ERCO,17,2018-07-23T17:00:00Z,57324.0,eia930_residual_demand_minus_wind_solar (real 2018; BA=ERCO; 60min),EIA-930 Hourly Grid Monitor ERCO via https://www.eia.gov/electricity/gridmonitor/sixMonthFiles/EIA930_BALANCE_2018_Jul_Dec.csv
ERCO,18,2018-07-23T18:00:00Z,60381.0,eia930_residual_demand_minus_wind_solar (real 2018; BA=ERCO; 60min),EIA-930 Hourly Grid Monitor ERCO via https://www.eia.gov/electricity/gridmonitor/sixMonthFiles/EIA930_BALANCE_2018_Jul_Dec.csv
ERCO,19,2018-07-23T19:00:00Z,63561.0,eia930_residual_demand_minus_wind_solar (real 2018; BA=ERCO; 60min),EIA-930 Hourly Grid Monitor ERCO via https://www.eia.gov/electricity/gridmonitor/sixMonthFiles/EIA930_BALANCE_2018_Jul_Dec.csv
ERCO,20,2018-07-23T20:00:00Z,65652.0,eia930_residual_demand_minus_wind_solar (real 2018; BA=ERCO; 60min),EIA-930 Hourly Grid Monitor ERCO via https://www.eia.gov/electricity/gridmonitor/sixMonthFiles/EIA930_BALANCE_2018_Jul_Dec.csv
ERCO,21,2018-07-23T21:00:00Z,66073.0,eia930_residual_demand_minus_wind_solar (real 2018; BA=ERCO; 60min),EIA-930 Hourly Grid Monitor ERCO via https://www.eia.gov/electricity/gridmonitor/sixMonthFiles/EIA930_BALANCE_2018_Jul_Dec.csv
ERCO,22,2018-07-23T22:00:00Z,65101.0,eia930_residual_demand_minus_wind_solar (real 2018; BA=ERCO; 60min),EIA-930 Hourly Grid Monitor ERCO via https://www.eia.gov/electricity/gridmonitor/sixMonthFiles/EIA930_BALANCE_2018_Jul_Dec.csv
ERCO,23,2018-07-23T23:00:00Z,63513.0,eia930_residual_demand_minus_wind_solar (real 2018; BA=ERCO; 60min),EIA-930 Hourly Grid Monitor ERCO via https://www.eia.gov/electricity/gridmonitor/sixMonthFiles/EIA930_BALANCE_2018_Jul_Dec.csv
ERCO,24,2018-07-24T00:00:00Z,62057.0,eia930_residual_demand_minus_wind_solar (real 2018; BA=ERCO; 60min),EIA-930 Hourly Grid Monitor ERCO via https://www.eia.gov/electricity/gridmonitor/sixMonthFiles/EIA930_BALANCE_2018_Jul_Dec.csv
ERCO,25,2018-07-24T01:00:00Z,58667.0,eia930_residual_demand_minus_wind_solar (real 2018; BA=ERCO; 60min),EIA-930 Hourly Grid Monitor ERCO via https://www.eia.gov/electricity/gridmonitor/sixMonthFiles/EIA930_BALANCE_2018_Jul_Dec.csv
ERCO,26,2018-07-24T02:00:00Z,56885.0,eia930_residual_demand_minus_wind_solar (real 2018; BA=ERCO; 60min),EIA-930 Hourly Grid Monitor ERCO via https://www.eia.gov/electricity/gridmonitor/sixMonthFiles/EIA930_BALANCE_2018_Jul_Dec.csv
ERCO,27,2018-07-24T03:00:00Z,54447.0,eia930_residual_demand_minus_wind_solar (real 2018; BA=ERCO; 60min),EIA-930 Hourly Grid Monitor ERCO via https://www.eia.gov/electricity/gridmonitor/sixMonthFiles/EIA930_BALANCE_2018_Jul_Dec.csv
ERCO,28,2018-07-24T04:00:00Z,49995.0,eia930_residual_demand_minus_wind_solar (real 2018; BA=ERCO; 60min),EIA-930 Hourly Grid Monitor ERCO via https://www.eia.gov/electricity/gridmonitor/sixMonthFiles/EIA930_BALANCE_2018_Jul_Dec.csv
ERCO,29,2018-07-24T05:00:00Z,46073.0,eia930_residual_demand_minus_wind_solar (real 2018; BA=ERCO; 60min),EIA-930 Hourly Grid Monitor ERCO via https://www.eia.gov/electricity/gridmonitor/sixMonthFiles/EIA930_BALANCE_2018_Jul_Dec.csv
ERCO,30,2018-07-24T06:00:00Z,43166.0,eia930_residual_demand_minus_wind_solar (real 2018; BA=ERCO; 60min),EIA-930 Hourly Grid Monitor ERCO via https://www.eia.gov/electricity/gridmonitor/sixMonthFiles/EIA930_BALANCE_2018_Jul_Dec.csv
ERCO,31,2018-07-24T07:00:00Z,41509.0,eia930_residual_demand_minus_wind_solar (real 2018; BA=ERCO; 60min),EIA-930 Hourly Grid Monitor ERCO via https://www.eia.gov/electricity/gridmonitor/sixMonthFiles/EIA930_BALANCE_2018_Jul_Dec.csv
ERCO,32,2018-07-24T08:00:00Z,40119.0,eia930_residual_demand_minus_wind_solar (real 2018; BA=ERCO; 60min),EIA-930 Hourly Grid Monitor ERCO via https://www.eia.gov/electricity/gridmonitor/sixMonthFiles/EIA930_BALANCE_2018_Jul_Dec.csv
ERCO,33,2018-07-24T09:00:00Z,39373.0,eia930_residual_demand_minus_wind_solar (real 2018; BA=ERCO; 60min),EIA-930 Hourly Grid Monitor ERCO via https://www.eia.gov/electricity/gridmonitor/sixMonthFiles/EIA930_BALANCE_2018_Jul_Dec.csv
ERCO,34,2018-07-24T10:00:00Z,39243.0,eia930_residual_demand_minus_wind_solar (real 2018; BA=ERCO; 60min),EIA-930 Hourly Grid Monitor ERCO via https://www.eia.gov/electricity/gridmonitor/sixMonthFiles/EIA930_BALANCE_2018_Jul_Dec.csv
ERCO,35,2018-07-24T11:00:00Z,40354.0,eia930_residual_demand_minus_wind_solar (real 2018; BA=ERCO; 60min),EIA-930 Hourly Grid Monitor ERCO via https://www.eia.gov/electricity/gridmonitor/sixMonthFiles/EIA930_BALANCE_2018_Jul_Dec.csv
ERCO,36,2018-07-24T12:00:00Z,42071.0,eia930_residual_demand_minus_wind_solar (real 2018; BA=ERCO; 60min),EIA-930 Hourly Grid Monitor ERCO via https://www.eia.gov/electricity/gridmonitor/sixMonthFiles/EIA930_BALANCE_2018_Jul_Dec.csv
ERCO,37,2018-07-24T13:00:00Z,42930.0,eia930_residual_demand_minus_wind_solar (real 2018; BA=ERCO; 60min),EIA-930 Hourly Grid Monitor ERCO via https://www.eia.gov/electricity/gridmonitor/sixMonthFiles/EIA930_BALANCE_2018_Jul_Dec.csv
ERCO,38,2018-07-24T14:00:00Z,45125.0,eia930_residual_demand_minus_wind_solar (real 2018; BA=ERCO; 60min),EIA-930 Hourly Grid Monitor ERCO via https://www.eia.gov/electricity/gridmonitor/sixMonthFiles/EIA930_BALANCE_2018_Jul_Dec.csv
ERCO,39,2018-07-24T15:00:00Z,48210.0,eia930_residual_demand_minus_wind_solar (real 2018; BA=ERCO; 60min),EIA-930 Hourly Grid Monitor ERCO via https://www.eia.gov/electricity/gridmonitor/sixMonthFiles/EIA930_BALANCE_2018_Jul_Dec.csv
ERCO,40,2018-07-24T16:00:00Z,51889.0,eia930_residual_demand_minus_wind_solar (real 2018; BA=ERCO; 60min),EIA-930 Hourly Grid Monitor ERCO via https://www.eia.gov/electricity/gridmonitor/sixMonthFiles/EIA930_BALANCE_2018_Jul_Dec.csv
ERCO,41,2018-07-24T17:00:00Z,55125.0,eia930_residual_demand_minus_wind_solar (real 2018; BA=ERCO; 60min),EIA-930 Hourly Grid Monitor ERCO via https://www.eia.gov/electricity/gridmonitor/sixMonthFiles/EIA930_BALANCE_2018_Jul_Dec.csv
ERCO,42,2018-07-24T18:00:00Z,58948.0,eia930_residual_demand_minus_wind_solar (real 2018; BA=ERCO; 60min),EIA-930 Hourly Grid Monitor ERCO via https://www.eia.gov/electricity/gridmonitor/sixMonthFiles/EIA930_BALANCE_2018_Jul_Dec.csv
ERCO,43,2018-07-24T19:00:00Z,62161.0,eia930_residual_demand_minus_wind_solar (real 2018; BA=ERCO; 60min),EIA-930 Hourly Grid Monitor ERCO via https://www.eia.gov/electricity/gridmonitor/sixMonthFiles/EIA930_BALANCE_2018_Jul_Dec.csv
ERCO,44,2018-07-24T20:00:00Z,64322.0,eia930_residual_demand_minus_wind_solar (real 2018; BA=ERCO; 60min),EIA-930 Hourly Grid Monitor ERCO via https://www.eia.gov/electricity/gridmonitor/sixMonthFiles/EIA930_BALANCE_2018_Jul_Dec.csv
ERCO,45,2018-07-24T21:00:00Z,65411.0,eia930_residual_demand_minus_wind_solar (real 2018; BA=ERCO; 60min),EIA-930 Hourly Grid Monitor ERCO via https://www.eia.gov/electricity/gridmonitor/sixMonthFiles/EIA930_BALANCE_2018_Jul_Dec.csv
ERCO,46,2018-07-24T22:00:00Z,65672.0,eia930_residual_demand_minus_wind_solar (real 2018; BA=ERCO; 60min),EIA-930 Hourly Grid Monitor ERCO via https://www.eia.gov/electricity/gridmonitor/sixMonthFiles/EIA930_BALANCE_2018_Jul_Dec.csv
ERCO,47,2018-07-24T23:00:00Z,64791.0,eia930_residual_demand_minus_wind_solar (real 2018; BA=ERCO; 60min),EIA-930 Hourly Grid Monitor ERCO via https://www.eia.gov/electricity/gridmonitor/sixMonthFiles/EIA930_BALANCE_2018_Jul_Dec.csv
CISO,0,2018-07-23T00:00:00Z,27330.0,eia930_residual_demand_minus_wind_solar (real 2018; BA=CISO; 60min),EIA-930 Hourly Grid Monitor CISO via https://www.eia.gov/electricity/gridmonitor/sixMonthFiles/EIA930_BALANCE_2018_Jul_Dec.csv
CISO,1,2018-07-23T01:00:00Z,29980.0,eia930_residual_demand_minus_wind_solar (real 2018; BA=CISO; 60min),EIA-930 Hourly Grid Monitor CISO via https://www.eia.gov/electricity/gridmonitor/sixMonthFiles/EIA930_BALANCE_2018_Jul_Dec.csv
CISO,2,2018-07-23T02:00:00Z,33715.0,eia930_residual_demand_minus_wind_solar (real 2018; BA=CISO; 60min),EIA-930 Hourly Grid Monitor CISO via https://www.eia.gov/electricity/gridmonitor/sixMonthFiles/EIA930_BALANCE_2018_Jul_Dec.csv
CISO,3,2018-07-23T03:00:00Z,34394.0,eia930_residual_demand_minus_wind_solar (real 2018; BA=CISO; 60min),EIA-930 Hourly Grid Monitor CISO via https://www.eia.gov/electricity/gridmonitor/sixMonthFiles/EIA930_BALANCE_2018_Jul_Dec.csv
CISO,4,2018-07-23T04:00:00Z,33679.0,eia930_residual_demand_minus_wind_solar (real 2018; BA=CISO; 60min),EIA-930 Hourly Grid Monitor CISO via https://www.eia.gov/electricity/gridmonitor/sixMonthFiles/EIA930_BALANCE_2018_Jul_Dec.csv
CISO,5,2018-07-23T05:00:00Z,32228.0,eia930_residual_demand_minus_wind_solar (real 2018; BA=CISO; 60min),EIA-930 Hourly Grid Monitor CISO via https://www.eia.gov/electricity/gridmonitor/sixMonthFiles/EIA930_BALANCE_2018_Jul_Dec.csv
CISO,6,2018-07-23T06:00:00Z,29425.0,eia930_residual_demand_minus_wind_solar (real 2018; BA=CISO; 60min),EIA-930 Hourly Grid Monitor CISO via https://www.eia.gov/electricity/gridmonitor/sixMonthFiles/EIA930_BALANCE_2018_Jul_Dec.csv
CISO,7,2018-07-23T07:00:00Z,26635.0,eia930_residual_demand_minus_wind_solar (real 2018; BA=CISO; 60min),EIA-930 Hourly Grid Monitor CISO via https://www.eia.gov/electricity/gridmonitor/sixMonthFiles/EIA930_BALANCE_2018_Jul_Dec.csv
CISO,8,2018-07-23T08:00:00Z,24323.0,eia930_residual_demand_minus_wind_solar (real 2018; BA=CISO; 60min),EIA-930 Hourly Grid Monitor CISO via https://www.eia.gov/electricity/gridmonitor/sixMonthFiles/EIA930_BALANCE_2018_Jul_Dec.csv
CISO,9,2018-07-23T09:00:00Z,22924.0,eia930_residual_demand_minus_wind_solar (real 2018; BA=CISO; 60min),EIA-930 Hourly Grid Monitor CISO via https://www.eia.gov/electricity/gridmonitor/sixMonthFiles/EIA930_BALANCE_2018_Jul_Dec.csv
CISO,10,2018-07-23T10:00:00Z,22515.0,eia930_residual_demand_minus_wind_solar (real 2018; BA=CISO; 60min),EIA-930 Hourly Grid Monitor CISO via https://www.eia.gov/electricity/gridmonitor/sixMonthFiles/EIA930_BALANCE_2018_Jul_Dec.csv
CISO,11,2018-07-23T11:00:00Z,22122.0,eia930_residual_demand_minus_wind_solar (real 2018; BA=CISO; 60min),EIA-930 Hourly Grid Monitor CISO via https://www.eia.gov/electricity/gridmonitor/sixMonthFiles/EIA930_BALANCE_2018_Jul_Dec.csv
CISO,12,2018-07-23T12:00:00Z,22647.0,eia930_residual_demand_minus_wind_solar (real 2018; BA=CISO; 60min),EIA-930 Hourly Grid Monitor CISO via https://www.eia.gov/electricity/gridmonitor/sixMonthFiles/EIA930_BALANCE_2018_Jul_Dec.csv
CISO,13,2018-07-23T13:00:00Z,23839.0,eia930_residual_demand_minus_wind_solar (real 2018; BA=CISO; 60min),EIA-930 Hourly Grid Monitor CISO via https://www.eia.gov/electricity/gridmonitor/sixMonthFiles/EIA930_BALANCE_2018_Jul_Dec.csv
CISO,14,2018-07-23T14:00:00Z,22825.0,eia930_residual_demand_minus_wind_solar (real 2018; BA=CISO; 60min),EIA-930 Hourly Grid Monitor CISO via https://www.eia.gov/electricity/gridmonitor/sixMonthFiles/EIA930_BALANCE_2018_Jul_Dec.csv
CISO,15,2018-07-23T15:00:00Z,21384.0,eia930_residual_demand_minus_wind_solar (real 2018; BA=CISO; 60min),EIA-930 Hourly Grid Monitor CISO via https://www.eia.gov/electricity/gridmonitor/sixMonthFiles/EIA930_BALANCE_2018_Jul_Dec.csv
CISO,16,2018-07-23T16:00:00Z,21357.0,eia930_residual_demand_minus_wind_solar (real 2018; BA=CISO; 60min),EIA-930 Hourly Grid Monitor CISO via https://www.eia.gov/electricity/gridmonitor/sixMonthFiles/EIA930_BALANCE_2018_Jul_Dec.csv
CISO,17,2018-07-23T17:00:00Z,22223.0,eia930_residual_demand_minus_wind_solar (real 2018; BA=CISO; 60min),EIA-930 Hourly Grid Monitor CISO via https://www.eia.gov/electricity/gridmonitor/sixMonthFiles/EIA930_BALANCE_2018_Jul_Dec.csv
CISO,18,2018-07-23T18:00:00Z,23958.0,eia930_residual_demand_minus_wind_solar (real 2018; BA=CISO; 60min),EIA-930 Hourly Grid Monitor CISO via https://www.eia.gov/electricity/gridmonitor/sixMonthFiles/EIA930_BALANCE_2018_Jul_Dec.csv
CISO,19,2018-07-23T19:00:00Z,25978.0,eia930_residual_demand_minus_wind_solar (real 2018; BA=CISO; 60min),EIA-930 Hourly Grid Monitor CISO via https://www.eia.gov/electricity/gridmonitor/sixMonthFiles/EIA930_BALANCE_2018_Jul_Dec.csv
CISO,20,2018-07-23T20:00:00Z,28023.0,eia930_residual_demand_minus_wind_solar (real 2018; BA=CISO; 60min),EIA-930 Hourly Grid Monitor CISO via https://www.eia.gov/electricity/gridmonitor/sixMonthFiles/EIA930_BALANCE_2018_Jul_Dec.csv
CISO,21,2018-07-23T21:00:00Z,30082.0,eia930_residual_demand_minus_wind_solar (real 2018; BA=CISO; 60min),EIA-930 Hourly Grid Monitor CISO via https://www.eia.gov/electricity/gridmonitor/sixMonthFiles/EIA930_BALANCE_2018_Jul_Dec.csv
CISO,22,2018-07-23T22:00:00Z,32143.0,eia930_residual_demand_minus_wind_solar (real 2018; BA=CISO; 60min),EIA-930 Hourly Grid Monitor CISO via https://www.eia.gov/electricity/gridmonitor/sixMonthFiles/EIA930_BALANCE_2018_Jul_Dec.csv
CISO,23,2018-07-23T23:00:00Z,33287.0,eia930_residual_demand_minus_wind_solar (real 2018; BA=CISO; 60min),EIA-930 Hourly Grid Monitor CISO via https://www.eia.gov/electricity/gridmonitor/sixMonthFiles/EIA930_BALANCE_2018_Jul_Dec.csv
CISO,24,2018-07-24T00:00:00Z,35002.0,eia930_residual_demand_minus_wind_solar (real 2018; BA=CISO; 60min),EIA-930 Hourly Grid Monitor CISO via https://www.eia.gov/electricity/gridmonitor/sixMonthFiles/EIA930_BALANCE_2018_Jul_Dec.csv
CISO,25,2018-07-24T01:00:00Z,37155.0,eia930_residual_demand_minus_wind_solar (real 2018; BA=CISO; 60min),EIA-930 Hourly Grid Monitor CISO via https://www.eia.gov/electricity/gridmonitor/sixMonthFiles/EIA930_BALANCE_2018_Jul_Dec.csv
CISO,26,2018-07-24T02:00:00Z,39592.0,eia930_residual_demand_minus_wind_solar (real 2018; BA=CISO; 60min),EIA-930 Hourly Grid Monitor CISO via https://www.eia.gov/electricity/gridmonitor/sixMonthFiles/EIA930_BALANCE_2018_Jul_Dec.csv
CISO,27,2018-07-24T03:00:00Z,39964.0,eia930_residual_demand_minus_wind_solar (real 2018; BA=CISO; 60min),EIA-930 Hourly Grid Monitor CISO via https://www.eia.gov/electricity/gridmonitor/sixMonthFiles/EIA930_BALANCE_2018_Jul_Dec.csv
CISO,28,2018-07-24T04:00:00Z,38685.0,eia930_residual_demand_minus_wind_solar (real 2018; BA=CISO; 60min),EIA-930 Hourly Grid Monitor CISO via https://www.eia.gov/electricity/gridmonitor/sixMonthFiles/EIA930_BALANCE_2018_Jul_Dec.csv
CISO,29,2018-07-24T05:00:00Z,36407.0,eia930_residual_demand_minus_wind_solar (real 2018; BA=CISO; 60min),EIA-930 Hourly Grid Monitor CISO via https://www.eia.gov/electricity/gridmonitor/sixMonthFiles/EIA930_BALANCE_2018_Jul_Dec.csv
CISO,30,2018-07-24T06:00:00Z,32610.0,eia930_residual_demand_minus_wind_solar (real 2018; BA=CISO; 60min),EIA-930 Hourly Grid Monitor CISO via https://www.eia.gov/electricity/gridmonitor/sixMonthFiles/EIA930_BALANCE_2018_Jul_Dec.csv
CISO,31,2018-07-24T07:00:00Z,29275.0,eia930_residual_demand_minus_wind_solar (real 2018; BA=CISO; 60min),EIA-930 Hourly Grid Monitor CISO via https://www.eia.gov/electricity/gridmonitor/sixMonthFiles/EIA930_BALANCE_2018_Jul_Dec.csv
CISO,32,2018-07-24T08:00:00Z,26951.0,eia930_residual_demand_minus_wind_solar (real 2018; BA=CISO; 60min),EIA-930 Hourly Grid Monitor CISO via https://www.eia.gov/electricity/gridmonitor/sixMonthFiles/EIA930_BALANCE_2018_Jul_Dec.csv
CISO,33,2018-07-24T09:00:00Z,25414.0,eia930_residual_demand_minus_wind_solar (real 2018; BA=CISO; 60min),EIA-930 Hourly Grid Monitor CISO via https://www.eia.gov/electricity/gridmonitor/sixMonthFiles/EIA930_BALANCE_2018_Jul_Dec.csv
CISO,34,2018-07-24T10:00:00Z,24240.0,eia930_residual_demand_minus_wind_solar (real 2018; BA=CISO; 60min),EIA-930 Hourly Grid Monitor CISO via https://www.eia.gov/electricity/gridmonitor/sixMonthFiles/EIA930_BALANCE_2018_Jul_Dec.csv
CISO,35,2018-07-24T11:00:00Z,23368.0,eia930_residual_demand_minus_wind_solar (real 2018; BA=CISO; 60min),EIA-930 Hourly Grid Monitor CISO via https://www.eia.gov/electricity/gridmonitor/sixMonthFiles/EIA930_BALANCE_2018_Jul_Dec.csv
CISO,36,2018-07-24T12:00:00Z,23705.0,eia930_residual_demand_minus_wind_solar (real 2018; BA=CISO; 60min),EIA-930 Hourly Grid Monitor CISO via https://www.eia.gov/electricity/gridmonitor/sixMonthFiles/EIA930_BALANCE_2018_Jul_Dec.csv
CISO,37,2018-07-24T13:00:00Z,24809.0,eia930_residual_demand_minus_wind_solar (real 2018; BA=CISO; 60min),EIA-930 Hourly Grid Monitor CISO via https://www.eia.gov/electricity/gridmonitor/sixMonthFiles/EIA930_BALANCE_2018_Jul_Dec.csv
CISO,38,2018-07-24T14:00:00Z,24240.0,eia930_residual_demand_minus_wind_solar (real 2018; BA=CISO; 60min),EIA-930 Hourly Grid Monitor CISO via https://www.eia.gov/electricity/gridmonitor/sixMonthFiles/EIA930_BALANCE_2018_Jul_Dec.csv
CISO,39,2018-07-24T15:00:00Z,22559.0,eia930_residual_demand_minus_wind_solar (real 2018; BA=CISO; 60min),EIA-930 Hourly Grid Monitor CISO via https://www.eia.gov/electricity/gridmonitor/sixMonthFiles/EIA930_BALANCE_2018_Jul_Dec.csv
CISO,40,2018-07-24T16:00:00Z,22226.0,eia930_residual_demand_minus_wind_solar (real 2018; BA=CISO; 60min),EIA-930 Hourly Grid Monitor CISO via https://www.eia.gov/electricity/gridmonitor/sixMonthFiles/EIA930_BALANCE_2018_Jul_Dec.csv
CISO,41,2018-07-24T17:00:00Z,23450.0,eia930_residual_demand_minus_wind_solar (real 2018; BA=CISO; 60min),EIA-930 Hourly Grid Monitor CISO via https://www.eia.gov/electricity/gridmonitor/sixMonthFiles/EIA930_BALANCE_2018_Jul_Dec.csv
CISO,42,2018-07-24T18:00:00Z,25044.0,eia930_residual_demand_minus_wind_solar (real 2018; BA=CISO; 60min),EIA-930 Hourly Grid Monitor CISO via https://www.eia.gov/electricity/gridmonitor/sixMonthFiles/EIA930_BALANCE_2018_Jul_Dec.csv
CISO,43,2018-07-24T19:00:00Z,27218.0,eia930_residual_demand_minus_wind_solar (real 2018; BA=CISO; 60min),EIA-930 Hourly Grid Monitor CISO via https://www.eia.gov/electricity/gridmonitor/sixMonthFiles/EIA930_BALANCE_2018_Jul_Dec.csv
CISO,44,2018-07-24T20:00:00Z,29659.0,eia930_residual_demand_minus_wind_solar (real 2018; BA=CISO; 60min),EIA-930 Hourly Grid Monitor CISO via https://www.eia.gov/electricity/gridmonitor/sixMonthFiles/EIA930_BALANCE_2018_Jul_Dec.csv
CISO,45,2018-07-24T21:00:00Z,31293.0,eia930_residual_demand_minus_wind_solar (real 2018; BA=CISO; 60min),EIA-930 Hourly Grid Monitor CISO via https://www.eia.gov/electricity/gridmonitor/sixMonthFiles/EIA930_BALANCE_2018_Jul_Dec.csv
CISO,46,2018-07-24T22:00:00Z,32193.0,eia930_residual_demand_minus_wind_solar (real 2018; BA=CISO; 60min),EIA-930 Hourly Grid Monitor CISO via https://www.eia.gov/electricity/gridmonitor/sixMonthFiles/EIA930_BALANCE_2018_Jul_Dec.csv
CISO,47,2018-07-24T23:00:00Z,33560.0,eia930_residual_demand_minus_wind_solar (real 2018; BA=CISO; 60min),EIA-930 Hourly Grid Monitor CISO via https://www.eia.gov/electricity/gridmonitor/sixMonthFiles/EIA930_BALANCE_2018_Jul_Dec.csv
BPAT,0,2018-07-23T00:00:00Z,6771.0,eia930_residual_demand_minus_wind_solar (real 2018; BA=BPAT; 60min),EIA-930 Hourly Grid Monitor BPAT via https://www.eia.gov/electricity/gridmonitor/sixMonthFiles/EIA930_BALANCE_2018_Jul_Dec.csv
BPAT,1,2018-07-23T01:00:00Z,6937.0,eia930_residual_demand_minus_wind_solar (real 2018; BA=BPAT; 60min),EIA-930 Hourly Grid Monitor BPAT via https://www.eia.gov/electricity/gridmonitor/sixMonthFiles/EIA930_BALANCE_2018_Jul_Dec.csv
BPAT,2,2018-07-23T02:00:00Z,7059.0,eia930_residual_demand_minus_wind_solar (real 2018; BA=BPAT; 60min),EIA-930 Hourly Grid Monitor BPAT via https://www.eia.gov/electricity/gridmonitor/sixMonthFiles/EIA930_BALANCE_2018_Jul_Dec.csv
BPAT,3,2018-07-23T03:00:00Z,7066.0,eia930_residual_demand_minus_wind_solar (real 2018; BA=BPAT; 60min),EIA-930 Hourly Grid Monitor BPAT via https://www.eia.gov/electricity/gridmonitor/sixMonthFiles/EIA930_BALANCE_2018_Jul_Dec.csv
BPAT,4,2018-07-23T04:00:00Z,6902.0,eia930_residual_demand_minus_wind_solar (real 2018; BA=BPAT; 60min),EIA-930 Hourly Grid Monitor BPAT via https://www.eia.gov/electricity/gridmonitor/sixMonthFiles/EIA930_BALANCE_2018_Jul_Dec.csv
BPAT,5,2018-07-23T05:00:00Z,6712.0,eia930_residual_demand_minus_wind_solar (real 2018; BA=BPAT; 60min),EIA-930 Hourly Grid Monitor BPAT via https://www.eia.gov/electricity/gridmonitor/sixMonthFiles/EIA930_BALANCE_2018_Jul_Dec.csv
BPAT,6,2018-07-23T06:00:00Z,6244.0,eia930_residual_demand_minus_wind_solar (real 2018; BA=BPAT; 60min),EIA-930 Hourly Grid Monitor BPAT via https://www.eia.gov/electricity/gridmonitor/sixMonthFiles/EIA930_BALANCE_2018_Jul_Dec.csv
BPAT,7,2018-07-23T07:00:00Z,5663.0,eia930_residual_demand_minus_wind_solar (real 2018; BA=BPAT; 60min),EIA-930 Hourly Grid Monitor BPAT via https://www.eia.gov/electricity/gridmonitor/sixMonthFiles/EIA930_BALANCE_2018_Jul_Dec.csv
BPAT,8,2018-07-23T08:00:00Z,5362.0,eia930_residual_demand_minus_wind_solar (real 2018; BA=BPAT; 60min),EIA-930 Hourly Grid Monitor BPAT via https://www.eia.gov/electricity/gridmonitor/sixMonthFiles/EIA930_BALANCE_2018_Jul_Dec.csv
BPAT,9,2018-07-23T09:00:00Z,5126.0,eia930_residual_demand_minus_wind_solar (real 2018; BA=BPAT; 60min),EIA-930 Hourly Grid Monitor BPAT via https://www.eia.gov/electricity/gridmonitor/sixMonthFiles/EIA930_BALANCE_2018_Jul_Dec.csv
BPAT,10,2018-07-23T10:00:00Z,5004.0,eia930_residual_demand_minus_wind_solar (real 2018; BA=BPAT; 60min),EIA-930 Hourly Grid Monitor BPAT via https://www.eia.gov/electricity/gridmonitor/sixMonthFiles/EIA930_BALANCE_2018_Jul_Dec.csv
BPAT,11,2018-07-23T11:00:00Z,4899.0,eia930_residual_demand_minus_wind_solar (real 2018; BA=BPAT; 60min),EIA-930 Hourly Grid Monitor BPAT via https://www.eia.gov/electricity/gridmonitor/sixMonthFiles/EIA930_BALANCE_2018_Jul_Dec.csv
BPAT,12,2018-07-23T12:00:00Z,5005.0,eia930_residual_demand_minus_wind_solar (real 2018; BA=BPAT; 60min),EIA-930 Hourly Grid Monitor BPAT via https://www.eia.gov/electricity/gridmonitor/sixMonthFiles/EIA930_BALANCE_2018_Jul_Dec.csv
BPAT,13,2018-07-23T13:00:00Z,5238.0,eia930_residual_demand_minus_wind_solar (real 2018; BA=BPAT; 60min),EIA-930 Hourly Grid Monitor BPAT via https://www.eia.gov/electricity/gridmonitor/sixMonthFiles/EIA930_BALANCE_2018_Jul_Dec.csv
BPAT,14,2018-07-23T14:00:00Z,5623.0,eia930_residual_demand_minus_wind_solar (real 2018; BA=BPAT; 60min),EIA-930 Hourly Grid Monitor BPAT via https://www.eia.gov/electricity/gridmonitor/sixMonthFiles/EIA930_BALANCE_2018_Jul_Dec.csv
BPAT,15,2018-07-23T15:00:00Z,5969.0,eia930_residual_demand_minus_wind_solar (real 2018; BA=BPAT; 60min),EIA-930 Hourly Grid Monitor BPAT via https://www.eia.gov/electricity/gridmonitor/sixMonthFiles/EIA930_BALANCE_2018_Jul_Dec.csv
BPAT,16,2018-07-23T16:00:00Z,6297.0,eia930_residual_demand_minus_wind_solar (real 2018; BA=BPAT; 60min),EIA-930 Hourly Grid Monitor BPAT via https://www.eia.gov/electricity/gridmonitor/sixMonthFiles/EIA930_BALANCE_2018_Jul_Dec.csv
BPAT,17,2018-07-23T17:00:00Z,6524.0,eia930_residual_demand_minus_wind_solar (real 2018; BA=BPAT; 60min),EIA-930 Hourly Grid Monitor BPAT via https://www.eia.gov/electricity/gridmonitor/sixMonthFiles/EIA930_BALANCE_2018_Jul_Dec.csv
BPAT,18,2018-07-23T18:00:00Z,6743.0,eia930_residual_demand_minus_wind_solar (real 2018; BA=BPAT; 60min),EIA-930 Hourly Grid Monitor BPAT via https://www.eia.gov/electricity/gridmonitor/sixMonthFiles/EIA930_BALANCE_2018_Jul_Dec.csv
BPAT,19,2018-07-23T19:00:00Z,6955.0,eia930_residual_demand_minus_wind_solar (real 2018; BA=BPAT; 60min),EIA-930 Hourly Grid Monitor BPAT via https://www.eia.gov/electricity/gridmonitor/sixMonthFiles/EIA930_BALANCE_2018_Jul_Dec.csv
BPAT,20,2018-07-23T20:00:00Z,7233.0,eia930_residual_demand_minus_wind_solar (real 2018; BA=BPAT; 60min),EIA-930 Hourly Grid Monitor BPAT via https://www.eia.gov/electricity/gridmonitor/sixMonthFiles/EIA930_BALANCE_2018_Jul_Dec.csv
BPAT,21,2018-07-23T21:00:00Z,7438.0,eia930_residual_demand_minus_wind_solar (real 2018; BA=BPAT; 60min),EIA-930 Hourly Grid Monitor BPAT via https://www.eia.gov/electricity/gridmonitor/sixMonthFiles/EIA930_BALANCE_2018_Jul_Dec.csv
BPAT,22,2018-07-23T22:00:00Z,7642.0,eia930_residual_demand_minus_wind_solar (real 2018; BA=BPAT; 60min),EIA-930 Hourly Grid Monitor BPAT via https://www.eia.gov/electricity/gridmonitor/sixMonthFiles/EIA930_BALANCE_2018_Jul_Dec.csv
BPAT,23,2018-07-23T23:00:00Z,7774.0,eia930_residual_demand_minus_wind_solar (real 2018; BA=BPAT; 60min),EIA-930 Hourly Grid Monitor BPAT via https://www.eia.gov/electricity/gridmonitor/sixMonthFiles/EIA930_BALANCE_2018_Jul_Dec.csv
BPAT,24,2018-07-24T00:00:00Z,7823.0,eia930_residual_demand_minus_wind_solar (real 2018; BA=BPAT; 60min),EIA-930 Hourly Grid Monitor BPAT via https://www.eia.gov/electricity/gridmonitor/sixMonthFiles/EIA930_BALANCE_2018_Jul_Dec.csv
BPAT,25,2018-07-24T01:00:00Z,7768.0,eia930_residual_demand_minus_wind_solar (real 2018; BA=BPAT; 60min),EIA-930 Hourly Grid Monitor BPAT via https://www.eia.gov/electricity/gridmonitor/sixMonthFiles/EIA930_BALANCE_2018_Jul_Dec.csv
BPAT,26,2018-07-24T02:00:00Z,7580.0,eia930_residual_demand_minus_wind_solar (real 2018; BA=BPAT; 60min),EIA-930 Hourly Grid Monitor BPAT via https://www.eia.gov/electricity/gridmonitor/sixMonthFiles/EIA930_BALANCE_2018_Jul_Dec.csv
BPAT,27,2018-07-24T03:00:00Z,7157.0,eia930_residual_demand_minus_wind_solar (real 2018; BA=BPAT; 60min),EIA-930 Hourly Grid Monitor BPAT via https://www.eia.gov/electricity/gridmonitor/sixMonthFiles/EIA930_BALANCE_2018_Jul_Dec.csv
BPAT,28,2018-07-24T04:00:00Z,6591.0,eia930_residual_demand_minus_wind_solar (real 2018; BA=BPAT; 60min),EIA-930 Hourly Grid Monitor BPAT via https://www.eia.gov/electricity/gridmonitor/sixMonthFiles/EIA930_BALANCE_2018_Jul_Dec.csv
BPAT,29,2018-07-24T05:00:00Z,6080.0,eia930_residual_demand_minus_wind_solar (real 2018; BA=BPAT; 60min),EIA-930 Hourly Grid Monitor BPAT via https://www.eia.gov/electricity/gridmonitor/sixMonthFiles/EIA930_BALANCE_2018_Jul_Dec.csv
BPAT,30,2018-07-24T06:00:00Z,5527.0,eia930_residual_demand_minus_wind_solar (real 2018; BA=BPAT; 60min),EIA-930 Hourly Grid Monitor BPAT via https://www.eia.gov/electricity/gridmonitor/sixMonthFiles/EIA930_BALANCE_2018_Jul_Dec.csv
BPAT,31,2018-07-24T07:00:00Z,4982.0,eia930_residual_demand_minus_wind_solar (real 2018; BA=BPAT; 60min),EIA-930 Hourly Grid Monitor BPAT via https://www.eia.gov/electricity/gridmonitor/sixMonthFiles/EIA930_BALANCE_2018_Jul_Dec.csv
BPAT,32,2018-07-24T08:00:00Z,4653.0,eia930_residual_demand_minus_wind_solar (real 2018; BA=BPAT; 60min),EIA-930 Hourly Grid Monitor BPAT via https://www.eia.gov/electricity/gridmonitor/sixMonthFiles/EIA930_BALANCE_2018_Jul_Dec.csv
BPAT,33,2018-07-24T09:00:00Z,4253.0,eia930_residual_demand_minus_wind_solar (real 2018; BA=BPAT; 60min),EIA-930 Hourly Grid Monitor BPAT via https://www.eia.gov/electricity/gridmonitor/sixMonthFiles/EIA930_BALANCE_2018_Jul_Dec.csv
BPAT,34,2018-07-24T10:00:00Z,4093.0,eia930_residual_demand_minus_wind_solar (real 2018; BA=BPAT; 60min),EIA-930 Hourly Grid Monitor BPAT via https://www.eia.gov/electricity/gridmonitor/sixMonthFiles/EIA930_BALANCE_2018_Jul_Dec.csv
BPAT,35,2018-07-24T11:00:00Z,4258.0,eia930_residual_demand_minus_wind_solar (real 2018; BA=BPAT; 60min),EIA-930 Hourly Grid Monitor BPAT via https://www.eia.gov/electricity/gridmonitor/sixMonthFiles/EIA930_BALANCE_2018_Jul_Dec.csv
BPAT,36,2018-07-24T12:00:00Z,4369.0,eia930_residual_demand_minus_wind_solar (real 2018; BA=BPAT; 60min),EIA-930 Hourly Grid Monitor BPAT via https://www.eia.gov/electricity/gridmonitor/sixMonthFiles/EIA930_BALANCE_2018_Jul_Dec.csv
BPAT,37,2018-07-24T13:00:00Z,4698.0,eia930_residual_demand_minus_wind_solar (real 2018; BA=BPAT; 60min),EIA-930 Hourly Grid Monitor BPAT via https://www.eia.gov/electricity/gridmonitor/sixMonthFiles/EIA930_BALANCE_2018_Jul_Dec.csv
BPAT,38,2018-07-24T14:00:00Z,5080.0,eia930_residual_demand_minus_wind_solar (real 2018; BA=BPAT; 60min),EIA-930 Hourly Grid Monitor BPAT via https://www.eia.gov/electricity/gridmonitor/sixMonthFiles/EIA930_BALANCE_2018_Jul_Dec.csv
BPAT,39,2018-07-24T15:00:00Z,5497.0,eia930_residual_demand_minus_wind_solar (real 2018; BA=BPAT; 60min),EIA-930 Hourly Grid Monitor BPAT via https://www.eia.gov/electricity/gridmonitor/sixMonthFiles/EIA930_BALANCE_2018_Jul_Dec.csv
BPAT,40,2018-07-24T16:00:00Z,5810.0,eia930_residual_demand_minus_wind_solar (real 2018; BA=BPAT; 60min),EIA-930 Hourly Grid Monitor BPAT via https://www.eia.gov/electricity/gridmonitor/sixMonthFiles/EIA930_BALANCE_2018_Jul_Dec.csv
BPAT,41,2018-07-24T17:00:00Z,6026.0,eia930_residual_demand_minus_wind_solar (real 2018; BA=BPAT; 60min),EIA-930 Hourly Grid Monitor BPAT via https://www.eia.gov/electricity/gridmonitor/sixMonthFiles/EIA930_BALANCE_2018_Jul_Dec.csv
BPAT,42,2018-07-24T18:00:00Z,6338.0,eia930_residual_demand_minus_wind_solar (real 2018; BA=BPAT; 60min),EIA-930 Hourly Grid Monitor BPAT via https://www.eia.gov/electricity/gridmonitor/sixMonthFiles/EIA930_BALANCE_2018_Jul_Dec.csv
BPAT,43,2018-07-24T19:00:00Z,6775.0,eia930_residual_demand_minus_wind_solar (real 2018; BA=BPAT; 60min),EIA-930 Hourly Grid Monitor BPAT via https://www.eia.gov/electricity/gridmonitor/sixMonthFiles/EIA930_BALANCE_2018_Jul_Dec.csv
BPAT,44,2018-07-24T20:00:00Z,7095.0,eia930_residual_demand_minus_wind_solar (real 2018; BA=BPAT; 60min),EIA-930 Hourly Grid Monitor BPAT via https://www.eia.gov/electricity/gridmonitor/sixMonthFiles/EIA930_BALANCE_2018_Jul_Dec.csv
BPAT,45,2018-07-24T21:00:00Z,7297.0,eia930_residual_demand_minus_wind_solar (real 2018; BA=BPAT; 60min),EIA-930 Hourly Grid Monitor BPAT via https://www.eia.gov/electricity/gridmonitor/sixMonthFiles/EIA930_BALANCE_2018_Jul_Dec.csv
BPAT,46,2018-07-24T22:00:00Z,7311.0,eia930_residual_demand_minus_wind_solar (real 2018; BA=BPAT; 60min),EIA-930 Hourly Grid Monitor BPAT via https://www.eia.gov/electricity/gridmonitor/sixMonthFiles/EIA930_BALANCE_2018_Jul_Dec.csv
BPAT,47,2018-07-24T23:00:00Z,7152.0,eia930_residual_demand_minus_wind_solar (real 2018; BA=BPAT; 60min),EIA-930 Hourly Grid Monitor BPAT via https://www.eia.gov/electricity/gridmonitor/sixMonthFiles/EIA930_BALANCE_2018_Jul_Dec.csv
AZPS,0,2018-07-23T00:00:00Z,5648.0,eia930_residual_demand_minus_wind_solar (real 2018; BA=AZPS; 60min),EIA-930 Hourly Grid Monitor AZPS via https://www.eia.gov/electricity/gridmonitor/sixMonthFiles/EIA930_BALANCE_2018_Jul_Dec.csv
AZPS,1,2018-07-23T01:00:00Z,5821.0,eia930_residual_demand_minus_wind_solar (real 2018; BA=AZPS; 60min),EIA-930 Hourly Grid Monitor AZPS via https://www.eia.gov/electricity/gridmonitor/sixMonthFiles/EIA930_BALANCE_2018_Jul_Dec.csv
AZPS,2,2018-07-23T02:00:00Z,5884.0,eia930_residual_demand_minus_wind_solar (real 2018; BA=AZPS; 60min),EIA-930 Hourly Grid Monitor AZPS via https://www.eia.gov/electricity/gridmonitor/sixMonthFiles/EIA930_BALANCE_2018_Jul_Dec.csv
AZPS,3,2018-07-23T03:00:00Z,5712.0,eia930_residual_demand_minus_wind_solar (real 2018; BA=AZPS; 60min),EIA-930 Hourly Grid Monitor AZPS via https://www.eia.gov/electricity/gridmonitor/sixMonthFiles/EIA930_BALANCE_2018_Jul_Dec.csv
AZPS,4,2018-07-23T04:00:00Z,5492.0,eia930_residual_demand_minus_wind_solar (real 2018; BA=AZPS; 60min),EIA-930 Hourly Grid Monitor AZPS via https://www.eia.gov/electricity/gridmonitor/sixMonthFiles/EIA930_BALANCE_2018_Jul_Dec.csv
AZPS,5,2018-07-23T05:00:00Z,5127.0,eia930_residual_demand_minus_wind_solar (real 2018; BA=AZPS; 60min),EIA-930 Hourly Grid Monitor AZPS via https://www.eia.gov/electricity/gridmonitor/sixMonthFiles/EIA930_BALANCE_2018_Jul_Dec.csv
AZPS,6,2018-07-23T06:00:00Z,4672.0,eia930_residual_demand_minus_wind_solar (real 2018; BA=AZPS; 60min),EIA-930 Hourly Grid Monitor AZPS via https://www.eia.gov/electricity/gridmonitor/sixMonthFiles/EIA930_BALANCE_2018_Jul_Dec.csv
AZPS,7,2018-07-23T07:00:00Z,4259.0,eia930_residual_demand_minus_wind_solar (real 2018; BA=AZPS; 60min),EIA-930 Hourly Grid Monitor AZPS via https://www.eia.gov/electricity/gridmonitor/sixMonthFiles/EIA930_BALANCE_2018_Jul_Dec.csv
AZPS,8,2018-07-23T08:00:00Z,4042.0,eia930_residual_demand_minus_wind_solar (real 2018; BA=AZPS; 60min),EIA-930 Hourly Grid Monitor AZPS via https://www.eia.gov/electricity/gridmonitor/sixMonthFiles/EIA930_BALANCE_2018_Jul_Dec.csv
AZPS,9,2018-07-23T09:00:00Z,3923.0,eia930_residual_demand_minus_wind_solar (real 2018; BA=AZPS; 60min),EIA-930 Hourly Grid Monitor AZPS via https://www.eia.gov/electricity/gridmonitor/sixMonthFiles/EIA930_BALANCE_2018_Jul_Dec.csv
AZPS,10,2018-07-23T10:00:00Z,3740.0,eia930_residual_demand_minus_wind_solar (real 2018; BA=AZPS; 60min),EIA-930 Hourly Grid Monitor AZPS via https://www.eia.gov/electricity/gridmonitor/sixMonthFiles/EIA930_BALANCE_2018_Jul_Dec.csv
AZPS,11,2018-07-23T11:00:00Z,3631.0,eia930_residual_demand_minus_wind_solar (real 2018; BA=AZPS; 60min),EIA-930 Hourly Grid Monitor AZPS via https://www.eia.gov/electricity/gridmonitor/sixMonthFiles/EIA930_BALANCE_2018_Jul_Dec.csv
AZPS,12,2018-07-23T12:00:00Z,3620.0,eia930_residual_demand_minus_wind_solar (real 2018; BA=AZPS; 60min),EIA-930 Hourly Grid Monitor AZPS via https://www.eia.gov/electricity/gridmonitor/sixMonthFiles/EIA930_BALANCE_2018_Jul_Dec.csv
AZPS,13,2018-07-23T13:00:00Z,3694.0,eia930_residual_demand_minus_wind_solar (real 2018; BA=AZPS; 60min),EIA-930 Hourly Grid Monitor AZPS via https://www.eia.gov/electricity/gridmonitor/sixMonthFiles/EIA930_BALANCE_2018_Jul_Dec.csv
AZPS,14,2018-07-23T14:00:00Z,3728.0,eia930_residual_demand_minus_wind_solar (real 2018; BA=AZPS; 60min),EIA-930 Hourly Grid Monitor AZPS via https://www.eia.gov/electricity/gridmonitor/sixMonthFiles/EIA930_BALANCE_2018_Jul_Dec.csv
AZPS,15,2018-07-23T15:00:00Z,3850.0,eia930_residual_demand_minus_wind_solar (real 2018; BA=AZPS; 60min),EIA-930 Hourly Grid Monitor AZPS via https://www.eia.gov/electricity/gridmonitor/sixMonthFiles/EIA930_BALANCE_2018_Jul_Dec.csv
AZPS,16,2018-07-23T16:00:00Z,3991.0,eia930_residual_demand_minus_wind_solar (real 2018; BA=AZPS; 60min),EIA-930 Hourly Grid Monitor AZPS via https://www.eia.gov/electricity/gridmonitor/sixMonthFiles/EIA930_BALANCE_2018_Jul_Dec.csv
AZPS,17,2018-07-23T17:00:00Z,4149.0,eia930_residual_demand_minus_wind_solar (real 2018; BA=AZPS; 60min),EIA-930 Hourly Grid Monitor AZPS via https://www.eia.gov/electricity/gridmonitor/sixMonthFiles/EIA930_BALANCE_2018_Jul_Dec.csv
AZPS,18,2018-07-23T18:00:00Z,4553.0,eia930_residual_demand_minus_wind_solar (real 2018; BA=AZPS; 60min),EIA-930 Hourly Grid Monitor AZPS via https://www.eia.gov/electricity/gridmonitor/sixMonthFiles/EIA930_BALANCE_2018_Jul_Dec.csv
AZPS,19,2018-07-23T19:00:00Z,5074.0,eia930_residual_demand_minus_wind_solar (real 2018; BA=AZPS; 60min),EIA-930 Hourly Grid Monitor AZPS via https://www.eia.gov/electricity/gridmonitor/sixMonthFiles/EIA930_BALANCE_2018_Jul_Dec.csv
AZPS,20,2018-07-23T20:00:00Z,5483.0,eia930_residual_demand_minus_wind_solar (real 2018; BA=AZPS; 60min),EIA-930 Hourly Grid Monitor AZPS via https://www.eia.gov/electricity/gridmonitor/sixMonthFiles/EIA930_BALANCE_2018_Jul_Dec.csv
AZPS,21,2018-07-23T21:00:00Z,5869.0,eia930_residual_demand_minus_wind_solar (real 2018; BA=AZPS; 60min),EIA-930 Hourly Grid Monitor AZPS via https://www.eia.gov/electricity/gridmonitor/sixMonthFiles/EIA930_BALANCE_2018_Jul_Dec.csv
AZPS,22,2018-07-23T22:00:00Z,6216.0,eia930_residual_demand_minus_wind_solar (real 2018; BA=AZPS; 60min),EIA-930 Hourly Grid Monitor AZPS via https://www.eia.gov/electricity/gridmonitor/sixMonthFiles/EIA930_BALANCE_2018_Jul_Dec.csv
AZPS,23,2018-07-23T23:00:00Z,6346.0,eia930_residual_demand_minus_wind_solar (real 2018; BA=AZPS; 60min),EIA-930 Hourly Grid Monitor AZPS via https://www.eia.gov/electricity/gridmonitor/sixMonthFiles/EIA930_BALANCE_2018_Jul_Dec.csv
AZPS,24,2018-07-24T00:00:00Z,6525.0,eia930_residual_demand_minus_wind_solar (real 2018; BA=AZPS; 60min),EIA-930 Hourly Grid Monitor AZPS via https://www.eia.gov/electricity/gridmonitor/sixMonthFiles/EIA930_BALANCE_2018_Jul_Dec.csv
AZPS,25,2018-07-24T01:00:00Z,6617.0,eia930_residual_demand_minus_wind_solar (real 2018; BA=AZPS; 60min),EIA-930 Hourly Grid Monitor AZPS via https://www.eia.gov/electricity/gridmonitor/sixMonthFiles/EIA930_BALANCE_2018_Jul_Dec.csv
AZPS,26,2018-07-24T02:00:00Z,6597.0,eia930_residual_demand_minus_wind_solar (real 2018; BA=AZPS; 60min),EIA-930 Hourly Grid Monitor AZPS via https://www.eia.gov/electricity/gridmonitor/sixMonthFiles/EIA930_BALANCE_2018_Jul_Dec.csv
AZPS,27,2018-07-24T03:00:00Z,6405.0,eia930_residual_demand_minus_wind_solar (real 2018; BA=AZPS; 60min),EIA-930 Hourly Grid Monitor AZPS via https://www.eia.gov/electricity/gridmonitor/sixMonthFiles/EIA930_BALANCE_2018_Jul_Dec.csv
AZPS,28,2018-07-24T04:00:00Z,6172.0,eia930_residual_demand_minus_wind_solar (real 2018; BA=AZPS; 60min),EIA-930 Hourly Grid Monitor AZPS via https://www.eia.gov/electricity/gridmonitor/sixMonthFiles/EIA930_BALANCE_2018_Jul_Dec.csv
AZPS,29,2018-07-24T05:00:00Z,5798.0,eia930_residual_demand_minus_wind_solar (real 2018; BA=AZPS; 60min),EIA-930 Hourly Grid Monitor AZPS via https://www.eia.gov/electricity/gridmonitor/sixMonthFiles/EIA930_BALANCE_2018_Jul_Dec.csv
AZPS,30,2018-07-24T06:00:00Z,5323.0,eia930_residual_demand_minus_wind_solar (real 2018; BA=AZPS; 60min),EIA-930 Hourly Grid Monitor AZPS via https://www.eia.gov/electricity/gridmonitor/sixMonthFiles/EIA930_BALANCE_2018_Jul_Dec.csv
AZPS,31,2018-07-24T07:00:00Z,5008.0,eia930_residual_demand_minus_wind_solar (real 2018; BA=AZPS; 60min),EIA-930 Hourly Grid Monitor AZPS via https://www.eia.gov/electricity/gridmonitor/sixMonthFiles/EIA930_BALANCE_2018_Jul_Dec.csv
AZPS,32,2018-07-24T08:00:00Z,4630.0,eia930_residual_demand_minus_wind_solar (real 2018; BA=AZPS; 60min),EIA-930 Hourly Grid Monitor AZPS via https://www.eia.gov/electricity/gridmonitor/sixMonthFiles/EIA930_BALANCE_2018_Jul_Dec.csv
AZPS,33,2018-07-24T09:00:00Z,4326.0,eia930_residual_demand_minus_wind_solar (real 2018; BA=AZPS; 60min),EIA-930 Hourly Grid Monitor AZPS via https://www.eia.gov/electricity/gridmonitor/sixMonthFiles/EIA930_BALANCE_2018_Jul_Dec.csv
AZPS,34,2018-07-24T10:00:00Z,4099.0,eia930_residual_demand_minus_wind_solar (real 2018; BA=AZPS; 60min),EIA-930 Hourly Grid Monitor AZPS via https://www.eia.gov/electricity/gridmonitor/sixMonthFiles/EIA930_BALANCE_2018_Jul_Dec.csv
AZPS,35,2018-07-24T11:00:00Z,3946.0,eia930_residual_demand_minus_wind_solar (real 2018; BA=AZPS; 60min),EIA-930 Hourly Grid Monitor AZPS via https://www.eia.gov/electricity/gridmonitor/sixMonthFiles/EIA930_BALANCE_2018_Jul_Dec.csv
AZPS,36,2018-07-24T12:00:00Z,3912.0,eia930_residual_demand_minus_wind_solar (real 2018; BA=AZPS; 60min),EIA-930 Hourly Grid Monitor AZPS via https://www.eia.gov/electricity/gridmonitor/sixMonthFiles/EIA930_BALANCE_2018_Jul_Dec.csv
AZPS,37,2018-07-24T13:00:00Z,3942.0,eia930_residual_demand_minus_wind_solar (real 2018; BA=AZPS; 60min),EIA-930 Hourly Grid Monitor AZPS via https://www.eia.gov/electricity/gridmonitor/sixMonthFiles/EIA930_BALANCE_2018_Jul_Dec.csv
AZPS,38,2018-07-24T14:00:00Z,4008.0,eia930_residual_demand_minus_wind_solar (real 2018; BA=AZPS; 60min),EIA-930 Hourly Grid Monitor AZPS via https://www.eia.gov/electricity/gridmonitor/sixMonthFiles/EIA930_BALANCE_2018_Jul_Dec.csv
AZPS,39,2018-07-24T15:00:00Z,4108.0,eia930_residual_demand_minus_wind_solar (real 2018; BA=AZPS; 60min),EIA-930 Hourly Grid Monitor AZPS via https://www.eia.gov/electricity/gridmonitor/sixMonthFiles/EIA930_BALANCE_2018_Jul_Dec.csv
AZPS,40,2018-07-24T16:00:00Z,4189.0,eia930_residual_demand_minus_wind_solar (real 2018; BA=AZPS; 60min),EIA-930 Hourly Grid Monitor AZPS via https://www.eia.gov/electricity/gridmonitor/sixMonthFiles/EIA930_BALANCE_2018_Jul_Dec.csv
AZPS,41,2018-07-24T17:00:00Z,4460.0,eia930_residual_demand_minus_wind_solar (real 2018; BA=AZPS; 60min),EIA-930 Hourly Grid Monitor AZPS via https://www.eia.gov/electricity/gridmonitor/sixMonthFiles/EIA930_BALANCE_2018_Jul_Dec.csv
AZPS,42,2018-07-24T18:00:00Z,4836.0,eia930_residual_demand_minus_wind_solar (real 2018; BA=AZPS; 60min),EIA-930 Hourly Grid Monitor AZPS via https://www.eia.gov/electricity/gridmonitor/sixMonthFiles/EIA930_BALANCE_2018_Jul_Dec.csv
AZPS,43,2018-07-24T19:00:00Z,5290.0,eia930_residual_demand_minus_wind_solar (real 2018; BA=AZPS; 60min),EIA-930 Hourly Grid Monitor AZPS via https://www.eia.gov/electricity/gridmonitor/sixMonthFiles/EIA930_BALANCE_2018_Jul_Dec.csv
AZPS,44,2018-07-24T20:00:00Z,5722.0,eia930_residual_demand_minus_wind_solar (real 2018; BA=AZPS; 60min),EIA-930 Hourly Grid Monitor AZPS via https://www.eia.gov/electricity/gridmonitor/sixMonthFiles/EIA930_BALANCE_2018_Jul_Dec.csv
AZPS,45,2018-07-24T21:00:00Z,6169.0,eia930_residual_demand_minus_wind_solar (real 2018; BA=AZPS; 60min),EIA-930 Hourly Grid Monitor AZPS via https://www.eia.gov/electricity/gridmonitor/sixMonthFiles/EIA930_BALANCE_2018_Jul_Dec.csv
AZPS,46,2018-07-24T22:00:00Z,6453.0,eia930_residual_demand_minus_wind_solar (real 2018; BA=AZPS; 60min),EIA-930 Hourly Grid Monitor AZPS via https://www.eia.gov/electricity/gridmonitor/sixMonthFiles/EIA930_BALANCE_2018_Jul_Dec.csv
AZPS,47,2018-07-24T23:00:00Z,6582.0,eia930_residual_demand_minus_wind_solar (real 2018; BA=AZPS; 60min),EIA-930 Hourly Grid Monitor AZPS via https://www.eia.gov/electricity/gridmonitor/sixMonthFiles/EIA930_BALANCE_2018_Jul_Dec.csv
