region,slot_index,forecast_datetime_utc,mix_datetime_utc,ewif_l_per_kwh,ewif_scenario,power_consumption_total_mw,non_storage_share,inherit_share,is_estimated,estimation_method,mix_notes,source_dataset,source_url
ERCO,0,2018-07-23T00:00:00Z,2018-07-23T00:00:00Z,1.228664,base,70801.0,1.0,0.0,False,,EIA-930 measured fuel mix x Macknick consumption factors,EIA-930 Hourly Grid Monitor + Macknick 2012 (NREL),https://www.eia.gov/electricity/gridmonitor/sixMonthFiles/EIA930_BALANCE_2018_Jul_Dec.csv
ERCO,1,2018-07-23T01:00:00Z,2018-07-23T01:00:00Z,1.241548,base,68692.0,1.0,0.0,False,,EIA-930 measured fuel mix x Macknick consumption factors,EIA-930 Hourly Grid Monitor + Macknick 2012 (NREL),https://www.eia.gov/electricity/gridmonitor/sixMonthFiles/EIA930_BALANCE_2018_Jul_Dec.csv
ERCO,2,2018-07-23T02:00:00Z,2018-07-23T02:00:00Z,1.264398,base,66073.0,1.0,0.0,False,,EIA-930 measured fuel mix x Macknick consumption factors,EIA-930 Hourly Grid Monitor + Macknick 2012 (NREL),https://www.eia.gov/electricity/gridmonitor/sixMonthFiles/EIA930_BALANCE_2018_Jul_Dec.csv
ERCO,3,2018-07-23T03:00:00Z,2018-07-23T03:00:00Z,1.261922,base,63680.0,1.0,0.0,False,,EIA-930 measured fuel mix x Macknick consumption factors,EIA-930 Hourly Grid Monitor + Macknick 2012 (NREL),https://www.eia.gov/electricity/gridmonitor/sixMonthFiles/EIA930_BALANCE_2018_Jul_Dec.csv
ERCO,4,2018-07-23T04:00:00Z,2018-07-23T04:00:00Z,1.259527,base,59603.0,1.0,0.0,False,,EIA-930 measured fuel mix x Macknick consumption factors,EIA-930 Hourly Grid Monitor + Macknick 2012 (NREL),https://www.eia.gov/electricity/gridmonitor/sixMonthFiles/EIA930_BALANCE_2018_Jul_Dec.csv
ERCO,5,2018-07-23T05:00:00Z,2018-07-23T05:00:00Z,1.215854,base,55059.0,1.0,0.0,False,,EIA-930 measured fuel mix x Macknick consumption factors,EIA-930 Hourly Grid Monitor + Macknick 2012 (NREL),https://www.eia.gov/electricity/gridmonitor/sixMonthFiles/EIA930_BALANCE_2018_Jul_Dec.csv
ERCO,6,2018-07-23T06:00:00Z,2018-07-23T06:00:00Z,1.157249,base,51100.0,1.0,0.0,False,,EIA-930 measured fuel mix x Macknick consumption factors,EIA-930 Hourly Grid Monitor + Macknick 2012 (NREL),https://www.eia.gov/electricity/gridmonitor/sixMonthFiles/EIA930_BALANCE_2018_Jul_Dec.csv
ERCO,7,2018-07-23T07:00:00Z,2018-07-23T07:00:00Z,1.131668,base,48183.0,1.0,0.0,False,,EIA-930 measured fuel mix x Macknick consumption factors,EIA-930 Hourly Grid Monitor + Macknick 2012 (NREL),https://www.eia.gov/electricity/gridmonitor/sixMonthFiles/EIA930_BALANCE_2018_Jul_Dec.csv
ERCO,8,2018-07-23T08:00:00Z,2018-07-23T08:00:00Z,1.088998,base,46102.0,1.0,0.0,False,,EIA-930 measured fuel mix x Macknick consumption factors,EIA-930 Hourly Grid Monitor + Macknick 2012 (NREL),https://www.eia.gov/electricity/gridmonitor/sixMonthFiles/EIA930_BALANCE_2018_Jul_Dec.csv
ERCO,9,2018-07-23T09:00:00Z,2018-07-23T09:00:00Z,1.07242,base,44761.0,1.0,0.0,False,,EIA-930 measured fuel mix x Macknick consumption factors,EIA-930 Hourly Grid Monitor + Macknick 2012 (NREL),https://www.eia.gov/electricity/gridmonitor/sixMonthFiles/EIA930_BALANCE_2018_Jul_Dec.csv
ERCO,10,2018-07-23T10:00:00Z,2018-07-23T10:00:00Z,1.107349,base,44300.0,1.0,0.0,False,,EIA-930 measured fuel mix x Macknick consumption factors,EIA-930 Hourly Grid Monitor + Macknick 2012 (NREL),https://www.eia.gov/electricity/gridmonitor/sixMonthFiles/EIA930_BALANCE_2018_Jul_Dec.csv
ERCO,11,2018-07-23T11:00:00Z,2018-07-23T11:00:00Z,1.14238,base,44987.0,1.0,0.0,False,,EIA-930 measured fuel mix x Macknick consumption factors,EIA-930 Hourly Grid Monitor + Macknick 2012 (NREL),https://www.eia.gov/electricity/gridmonitor/sixMonthFiles/EIA930_BALANCE_2018_Jul_Dec.csv
ERCO,12,2018-07-23T12:00:00Z,2018-07-23T12:00:00Z,1.170568,base,46086.0,1.0,0.0,False,,EIA-930 measured fuel mix x Macknick consumption factors,EIA-930 Hourly Grid Monitor + Macknick 2012 (NREL),https://www.eia.gov/electricity/gridmonitor/sixMonthFiles/EIA930_BALANCE_2018_Jul_Dec.csv
ERCO,13,2018-07-23T13:00:00Z,2018-07-23T13:00:00Z,1.200942,base,46713.0,1.0,0.0,False,,EIA-930 measured fuel mix x Macknick consumption factors,EIA-930 Hourly Grid Monitor + Macknick 2012 (NREL),https://www.eia.gov/electricity/gridmonitor/sixMonthFiles/EIA930_BALANCE_2018_Jul_Dec.csv
ERCO,14,2018-07-23T14:00:00Z,2018-07-23T14:00:00Z,1.24258,base,49031.0,1.0,0.0,False,,EIA-930 measured fuel mix x Macknick consumption factors,EIA-930 Hourly Grid Monitor + Macknick 2012 (NREL),https://www.eia.gov/electricity/gridmonitor/sixMonthFiles/EIA930_BALANCE_2018_Jul_Dec.csv
ERCO,15,2018-07-23T15:00:00Z,2018-07-23T15:00:00Z,1.305601,base,52821.0,1.0,0.0,False,,EIA-930 measured fuel mix x Macknick consumption factors,EIA-930 Hourly Grid Monitor + Macknick 2012 (NREL),https://www.eia.gov/electricity/gridmonitor/sixMonthFiles/EIA930_BALANCE_2018_Jul_Dec.csv
ERCO,16,2018-07-23T16:00:00Z,2018-07-23T16:00:00Z,1.320928,base,57364.0,1.0,0.0,False,,EIA-930 measured fuel mix x Macknick consumption factors,EIA-930 Hourly Grid Monitor + Macknick 2012 (NREL),https://www.eia.gov/electricity/gridmonitor/sixMonthFiles/EIA930_BALANCE_2018_Jul_Dec.csv
ERCO,17,2018-07-23T17:00:00Z,2018-07-23T17:00:00Z,1.296875,base,61978.0,1.0,0.0,False,,EIA-930 measured fuel mix x Macknick consumption factors,EIA-930 Hourly Grid Monitor + Macknick 2012 (NREL),https://www.eia.gov/electricity/gridmonitor/sixMonthFiles/EIA930_BALANCE_2018_Jul_Dec.csv
ERCO,18,2018-07-23T18:00:00Z,2018-07-23T18:00:00Z,1.255931,base,66007.0,1.0,0.0,False,,EIA-930 measured fuel mix x Macknick consumption factors,EIA-930 Hourly Grid Monitor + Macknick 2012 (NREL),https://www.eia.gov/electricity/gridmonitor/sixMonthFiles/EIA930_BALANCE_2018_Jul_Dec.csv
ERCO,19,2018-07-23T19:00:00Z,2018-07-23T19:00:00Z,1.225277,base,69684.0,1.0,0.0,False,,EIA-930 measured fuel mix x Macknick consumption factors,EIA-930 Hourly Grid Monitor + Macknick 2012 (NREL),https://www.eia.gov/electricity/gridmonitor/sixMonthFiles/EIA930_BALANCE_2018_Jul_Dec.csv
ERCO,20,2018-07-23T20:00:00Z,2018-07-23T20:00:00Z,1.206463,base,72083.0,1.0,0.0,False,,EIA-930 measured fuel mix x Macknick consumption factors,EIA-930 Hourly Grid Monitor + Macknick 2012 (NREL),https://www.eia.gov/electricity/gridmonitor/sixMonthFiles/EIA930_BALANCE_2018_Jul_Dec.csv
ERCO,21,2018-07-23T21:00:00Z,2018-07-23T21:00:00Z,1.194738,base,73052.0,1.0,0.0,False,,EIA-930 measured fuel mix x Macknick consumption factors,EIA-930 Hourly Grid Monitor + Macknick 2012 (NREL),https://www.eia.gov/electricity/gridmonitor/sixMonthFiles/EIA930_BALANCE_2018_Jul_Dec.csv
ERCO,22,2018-07-23T22:00:00Z,2018-07-23T22:00:00Z,1.184046,base,73050.0,1.0,0.0,False,,EIA-930 measured fuel mix x Macknick consumption factors,EIA-930 Hourly Grid Monitor + Macknick 2012 (NREL),https://www.eia.gov/electricity/gridmonitor/sixMonthFiles/EIA930_BALANCE_2018_Jul_Dec.csv
ERCO,23,2018-07-23T23:00:00Z,2018-07-23T23:00:00Z,1.173138,base,72619.0,1.0,0.0,False,,EIA-930 measured fuel mix x Macknick consumption factors,EIA-930 Hourly Grid Monitor + Macknick 2012 (NREL),https://www.eia.gov/electricity/gridmonitor/sixMonthFiles/EIA930_BALANCE_2018_Jul_Dec.csv
ERCO,24,2018-07-24T00:00:00Z,2018-07-24T00:00:00Z,1.172614,base,71216.0,1.0,0.0,False,,EIA-930 measured fuel mix x Macknick consumption factors,EIA-930 Hourly Grid Monitor + Macknick 2012 (NREL),https://www.eia.gov/electricity/gridmonitor/sixMonthFiles/EIA930_BALANCE_2018_Jul_Dec.csv
ERCO,25,2018-07-24T01:00:00Z,2018-07-24T01:00:00Z,1.17242,base,68718.0,1.0,0.0,False,,EIA-930 measured fuel mix x Macknick consumption factors,EIA-930 Hourly Grid Monitor + Macknick 2012 (NREL),https://www.eia.gov/electricity/gridmonitor/sixMonthFiles/EIA930_BALANCE_2018_Jul_Dec.csv
ERCO,26,2018-07-24T02:00:00Z,2018-07-24T02:00:00Z,1.196799,base,66376.0,1.0,0.0,False,,EIA-930 measured fuel mix x Macknick consumption factors,EIA-930 Hourly Grid Monitor + Macknick 2012 (NREL),https://www.eia.gov/electricity/gridmonitor/sixMonthFiles/EIA930_BALANCE_2018_Jul_Dec.csv
ERCO,27,2018-07-24T03:00:00Z,2018-07-24T03:00:00Z,1.212615,base,63960.0,1.0,0.0,False,,EIA-930 measured fuel mix x Macknick consumption factors,EIA-930 Hourly Grid Monitor + Macknick 2012 (NREL),https://www.eia.gov/electricity/gridmonitor/sixMonthFiles/EIA930_BALANCE_2018_Jul_Dec.csv
ERCO,28,2018-07-24T04:00:00Z,2018-07-24T04:00:00Z,1.240782,base,59754.0,1.0,0.0,False,,EIA-930 measured fuel mix x Macknick consumption factors,EIA-930 Hourly Grid Monitor + Macknick 2012 (NREL),https://www.eia.gov/electricity/gridmonitor/sixMonthFiles/EIA930_BALANCE_2018_Jul_Dec.csv
ERCO,29,2018-07-24T05:00:00Z,2018-07-24T05:00:00Z,1.26868,base,55272.0,1.0,0.0,False,,EIA-930 measured fuel mix x Macknick consumption factors,EIA-930 Hourly Grid Monitor + Macknick 2012 (NREL),https://www.eia.gov/electricity/gridmonitor/sixMonthFiles/EIA930_BALANCE_2018_Jul_Dec.csv
ERCO,30,2018-07-24T06:00:00Z,2018-07-24T06:00:00Z,1.290301,base,51475.0,1.0,0.0,False,,EIA-930 measured fuel mix x Macknick consumption factors,EIA-930 Hourly Grid Monitor + Macknick 2012 (NREL),https://www.eia.gov/electricity/gridmonitor/sixMonthFiles/EIA930_BALANCE_2018_Jul_Dec.csv
ERCO,31,2018-07-24T07:00:00Z,2018-07-24T07:00:00Z,1.311914,base,48577.0,1.0,0.0,False,,EIA-930 measured fuel mix x Macknick consumption factors,EIA-930 Hourly Grid Monitor + Macknick 2012 (NREL),https://www.eia.gov/electricity/gridmonitor/sixMonthFiles/EIA930_BALANCE_2018_Jul_Dec.csv
ERCO,32,2018-07-24T08:00:00Z,2018-07-24T08:00:00Z,1.309821,base,46405.0,1.0,0.0,False,,EIA-930 measured fuel mix x Macknick consumption factors,EIA-930 Hourly Grid Monitor + Macknick 2012 (NREL),https://www.eia.gov/electricity/gridmonitor/sixMonthFiles/EIA930_BALANCE_2018_Jul_Dec.csv
ERCO,33,2018-07-24T09:00:00Z,2018-07-24T09:00:00Z,1.314812,base,44970.0,1.0,0.0,False,,EIA-930 measured fuel mix x Macknick consumption factors,EIA-930 Hourly Grid Monitor + Macknick 2012 (NREL),https://www.eia.gov/electricity/gridmonitor/sixMonthFiles/EIA930_BALANCE_2018_Jul_Dec.csv
ERCO,34,2018-07-24T10:00:00Z,2018-07-24T10:00:00Z,1.31924,base,44449.0,1.0,0.0,False,,EIA-930 measured fuel mix x Macknick consumption factors,EIA-930 Hourly Grid Monitor + Macknick 2012 (NREL),https://www.eia.gov/electricity/gridmonitor/sixMonthFiles/EIA930_BALANCE_2018_Jul_Dec.csv
ERCO,35,2018-07-24T11:00:00Z,2018-07-24T11:00:00Z,1.343668,base,45023.0,1.0,0.0,False,,EIA-930 measured fuel mix x Macknick consumption factors,EIA-930 Hourly Grid Monitor + Macknick 2012 (NREL),https://www.eia.gov/electricity/gridmonitor/sixMonthFiles/EIA930_BALANCE_2018_Jul_Dec.csv
ERCO,36,2018-07-24T12:00:00Z,2018-07-24T12:00:00Z,1.382242,base,46392.0,1.0,0.0,False,,EIA-930 measured fuel mix x Macknick consumption factors,EIA-930 Hourly Grid Monitor + Macknick 2012 (NREL),https://www.eia.gov/electricity/gridmonitor/sixMonthFiles/EIA930_BALANCE_2018_Jul_Dec.csv
ERCO,37,2018-07-24T13:00:00Z,2018-07-24T13:00:00Z,1.395976,base,47026.0,1.0,0.0,False,,EIA-930 measured fuel mix x Macknick consumption factors,EIA-930 Hourly Grid Monitor + Macknick 2012 (NREL),https://www.eia.gov/electricity/gridmonitor/sixMonthFiles/EIA930_BALANCE_2018_Jul_Dec.csv
ERCO,38,2018-07-24T14:00:00Z,2018-07-24T14:00:00Z,1.40424,base,49005.0,1.0,0.0,False,,EIA-930 measured fuel mix x Macknick consumption factors,EIA-930 Hourly Grid Monitor + Macknick 2012 (NREL),https://www.eia.gov/electricity/gridmonitor/sixMonthFiles/EIA930_BALANCE_2018_Jul_Dec.csv
ERCO,39,2018-07-24T15:00:00Z,2018-07-24T15:00:00Z,1.374222,base,52174.0,1.0,0.0,False,,EIA-930 measured fuel mix x Macknick consumption factors,EIA-930 Hourly Grid Monitor + Macknick 2012 (NREL),https://www.eia.gov/electricity/gridmonitor/sixMonthFiles/EIA930_BALANCE_2018_Jul_Dec.csv
ERCO,40,2018-07-24T16:00:00Z,2018-07-24T16:00:00Z,1.343565,base,55890.0,1.0,0.0,False,,EIA-930 measured fuel mix x Macknick consumption factors,EIA-930 Hourly Grid Monitor + Macknick 2012 (NREL),https://www.eia.gov/electricity/gridmonitor/sixMonthFiles/EIA930_BALANCE_2018_Jul_Dec.csv
ERCO,41,2018-07-24T17:00:00Z,2018-07-24T17:00:00Z,1.31401,base,59294.0,1.0,0.0,False,,EIA-930 measured fuel mix x Macknick consumption factors,EIA-930 Hourly Grid Monitor + Macknick 2012 (NREL),https://www.eia.gov/electricity/gridmonitor/sixMonthFiles/EIA930_BALANCE_2018_Jul_Dec.csv
ERCO,42,2018-07-24T18:00:00Z,2018-07-24T18:00:00Z,1.299624,base,62316.0,1.0,0.0,False,,EIA-930 measured fuel mix x Macknick consumption factors,EIA-930 Hourly Grid Monitor + Macknick 2012 (NREL),https://www.eia.gov/electricity/gridmonitor/sixMonthFiles/EIA930_BALANCE_2018_Jul_Dec.csv
ERCO,43,2018-07-24T19:00:00Z,2018-07-24T19:00:00Z,1.280738,base,65320.0,1.0,0.0,False,,EIA-930 measured fuel mix x Macknick consumption factors,EIA-930 Hourly Grid Monitor + Macknick 2012 (NREL),https://www.eia.gov/electricity/gridmonitor/sixMonthFiles/EIA930_BALANCE_2018_Jul_Dec.csv
ERCO,44,2018-07-24T20:00:00Z,2018-07-24T20:00:00Z,1.256629,base,67833.0,1.0,0.0,False,,EIA-930 measured fuel mix x Macknick consumption factors,EIA-930 Hourly Grid Monitor + Macknick 2012 (NREL),https://www.eia.gov/electricity/gridmonitor/sixMonthFiles/EIA930_BALANCE_2018_Jul_Dec.csv
ERCO,45,2018-07-24T21:00:00Z,2018-07-24T21:00:00Z,1.239803,base,69418.0,1.0,0.0,False,,EIA-930 measured fuel mix x Macknick consumption factors,EIA-930 Hourly Grid Monitor + Macknick 2012 (NREL),https://www.eia.gov/electricity/gridmonitor/sixMonthFiles/EIA930_BALANCE_2018_Jul_Dec.csv
ERCO,46,2018-07-24T22:00:00Z,2018-07-24T22:00:00Z,1.228576,base,70207.0,1.0,0.0,False,,EIA-930 measured fuel mix x Macknick consumption factors,EIA-930 Hourly Grid Monitor + Macknick 2012 (NREL),https://www.eia.gov/electricity/gridmonitor/sixMonthFiles/EIA930_BALANCE_2018_Jul_Dec.csv
ERCO,47,2018-07-24T23:00:00Z,2018-07-24T23:00:00Z,1.224769,base,69886.0,1.0,0.0,False,,EIA-930 measured fuel mix x Macknick consumption factors,EIA-930 Hourly Grid Monitor + Macknick 2012 (NREL),https://www.eia.gov/electricity/gridmonitor/sixMonthFiles/EIA930_BALANCE_2018_Jul_Dec.csv
CISO,0,2018-07-23T00:00:00Z,2018-07-23T00:00:00Z,0.61989,base,37772.0,1.0,0.0,False,,EIA-930 measured fuel mix x Macknick consumption factors,EIA-930 Hourly Grid Monitor + Macknick 2012 (NREL),https://www.eia.gov/electricity/gridmonitor/sixMonthFiles/EIA930_BALANCE_2018_Jul_Dec.csv
CISO,1,2018-07-23T01:00:00Z,2018-07-23T01:00:00Z,0.643614,base,38924.0,1.0,0.0,False,,EIA-930 measured fuel mix x Macknick consumption factors,EIA-930 Hourly Grid Monitor + Macknick 2012 (NREL),https://www.eia.gov/electricity/gridmonitor/sixMonthFiles/EIA930_BALANCE_2018_Jul_Dec.csv
CISO,2,2018-07-23T02:00:00Z,2018-07-23T02:00:00Z,0.70752,base,39353.0,1.0,0.0,False,,EIA-930 measured fuel mix x Macknick consumption factors,EIA-930 Hourly Grid Monitor + Macknick 2012 (NREL),https://www.eia.gov/electricity/gridmonitor/sixMonthFiles/EIA930_BALANCE_2018_Jul_Dec.csv
CISO,3,2018-07-23T03:00:00Z,2018-07-23T03:00:00Z,0.737688,base,38599.0,1.0,0.0,False,,EIA-930 measured fuel mix x Macknick consumption factors,EIA-930 Hourly Grid Monitor + Macknick 2012 (NREL),https://www.eia.gov/electricity/gridmonitor/sixMonthFiles/EIA930_BALANCE_2018_Jul_Dec.csv
CISO,4,2018-07-23T04:00:00Z,2018-07-23T04:00:00Z,0.746872,base,37703.0,1.0,0.0,False,,EIA-930 measured fuel mix x Macknick consumption factors,EIA-930 Hourly Grid Monitor + Macknick 2012 (NREL),https://www.eia.gov/electricity/gridmonitor/sixMonthFiles/EIA930_BALANCE_2018_Jul_Dec.csv
CISO,5,2018-07-23T05:00:00Z,2018-07-23T05:00:00Z,0.750301,base,36337.0,1.0,0.0,False,,EIA-930 measured fuel mix x Macknick consumption factors,EIA-930 Hourly Grid Monitor + Macknick 2012 (NREL),https://www.eia.gov/electricity/gridmonitor/sixMonthFiles/EIA930_BALANCE_2018_Jul_Dec.csv
CISO,6,2018-07-23T06:00:00Z,2018-07-23T06:00:00Z,0.755412,base,33519.0,1.0,0.0,False,,EIA-930 measured fuel mix x Macknick consumption factors,EIA-930 Hourly Grid Monitor + Macknick 2012 (NREL),https://www.eia.gov/electricity/gridmonitor/sixMonthFiles/EIA930_BALANCE_2018_Jul_Dec.csv
CISO,7,2018-07-23T07:00:00Z,2018-07-23T07:00:00Z,0.772952,base,30522.0,1.0,0.0,False,,EIA-930 measured fuel mix x Macknick consumption factors,EIA-930 Hourly Grid Monitor + Macknick 2012 (NREL),https://www.eia.gov/electricity/gridmonitor/sixMonthFiles/EIA930_BALANCE_2018_Jul_Dec.csv
CISO,8,2018-07-23T08:00:00Z,2018-07-23T08:00:00Z,0.774675,base,28397.0,1.0,0.0,False,,EIA-930 measured fuel mix x Macknick consumption factors,EIA-930 Hourly Grid Monitor + Macknick 2012 (NREL),https://www.eia.gov/electricity/gridmonitor/sixMonthFiles/EIA930_BALANCE_2018_Jul_Dec.csv
CISO,9,2018-07-23T09:00:00Z,2018-07-23T09:00:00Z,0.781441,base,26918.0,1.0,0.0,False,,EIA-930 measured fuel mix x Macknick consumption factors,EIA-930 Hourly Grid Monitor + Macknick 2012 (NREL),https://www.eia.gov/electricity/gridmonitor/sixMonthFiles/EIA930_BALANCE_2018_Jul_Dec.csv
CISO,10,2018-07-23T10:00:00Z,2018-07-23T10:00:00Z,0.802094,base,26152.0,1.0,0.0,False,,EIA-930 measured fuel mix x Macknick consumption factors,EIA-930 Hourly Grid Monitor + Macknick 2012 (NREL),https://www.eia.gov/electricity/gridmonitor/sixMonthFiles/EIA930_BALANCE_2018_Jul_Dec.csv
CISO,11,2018-07-23T11:00:00Z,2018-07-23T11:00:00Z,0.810376,base,25560.0,1.0,0.0,False,,EIA-930 measured fuel mix x Macknick consumption factors,EIA-930 Hourly Grid Monitor + Macknick 2012 (NREL),https://www.eia.gov/electricity/gridmonitor/sixMonthFiles/EIA930_BALANCE_2018_Jul_Dec.csv
CISO,12,2018-07-23T12:00:00Z,2018-07-23T12:00:00Z,0.815642,base,25815.0,1.0,0.0,False,,EIA-930 measured fuel mix x Macknick consumption factors,EIA-930 Hourly Grid Monitor + Macknick 2012 (NREL),https://www.eia.gov/electricity/gridmonitor/sixMonthFiles/EIA930_BALANCE_2018_Jul_Dec.csv
CISO,13,2018-07-23T13:00:00Z,2018-07-23T13:00:00Z,0.82008,base,26722.0,1.0,0.0,False,,EIA-930 measured fuel mix x Macknick consumption factors,EIA-930 Hourly Grid Monitor + Macknick 2012 (NREL),https://www.eia.gov/electricity/gridmonitor/sixMonthFiles/EIA930_BALANCE_2018_Jul_Dec.csv
CISO,14,2018-07-23T14:00:00Z,2018-07-23T14:00:00Z,0.752615,base,27807.0,1.0,0.0,False,,EIA-930 measured fuel mix x Macknick consumption factors,EIA-930 Hourly Grid Monitor + Macknick 2012 (NREL),https://www.eia.gov/electricity/gridmonitor/sixMonthFiles/EIA930_BALANCE_2018_Jul_Dec.csv
CISO,15,2018-07-23T15:00:00Z,2018-07-23T15:00:00Z,0.662211,base,29795.0,1.0,0.0,False,,EIA-930 measured fuel mix x Macknick consumption factors,EIA-930 Hourly Grid Monitor + Macknick 2012 (NREL),https://www.eia.gov/electricity/gridmonitor/sixMonthFiles/EIA930_BALANCE_2018_Jul_Dec.csv
CISO,16,2018-07-23T16:00:00Z,2018-07-23T16:00:00Z,0.627384,base,31251.0,1.0,0.0,False,,EIA-930 measured fuel mix x Macknick consumption factors,EIA-930 Hourly Grid Monitor + Macknick 2012 (NREL),https://www.eia.gov/electricity/gridmonitor/sixMonthFiles/EIA930_BALANCE_2018_Jul_Dec.csv
CISO,17,2018-07-23T17:00:00Z,2018-07-23T17:00:00Z,0.626266,base,32596.0,1.0,0.0,False,,EIA-930 measured fuel mix x Macknick consumption factors,EIA-930 Hourly Grid Monitor + Macknick 2012 (NREL),https://www.eia.gov/electricity/gridmonitor/sixMonthFiles/EIA930_BALANCE_2018_Jul_Dec.csv
CISO,18,2018-07-23T18:00:00Z,2018-07-23T18:00:00Z,0.629755,base,34592.0,1.0,0.0,False,,EIA-930 measured fuel mix x Macknick consumption factors,EIA-930 Hourly Grid Monitor + Macknick 2012 (NREL),https://www.eia.gov/electricity/gridmonitor/sixMonthFiles/EIA930_BALANCE_2018_Jul_Dec.csv
CISO,19,2018-07-23T19:00:00Z,2018-07-23T19:00:00Z,0.636663,base,36559.0,1.0,0.0,False,,EIA-930 measured fuel mix x Macknick consumption factors,EIA-930 Hourly Grid Monitor + Macknick 2012 (NREL),https://www.eia.gov/electricity/gridmonitor/sixMonthFiles/EIA930_BALANCE_2018_Jul_Dec.csv
CISO,20,2018-07-23T20:00:00Z,2018-07-23T20:00:00Z,0.642263,base,38503.0,1.0,0.0,False,,EIA-930 measured fuel mix x Macknick consumption factors,EIA-930 Hourly Grid Monitor + Macknick 2012 (NREL),https://www.eia.gov/electricity/gridmonitor/sixMonthFiles/EIA930_BALANCE_2018_Jul_Dec.csv
CISO,21,2018-07-23T21:00:00Z,2018-07-23T21:00:00Z,0.643062,base,40569.0,1.0,0.0,False,,EIA-930 measured fuel mix x Macknick consumption factors,EIA-930 Hourly Grid Monitor + Macknick 2012 (NREL),https://www.eia.gov/electricity/gridmonitor/sixMonthFiles/EIA930_BALANCE_2018_Jul_Dec.csv
CISO,22,2018-07-23T22:00:00Z,2018-07-23T22:00:00Z,0.64465,base,42521.0,1.0,0.0,False,,EIA-930 measured fuel mix x Macknick consumption factors,EIA-930 Hourly Grid Monitor + Macknick 2012 (NREL),https://www.eia.gov/electricity/gridmonitor/sixMonthFiles/EIA930_BALANCE_2018_Jul_Dec.csv
CISO,23,2018-07-23T23:00:00Z,2018-07-23T23:00:00Z,0.638675,base,43999.0,1.0,0.0,False,,EIA-930 measured fuel mix x Macknick consumption factors,EIA-930 Hourly Grid Monitor + Macknick 2012 (NREL),https://www.eia.gov/electricity/gridmonitor/sixMonthFiles/EIA930_BALANCE_2018_Jul_Dec.csv
CISO,24,2018-07-24T00:00:00Z,2018-07-24T00:00:00Z,0.647038,base,45051.0,1.0,0.0,False,,EIA-930 measured fuel mix x Macknick consumption factors,EIA-930 Hourly Grid Monitor + Macknick 2012 (NREL),https://www.eia.gov/electricity/gridmonitor/sixMonthFiles/EIA930_BALANCE_2018_Jul_Dec.csv
CISO,25,2018-07-24T01:00:00Z,2018-07-24T01:00:00Z,0.670536,base,45488.0,1.0,0.0,False,,EIA-930 measured fuel mix x Macknick consumption factors,EIA-930 Hourly Grid Monitor + Macknick 2012 (NREL),https://www.eia.gov/electricity/gridmonitor/sixMonthFiles/EIA930_BALANCE_2018_Jul_Dec.csv
CISO,26,2018-07-24T02:00:00Z,2018-07-24T02:00:00Z,0.717291,base,44987.0,1.0,0.0,False,,EIA-930 measured fuel mix x Macknick consumption factors,EIA-930 Hourly Grid Monitor + Macknick 2012 (NREL),https://www.eia.gov/electricity/gridmonitor/sixMonthFiles/EIA930_BALANCE_2018_Jul_Dec.csv
CISO,27,2018-07-24T03:00:00Z,2018-07-24T03:00:00Z,0.744272,base,43826.0,1.0,0.0,False,,EIA-930 measured fuel mix x Macknick consumption factors,EIA-930 Hourly Grid Monitor + Macknick 2012 (NREL),https://www.eia.gov/electricity/gridmonitor/sixMonthFiles/EIA930_BALANCE_2018_Jul_Dec.csv
CISO,28,2018-07-24T04:00:00Z,2018-07-24T04:00:00Z,0.74194,base,42707.0,1.0,0.0,False,,EIA-930 measured fuel mix x Macknick consumption factors,EIA-930 Hourly Grid Monitor + Macknick 2012 (NREL),https://www.eia.gov/electricity/gridmonitor/sixMonthFiles/EIA930_BALANCE_2018_Jul_Dec.csv
CISO,29,2018-07-24T05:00:00Z,2018-07-24T05:00:00Z,0.745056,base,40534.0,1.0,0.0,False,,EIA-930 measured fuel mix x Macknick consumption factors,EIA-930 Hourly Grid Monitor + Macknick 2012 (NREL),https://www.eia.gov/electricity/gridmonitor/sixMonthFiles/EIA930_BALANCE_2018_Jul_Dec.csv
CISO,30,2018-07-24T06:00:00Z,2018-07-24T06:00:00Z,0.75247,base,36780.0,1.0,0.0,False,,EIA-930 measured fuel mix x Macknick consumption factors,EIA-930 Hourly Grid Monitor + Macknick 2012 (NREL),https://www.eia.gov/electricity/gridmonitor/sixMonthFiles/EIA930_BALANCE_2018_Jul_Dec.csv
CISO,31,2018-07-24T07:00:00Z,2018-07-24T07:00:00Z,0.76354,base,33354.0,1.0,0.0,False,,EIA-930 measured fuel mix x Macknick consumption factors,EIA-930 Hourly Grid Monitor + Macknick 2012 (NREL),https://www.eia.gov/electricity/gridmonitor/sixMonthFiles/EIA930_BALANCE_2018_Jul_Dec.csv
CISO,32,2018-07-24T08:00:00Z,2018-07-24T08:00:00Z,0.776604,base,30831.0,1.0,0.0,False,,EIA-930 measured fuel mix x Macknick consumption factors,EIA-930 Hourly Grid Monitor + Macknick 2012 (NREL),https://www.eia.gov/electricity/gridmonitor/sixMonthFiles/EIA930_BALANCE_2018_Jul_Dec.csv
CISO,33,2018-07-24T09:00:00Z,2018-07-24T09:00:00Z,0.788191,base,29110.0,1.0,0.0,False,,EIA-930 measured fuel mix x Macknick consumption factors,EIA-930 Hourly Grid Monitor + Macknick 2012 (NREL),https://www.eia.gov/electricity/gridmonitor/sixMonthFiles/EIA930_BALANCE_2018_Jul_Dec.csv
CISO,34,2018-07-24T10:00:00Z,2018-07-24T10:00:00Z,0.803176,base,27665.0,1.0,0.0,False,,EIA-930 measured fuel mix x Macknick consumption factors,EIA-930 Hourly Grid Monitor + Macknick 2012 (NREL),https://www.eia.gov/electricity/gridmonitor/sixMonthFiles/EIA930_BALANCE_2018_Jul_Dec.csv
CISO,35,2018-07-24T11:00:00Z,2018-07-24T11:00:00Z,0.802344,base,26812.0,1.0,0.0,False,,EIA-930 measured fuel mix x Macknick consumption factors,EIA-930 Hourly Grid Monitor + Macknick 2012 (NREL),https://www.eia.gov/electricity/gridmonitor/sixMonthFiles/EIA930_BALANCE_2018_Jul_Dec.csv
CISO,36,2018-07-24T12:00:00Z,2018-07-24T12:00:00Z,0.814719,base,26769.0,1.0,0.0,False,,EIA-930 measured fuel mix x Macknick consumption factors,EIA-930 Hourly Grid Monitor + Macknick 2012 (NREL),https://www.eia.gov/electricity/gridmonitor/sixMonthFiles/EIA930_BALANCE_2018_Jul_Dec.csv
CISO,37,2018-07-24T13:00:00Z,2018-07-24T13:00:00Z,0.814209,base,27691.0,1.0,0.0,False,,EIA-930 measured fuel mix x Macknick consumption factors,EIA-930 Hourly Grid Monitor + Macknick 2012 (NREL),https://www.eia.gov/electricity/gridmonitor/sixMonthFiles/EIA930_BALANCE_2018_Jul_Dec.csv
CISO,38,2018-07-24T14:00:00Z,2018-07-24T14:00:00Z,0.752511,base,28955.0,1.0,0.0,False,,EIA-930 measured fuel mix x Macknick consumption factors,EIA-930 Hourly Grid Monitor + Macknick 2012 (NREL),https://www.eia.gov/electricity/gridmonitor/sixMonthFiles/EIA930_BALANCE_2018_Jul_Dec.csv
CISO,39,2018-07-24T15:00:00Z,2018-07-24T15:00:00Z,0.67229,base,30546.0,1.0,0.0,False,,EIA-930 measured fuel mix x Macknick consumption factors,EIA-930 Hourly Grid Monitor + Macknick 2012 (NREL),https://www.eia.gov/electricity/gridmonitor/sixMonthFiles/EIA930_BALANCE_2018_Jul_Dec.csv
CISO,40,2018-07-24T16:00:00Z,2018-07-24T16:00:00Z,0.6356,base,32011.0,1.0,0.0,False,,EIA-930 measured fuel mix x Macknick consumption factors,EIA-930 Hourly Grid Monitor + Macknick 2012 (NREL),https://www.eia.gov/electricity/gridmonitor/sixMonthFiles/EIA930_BALANCE_2018_Jul_Dec.csv
CISO,41,2018-07-24T17:00:00Z,2018-07-24T17:00:00Z,0.631317,base,33597.0,1.0,0.0,False,,EIA-930 measured fuel mix x Macknick consumption factors,EIA-930 Hourly Grid Monitor + Macknick 2012 (NREL),https://www.eia.gov/electricity/gridmonitor/sixMonthFiles/EIA930_BALANCE_2018_Jul_Dec.csv
CISO,42,2018-07-24T18:00:00Z,2018-07-24T18:00:00Z,0.63067,base,35442.0,1.0,0.0,False,,EIA-930 measured fuel mix x Macknick consumption factors,EIA-930 Hourly Grid Monitor + Macknick 2012 (NREL),https://www.eia.gov/electricity/gridmonitor/sixMonthFiles/EIA930_BALANCE_2018_Jul_Dec.csv
CISO,43,2018-07-24T19:00:00Z,2018-07-24T19:00:00Z,0.641811,base,37348.0,1.0,0.0,False,,EIA-930 measured fuel mix x Macknick consumption factors,EIA-930 Hourly Grid Monitor + Macknick 2012 (NREL),https://www.eia.gov/electricity/gridmonitor/sixMonthFiles/EIA930_BALANCE_2018_Jul_Dec.csv
CISO,44,2018-07-24T20:00:00Z,2018-07-24T20:00:00Z,0.658386,base,39261.0,1.0,0.0,False,,EIA-930 measured fuel mix x Macknick consumption factors,EIA-930 Hourly Grid Monitor + Macknick 2012 (NREL),https://www.eia.gov/electricity/gridmonitor/sixMonthFiles/EIA930_BALANCE_2018_Jul_Dec.csv
CISO,45,2018-07-24T21:00:00Z,2018-07-24T21:00:00Z,0.649449,base,41410.0,1.0,0.0,False,,EIA-930 measured fuel mix x Macknick consumption factors,EIA-930 Hourly Grid Monitor + Macknick 2012 (NREL),https://www.eia.gov/electricity/gridmonitor/sixMonthFiles/EIA930_BALANCE_2018_Jul_Dec.csv
CISO,46,2018-07-24T22:00:00Z,2018-07-24T22:00:00Z,0.635831,base,43169.0,1.0,0.0,False,,EIA-930 measured fuel mix x Macknick consumption factors,EIA-930 Hourly Grid Monitor + Macknick 2012 (NREL),https://www.eia.gov/electricity/gridmonitor/sixMonthFiles/EIA930_BALANCE_2018_Jul_Dec.csv
CISO,47,2018-07-24T23:00:00Z,2018-07-24T23:00:00Z,0.63091,base,44871.0,1.0,0.0,False,,EIA-930 measured fuel mix x Macknick consumption factors,EIA-930 Hourly Grid Monitor + Macknick 2012 (NREL),https://www.eia.gov/electricity/gridmonitor/sixMonthFiles/EIA930_BALANCE_2018_Jul_Dec.csv
BPAT,0,2018-07-23T00:00:00Z,2018-07-23T00:00:00Z,0.737504,base,7015.0,1.0,0.0,False,,EIA-930 measured fuel mix x Macknick consumption factors,EIA-930 Hourly Grid Monitor + Macknick 2012 (NREL),https://www.eia.gov/electricity/gridmonitor/sixMonthFiles/EIA930_BALANCE_2018_Jul_Dec.csv
BPAT,1,2018-07-23T01:00:00Z,2018-07-23T01:00:00Z,0.728674,base,7138.0,1.0,0.0,False,,EIA-930 measured fuel mix x Macknick consumption factors,EIA-930 Hourly Grid Monitor + Macknick 2012 (NREL),https://www.eia.gov/electricity/gridmonitor/sixMonthFiles/EIA930_BALANCE_2018_Jul_Dec.csv
BPAT,2,2018-07-23T02:00:00Z,2018-07-23T02:00:00Z,0.727056,base,7223.0,1.0,0.0,False,,EIA-930 measured fuel mix x Macknick consumption factors,EIA-930 Hourly Grid Monitor + Macknick 2012 (NREL),https://www.eia.gov/electricity/gridmonitor/sixMonthFiles/EIA930_BALANCE_2018_Jul_Dec.csv
BPAT,3,2018-07-23T03:00:00Z,2018-07-23T03:00:00Z,0.731924,base,7189.0,1.0,0.0,False,,EIA-930 measured fuel mix x Macknick consumption factors,EIA-930 Hourly Grid Monitor + Macknick 2012 (NREL),https://www.eia.gov/electricity/gridmonitor/sixMonthFiles/EIA930_BALANCE_2018_Jul_Dec.csv
BPAT,4,2018-07-23T04:00:00Z,2018-07-23T04:00:00Z,0.745262,base,6991.0,1.0,0.0,False,,EIA-930 measured fuel mix x Macknick consumption factors,EIA-930 Hourly Grid Monitor + Macknick 2012 (NREL),https://www.eia.gov/electricity/gridmonitor/sixMonthFiles/EIA930_BALANCE_2018_Jul_Dec.csv
BPAT,5,2018-07-23T05:00:00Z,2018-07-23T05:00:00Z,0.757496,base,6773.0,1.0,0.0,False,,EIA-930 measured fuel mix x Macknick consumption factors,EIA-930 Hourly Grid Monitor + Macknick 2012 (NREL),https://www.eia.gov/electricity/gridmonitor/sixMonthFiles/EIA930_BALANCE_2018_Jul_Dec.csv
BPAT,6,2018-07-23T06:00:00Z,2018-07-23T06:00:00Z,0.796809,base,6276.0,1.0,0.0,False,,EIA-930 measured fuel mix x Macknick consumption factors,EIA-930 Hourly Grid Monitor + Macknick 2012 (NREL),https://www.eia.gov/electricity/gridmonitor/sixMonthFiles/EIA930_BALANCE_2018_Jul_Dec.csv
BPAT,7,2018-07-23T07:00:00Z,2018-07-23T07:00:00Z,0.837854,base,5675.0,1.0,0.0,False,,EIA-930 measured fuel mix x Macknick consumption factors,EIA-930 Hourly Grid Monitor + Macknick 2012 (NREL),https://www.eia.gov/electricity/gridmonitor/sixMonthFiles/EIA930_BALANCE_2018_Jul_Dec.csv
BPAT,8,2018-07-23T08:00:00Z,2018-07-23T08:00:00Z,0.854398,base,5369.0,1.0,0.0,False,,EIA-930 measured fuel mix x Macknick consumption factors,EIA-930 Hourly Grid Monitor + Macknick 2012 (NREL),https://www.eia.gov/electricity/gridmonitor/sixMonthFiles/EIA930_BALANCE_2018_Jul_Dec.csv
BPAT,9,2018-07-23T09:00:00Z,2018-07-23T09:00:00Z,0.865579,base,5131.0,1.0,0.0,False,,EIA-930 measured fuel mix x Macknick consumption factors,EIA-930 Hourly Grid Monitor + Macknick 2012 (NREL),https://www.eia.gov/electricity/gridmonitor/sixMonthFiles/EIA930_BALANCE_2018_Jul_Dec.csv
BPAT,10,2018-07-23T10:00:00Z,2018-07-23T10:00:00Z,0.889587,base,5008.0,1.0,0.0,False,,EIA-930 measured fuel mix x Macknick consumption factors,EIA-930 Hourly Grid Monitor + Macknick 2012 (NREL),https://www.eia.gov/electricity/gridmonitor/sixMonthFiles/EIA930_BALANCE_2018_Jul_Dec.csv
BPAT,11,2018-07-23T11:00:00Z,2018-07-23T11:00:00Z,0.920615,base,4903.0,1.0,0.0,False,,EIA-930 measured fuel mix x Macknick consumption factors,EIA-930 Hourly Grid Monitor + Macknick 2012 (NREL),https://www.eia.gov/electricity/gridmonitor/sixMonthFiles/EIA930_BALANCE_2018_Jul_Dec.csv
BPAT,12,2018-07-23T12:00:00Z,2018-07-23T12:00:00Z,0.894878,base,5011.0,1.0,0.0,False,,EIA-930 measured fuel mix x Macknick consumption factors,EIA-930 Hourly Grid Monitor + Macknick 2012 (NREL),https://www.eia.gov/electricity/gridmonitor/sixMonthFiles/EIA930_BALANCE_2018_Jul_Dec.csv
BPAT,13,2018-07-23T13:00:00Z,2018-07-23T13:00:00Z,0.883873,base,5243.0,1.0,0.0,False,,EIA-930 measured fuel mix x Macknick consumption factors,EIA-930 Hourly Grid Monitor + Macknick 2012 (NREL),https://www.eia.gov/electricity/gridmonitor/sixMonthFiles/EIA930_BALANCE_2018_Jul_Dec.csv
BPAT,14,2018-07-23T14:00:00Z,2018-07-23T14:00:00Z,0.806117,base,5626.0,1.0,0.0,False,,EIA-930 measured fuel mix x Macknick consumption factors,EIA-930 Hourly Grid Monitor + Macknick 2012 (NREL),https://www.eia.gov/electricity/gridmonitor/sixMonthFiles/EIA930_BALANCE_2018_Jul_Dec.csv
BPAT,15,2018-07-23T15:00:00Z,2018-07-23T15:00:00Z,0.779601,base,5972.0,1.0,0.0,False,,EIA-930 measured fuel mix x Macknick consumption factors,EIA-930 Hourly Grid Monitor + Macknick 2012 (NREL),https://www.eia.gov/electricity/gridmonitor/sixMonthFiles/EIA930_BALANCE_2018_Jul_Dec.csv
BPAT,16,2018-07-23T16:00:00Z,2018-07-23T16:00:00Z,0.776696,base,6302.0,1.0,0.0,False,,EIA-930 measured fuel mix x Macknick consumption factors,EIA-930 Hourly Grid Monitor + Macknick 2012 (NREL),https://www.eia.gov/electricity/gridmonitor/sixMonthFiles/EIA930_BALANCE_2018_Jul_Dec.csv
BPAT,17,2018-07-23T17:00:00Z,2018-07-23T17:00:00Z,0.767764,base,6529.0,1.0,0.0,False,,EIA-930 measured fuel mix x Macknick consumption factors,EIA-930 Hourly Grid Monitor + Macknick 2012 (NREL),https://www.eia.gov/electricity/gridmonitor/sixMonthFiles/EIA930_BALANCE_2018_Jul_Dec.csv
BPAT,18,2018-07-23T18:00:00Z,2018-07-23T18:00:00Z,0.758731,base,6749.0,1.0,0.0,False,,EIA-930 measured fuel mix x Macknick consumption factors,EIA-930 Hourly Grid Monitor + Macknick 2012 (NREL),https://www.eia.gov/electricity/gridmonitor/sixMonthFiles/EIA930_BALANCE_2018_Jul_Dec.csv
BPAT,19,2018-07-23T19:00:00Z,2018-07-23T19:00:00Z,0.751277,base,6962.0,1.0,0.0,False,,EIA-930 measured fuel mix x Macknick consumption factors,EIA-930 Hourly Grid Monitor + Macknick 2012 (NREL),https://www.eia.gov/electricity/gridmonitor/sixMonthFiles/EIA930_BALANCE_2018_Jul_Dec.csv
BPAT,20,2018-07-23T20:00:00Z,2018-07-23T20:00:00Z,0.741303,base,7246.0,1.0,0.0,False,,EIA-930 measured fuel mix x Macknick consumption factors,EIA-930 Hourly Grid Monitor + Macknick 2012 (NREL),https://www.eia.gov/electricity/gridmonitor/sixMonthFiles/EIA930_BALANCE_2018_Jul_Dec.csv
BPAT,21,2018-07-23T21:00:00Z,2018-07-23T21:00:00Z,0.722853,base,7460.0,1.0,0.0,False,,EIA-930 measured fuel mix x Macknick consumption factors,EIA-930 Hourly Grid Monitor + Macknick 2012 (NREL),https://www.eia.gov/electricity/gridmonitor/sixMonthFiles/EIA930_BALANCE_2018_Jul_Dec.csv
BPAT,22,2018-07-23T22:00:00Z,2018-07-23T22:00:00Z,0.71795,base,7664.0,1.0,0.0,False,,EIA-930 measured fuel mix x Macknick consumption factors,EIA-930 Hourly Grid Monitor + Macknick 2012 (NREL),https://www.eia.gov/electricity/gridmonitor/sixMonthFiles/EIA930_BALANCE_2018_Jul_Dec.csv
BPAT,23,2018-07-23T23:00:00Z,2018-07-23T23:00:00Z,0.715203,base,7822.0,1.0,0.0,False,,EIA-930 measured fuel mix x Macknick consumption factors,EIA-930 Hourly Grid Monitor + Macknick 2012 (NREL),https://www.eia.gov/electricity/gridmonitor/sixMonthFiles/EIA930_BALANCE_2018_Jul_Dec.csv
BPAT,24,2018-07-24T00:00:00Z,2018-07-24T00:00:00Z,0.709631,base,7901.0,1.0,0.0,False,,EIA-930 measured fuel mix x Macknick consumption factors,EIA-930 Hourly Grid Monitor + Macknick 2012 (NREL),https://www.eia.gov/electricity/gridmonitor/sixMonthFiles/EIA930_BALANCE_2018_Jul_Dec.csv
BPAT,25,2018-07-24T01:00:00Z,2018-07-24T01:00:00Z,0.698642,base,7979.0,1.0,0.0,False,,EIA-930 measured fuel mix x Macknick consumption factors,EIA-930 Hourly Grid Monitor + Macknick 2012 (NREL),https://www.eia.gov/electricity/gridmonitor/sixMonthFiles/EIA930_BALANCE_2018_Jul_Dec.csv
BPAT,26,2018-07-24T02:00:00Z,2018-07-24T02:00:00Z,0.68817,base,8000.0,1.0,0.0,False,,EIA-930 measured fuel mix x Macknick consumption factors,EIA-930 Hourly Grid Monitor + Macknick 2012 (NREL),https://www.eia.gov/electricity/gridmonitor/sixMonthFiles/EIA930_BALANCE_2018_Jul_Dec.csv
BPAT,27,2018-07-24T03:00:00Z,2018-07-24T03:00:00Z,0.676939,base,7888.0,1.0,0.0,False,,EIA-930 measured fuel mix x Macknick consumption factors,EIA-930 Hourly Grid Monitor + Macknick 2012 (NREL),https://www.eia.gov/electricity/gridmonitor/sixMonthFiles/EIA930_BALANCE_2018_Jul_Dec.csv
BPAT,28,2018-07-24T04:00:00Z,2018-07-24T04:00:00Z,0.675834,base,7606.0,1.0,0.0,False,,EIA-930 measured fuel mix x Macknick consumption factors,EIA-930 Hourly Grid Monitor + Macknick 2012 (NREL),https://www.eia.gov/electricity/gridmonitor/sixMonthFiles/EIA930_BALANCE_2018_Jul_Dec.csv
BPAT,29,2018-07-24T05:00:00Z,2018-07-24T05:00:00Z,0.679438,base,7256.0,1.0,0.0,False,,EIA-930 measured fuel mix x Macknick consumption factors,EIA-930 Hourly Grid Monitor + Macknick 2012 (NREL),https://www.eia.gov/electricity/gridmonitor/sixMonthFiles/EIA930_BALANCE_2018_Jul_Dec.csv
BPAT,30,2018-07-24T06:00:00Z,2018-07-24T06:00:00Z,0.711249,base,6715.0,1.0,0.0,False,,EIA-930 measured fuel mix x Macknick consumption factors,EIA-930 Hourly Grid Monitor + Macknick 2012 (NREL),https://www.eia.gov/electricity/gridmonitor/sixMonthFiles/EIA930_BALANCE_2018_Jul_Dec.csv
BPAT,31,2018-07-24T07:00:00Z,2018-07-24T07:00:00Z,0.730028,base,6159.0,1.0,0.0,False,,EIA-930 measured fuel mix x Macknick consumption factors,EIA-930 Hourly Grid Monitor + Macknick 2012 (NREL),https://www.eia.gov/electricity/gridmonitor/sixMonthFiles/EIA930_BALANCE_2018_Jul_Dec.csv
BPAT,32,2018-07-24T08:00:00Z,2018-07-24T08:00:00Z,0.758964,base,5776.0,1.0,0.0,False,,EIA-930 measured fuel mix x Macknick consumption factors,EIA-930 Hourly Grid Monitor + Macknick 2012 (NREL),https://www.eia.gov/electricity/gridmonitor/sixMonthFiles/EIA930_BALANCE_2018_Jul_Dec.csv
BPAT,33,2018-07-24T09:00:00Z,2018-07-24T09:00:00Z,0.759402,base,5548.0,1.0,0.0,False,,EIA-930 measured fuel mix x Macknick consumption factors,EIA-930 Hourly Grid Monitor + Macknick 2012 (NREL),https://www.eia.gov/electricity/gridmonitor/sixMonthFiles/EIA930_BALANCE_2018_Jul_Dec.csv
BPAT,34,2018-07-24T10:00:00Z,2018-07-24T10:00:00Z,0.773175,base,5330.0,1.0,0.0,False,,EIA-930 measured fuel mix x Macknick consumption factors,EIA-930 Hourly Grid Monitor + Macknick 2012 (NREL),https://www.eia.gov/electricity/gridmonitor/sixMonthFiles/EIA930_BALANCE_2018_Jul_Dec.csv
BPAT,35,2018-07-24T11:00:00Z,2018-07-24T11:00:00Z,0.799269,base,5239.0,1.0,0.0,False,,EIA-930 measured fuel mix x Macknick consumption factors,EIA-930 Hourly Grid Monitor + Macknick 2012 (NREL),https://www.eia.gov/electricity/gridmonitor/sixMonthFiles/EIA930_BALANCE_2018_Jul_Dec.csv
BPAT,36,2018-07-24T12:00:00Z,2018-07-24T12:00:00Z,0.817291,base,5189.0,1.0,0.0,False,,EIA-930 measured fuel mix x Macknick consumption factors,EIA-930 Hourly Grid Monitor + Macknick 2012 (NREL),https://www.eia.gov/electricity/gridmonitor/sixMonthFiles/EIA930_BALANCE_2018_Jul_Dec.csv
BPAT,37,2018-07-24T13:00:00Z,2018-07-24T13:00:00Z,0.818615,base,5432.0,1.0,0.0,False,,EIA-930 measured fuel mix x Macknick consumption factors,EIA-930 Hourly Grid Monitor + Macknick 2012 (NREL),https://www.eia.gov/electricity/gridmonitor/sixMonthFiles/EIA930_BALANCE_2018_Jul_Dec.csv
BPAT,38,2018-07-24T14:00:00Z,2018-07-24T14:00:00Z,0.756426,base,5760.0,1.0,0.0,False,,EIA-930 measured fuel mix x Macknick consumption factors,EIA-930 Hourly Grid Monitor + Macknick 2012 (NREL),https://www.eia.gov/electricity/gridmonitor/sixMonthFiles/EIA930_BALANCE_2018_Jul_Dec.csv
BPAT,39,2018-07-24T15:00:00Z,2018-07-24T15:00:00Z,0.758398,base,6085.0,1.0,0.0,False,,EIA-930 measured fuel mix x Macknick consumption factors,EIA-930 Hourly Grid Monitor + Macknick 2012 (NREL),https://www.eia.gov/electricity/gridmonitor/sixMonthFiles/EIA930_BALANCE_2018_Jul_Dec.csv
BPAT,40,2018-07-24T16:00:00Z,2018-07-24T16:00:00Z,0.729964,base,6416.0,1.0,0.0,False,,EIA-930 measured fuel mix x Macknick consumption factors,EIA-930 Hourly Grid Monitor + Macknick 2012 (NREL),https://www.eia.gov/electricity/gridmonitor/sixMonthFiles/EIA930_BALANCE_2018_Jul_Dec.csv
BPAT,41,2018-07-24T17:00:00Z,2018-07-24T17:00:00Z,0.712948,base,6681.0,1.0,0.0,False,,EIA-930 measured fuel mix x Macknick consumption factors,EIA-930 Hourly Grid Monitor + Macknick 2012 (NREL),https://www.eia.gov/electricity/gridmonitor/sixMonthFiles/EIA930_BALANCE_2018_Jul_Dec.csv
BPAT,42,2018-07-24T18:00:00Z,2018-07-24T18:00:00Z,0.706003,base,6925.0,1.0,0.0,False,,EIA-930 measured fuel mix x Macknick consumption factors,EIA-930 Hourly Grid Monitor + Macknick 2012 (NREL),https://www.eia.gov/electricity/gridmonitor/sixMonthFiles/EIA930_BALANCE_2018_Jul_Dec.csv
BPAT,43,2018-07-24T19:00:00Z,2018-07-24T19:00:00Z,0.716175,base,7156.0,1.0,0.0,False,,EIA-930 measured fuel mix x Macknick consumption factors,EIA-930 Hourly Grid Monitor + Macknick 2012 (NREL),https://www.eia.gov/electricity/gridmonitor/sixMonthFiles/EIA930_BALANCE_2018_Jul_Dec.csv
BPAT,44,2018-07-24T20:00:00Z,2018-07-24T20:00:00Z,0.709874,base,7446.0,1.0,0.0,False,,EIA-930 measured fuel mix x Macknick consumption factors,EIA-930 Hourly Grid Monitor + Macknick 2012 (NREL),https://www.eia.gov/electricity/gridmonitor/sixMonthFiles/EIA930_BALANCE_2018_Jul_Dec.csv
BPAT,45,2018-07-24T21:00:00Z,2018-07-24T21:00:00Z,0.704589,base,7650.0,1.0,0.0,False,,EIA-930 measured fuel mix x Macknick consumption factors,EIA-930 Hourly Grid Monitor + Macknick 2012 (NREL),https://www.eia.gov/electricity/gridmonitor/sixMonthFiles/EIA930_BALANCE_2018_Jul_Dec.csv
BPAT,46,2018-07-24T22:00:00Z,2018-07-24T22:00:00Z,0.69111,base,7802.0,1.0,0.0,False,,EIA-930 measured fuel mix x Macknick consumption factors,EIA-930 Hourly Grid Monitor + Macknick 2012 (NREL),https://www.eia.gov/electricity/gridmonitor/sixMonthFiles/EIA930_BALANCE_2018_Jul_Dec.csv
BPAT,47,2018-07-24T23:00:00Z,2018-07-24T23:00:00Z,0.684546,base,7841.0,1.0,0.0,False,,EIA-930 measured fuel mix x Macknick consumption factors,EIA-930 Hourly Grid Monitor + Macknick 2012 (NREL),https://www.eia.gov/electricity/gridmonitor/sixMonthFiles/EIA930_BALANCE_2018_Jul_Dec.csv
