region,slot_index,weather_time_utc,wet_bulb_c,direct_wue_l_per_kwh,pue,cooling_kappa,evaporative_mode_active,model
DE,0,2022-08-01T00:00:00Z,17.434,0.03,1.1398,hybrid_economized,False,"open-meteo archive + climate-driven hybrid-economized cooling (region_cooling_profiles base), T-dependent PUE"
DE,1,2022-08-01T01:00:00Z,17.213,0.03,1.12,hybrid_economized,False,"open-meteo archive + climate-driven hybrid-economized cooling (region_cooling_profiles base), T-dependent PUE"
DE,2,2022-08-01T02:00:00Z,17.056,0.03,1.12,hybrid_economized,False,"open-meteo archive + climate-driven hybrid-economized cooling (region_cooling_profiles base), T-dependent PUE"
DE,3,2022-08-01T03:00:00Z,16.934,0.03,1.12,hybrid_economized,False,"open-meteo archive + climate-driven hybrid-economized cooling (region_cooling_profiles base), T-dependent PUE"
DE,4,2022-08-01T04:00:00Z,16.788,0.03,1.12,hybrid_economized,False,"open-meteo archive + climate-driven hybrid-economized cooling (region_cooling_profiles base), T-dependent PUE"
DE,5,2022-08-01T05:00:00Z,17.172,0.03,1.12,hybrid_economized,False,"open-meteo archive + climate-driven hybrid-economized cooling (region_cooling_profiles base), T-dependent PUE"
DE,6,2022-08-01T06:00:00Z,17.696,0.03,1.1326,hybrid_economized,False,"open-meteo archive + climate-driven hybrid-economized cooling (region_cooling_profiles base), T-dependent PUE"
DE,7,2022-08-01T07:00:00Z,18.143,0.6084,1.132,hybrid_economized,True,"open-meteo archive + climate-driven hybrid-economized cooling (region_cooling_profiles base), T-dependent PUE"
DE,8,2022-08-01T08:00:00Z,18.441,0.6096,1.1392,hybrid_economized,True,"open-meteo archive + climate-driven hybrid-economized cooling (region_cooling_profiles base), T-dependent PUE"
DE,9,2022-08-01T09:00:00Z,18.674,0.6105,1.1464,hybrid_economized,True,"open-meteo archive + climate-driven hybrid-economized cooling (region_cooling_profiles base), T-dependent PUE"
DE,10,2022-08-01T10:00:00Z,18.93,0.6115,1.1554,hybrid_economized,True,"open-meteo archive + climate-driven hybrid-economized cooling (region_cooling_profiles base), T-dependent PUE"
DE,11,2022-08-01T11:00:00Z,18.514,0.6099,1.1536,hybrid_economized,True,"open-meteo archive + climate-driven hybrid-economized cooling (region_cooling_profiles base), T-dependent PUE"
DE,12,2022-08-01T12:00:00Z,18.8,0.611,1.1614,hybrid_economized,True,"open-meteo archive + climate-driven hybrid-economized cooling (region_cooling_profiles base), T-dependent PUE"
DE,13,2022-08-01T13:00:00Z,19.105,0.6121,1.1674,hybrid_economized,True,"open-meteo archive + climate-driven hybrid-economized cooling (region_cooling_profiles base), T-dependent PUE"
DE,14,2022-08-01T14:00:00Z,18.87,0.6113,1.1644,hybrid_economized,True,"open-meteo archive + climate-driven hybrid-economized cooling (region_cooling_profiles base), T-dependent PUE"
DE,15,2022-08-01T15:00:00Z,18.516,0.6099,1.1644,hybrid_economized,True,"open-meteo archive + climate-driven hybrid-economized cooling (region_cooling_profiles base), T-dependent PUE"
DE,16,2022-08-01T16:00:00Z,18.091,0.6082,1.1626,hybrid_economized,True,"open-meteo archive + climate-driven hybrid-economized cooling (region_cooling_profiles base), T-dependent PUE"
DE,17,2022-08-01T17:00:00Z,17.861,0.6073,1.1596,hybrid_economized,True,"open-meteo archive + climate-driven hybrid-economized cooling (region_cooling_profiles base), T-dependent PUE"
DE,18,2022-08-01T18:00:00Z,17.601,0.03,1.2082,hybrid_economized,False,"open-meteo archive + climate-driven hybrid-economized cooling (region_cooling_profiles base), T-dependent PUE"
DE,19,2022-08-01T19:00:00Z,17.559,0.03,1.1884,hybrid_economized,False,"open-meteo archive + climate-driven hybrid-economized cooling (region_cooling_profiles base), T-dependent PUE"
DE,20,2022-08-01T20:00:00Z,17.166,0.03,1.1632,hybrid_economized,False,"open-meteo archive + climate-driven hybrid-economized cooling (region_cooling_profiles base), T-dependent PUE"
DE,21,2022-08-01T21:00:00Z,17.073,0.03,1.1506,hybrid_economized,False,"open-meteo archive + climate-driven hybrid-economized cooling (region_cooling_profiles base), T-dependent PUE"
DE,22,2022-08-01T22:00:00Z,16.786,0.03,1.1398,hybrid_economized,False,"open-meteo archive + climate-driven hybrid-economized cooling (region_cooling_profiles base), T-dependent PUE"
DE,23,2022-08-01T23:00:00Z,16.64,0.03,1.1344,hybrid_economized,False,"open-meteo archive + climate-driven hybrid-economized cooling (region_cooling_profiles base), T-dependent PUE"
DE,24,2022-08-02T00:00:00Z,16.899,0.03,1.12,hybrid_economized,False,"open-meteo archive + climate-driven hybrid-economized cooling (region_cooling_profiles base), T-dependent PUE"
DE,25,2022-08-02T01:00:00Z,16.595,0.03,1.12,hybrid_economized,False,"open-meteo archive + climate-driven hybrid-economized cooling (region_cooling_profiles base), T-dependent PUE"
DE,26,2022-08-02T02:00:00Z,16.182,0.03,1.12,hybrid_economized,False,"open-meteo archive + climate-driven hybrid-economized cooling (region_cooling_profiles base), T-dependent PUE"
DE,27,2022-08-02T03:00:00Z,15.833,0.03,1.12,hybrid_economized,False,"open-meteo archive + climate-driven hybrid-economized cooling (region_cooling_profiles base), T-dependent PUE"
DE,28,2022-08-02T04:00:00Z,15.967,0.03,1.12,hybrid_economized,False,"open-meteo archive + climate-driven hybrid-economized cooling (region_cooling_profiles base), T-dependent PUE"
DE,29,2022-08-02T05:00:00Z,16.189,0.03,1.12,hybrid_economized,False,"open-meteo archive + climate-driven hybrid-economized cooling (region_cooling_profiles base), T-dependent PUE"
DE,30,2022-08-02T06:00:00Z,16.899,0.03,1.12,hybrid_economized,False,"open-meteo archive + climate-driven hybrid-economized cooling (region_cooling_profiles base), T-dependent PUE"
DE,31,2022-08-02T07:00:00Z,17.246,0.03,1.1488,hybrid_economized,False,"open-meteo archive + climate-driven hybrid-economized cooling (region_cooling_profiles base), T-dependent PUE"
DE,32,2022-08-02T08:00:00Z,17.178,0.03,1.1866,hybrid_economized,False,"open-meteo archive + climate-driven hybrid-economized cooling (region_cooling_profiles base), T-dependent PUE"
DE,33,2022-08-02T09:00:00Z,16.965,0.03,1.2154,hybrid_economized,False,"open-meteo archive + climate-driven hybrid-economized cooling (region_cooling_profiles base), T-dependent PUE"
DE,34,2022-08-02T10:00:00Z,17.327,0.605,1.1596,hybrid_economized,True,"open-meteo archive + climate-driven hybrid-economized cooling (region_cooling_profiles base), T-dependent PUE"
DE,35,2022-08-02T11:00:00Z,17.638,0.6063,1.1662,hybrid_economized,True,"open-meteo archive + climate-driven hybrid-economized cooling (region_cooling_profiles base), T-dependent PUE"
DE,36,2022-08-02T12:00:00Z,17.296,0.6049,1.1698,hybrid_economized,True,"open-meteo archive + climate-driven hybrid-economized cooling (region_cooling_profiles base), T-dependent PUE"
DE,37,2022-08-02T13:00:00Z,16.87,0.6029,1.1734,hybrid_economized,True,"open-meteo archive + climate-driven hybrid-economized cooling (region_cooling_profiles base), T-dependent PUE"
DE,38,2022-08-02T14:00:00Z,16.858,0.6029,1.1752,hybrid_economized,True,"open-meteo archive + climate-driven hybrid-economized cooling (region_cooling_profiles base), T-dependent PUE"
DE,39,2022-08-02T15:00:00Z,17.468,0.6056,1.1764,hybrid_economized,True,"open-meteo archive + climate-driven hybrid-economized cooling (region_cooling_profiles base), T-dependent PUE"
DE,40,2022-08-02T16:00:00Z,17.469,0.6056,1.1746,hybrid_economized,True,"open-meteo archive + climate-driven hybrid-economized cooling (region_cooling_profiles base), T-dependent PUE"
DE,41,2022-08-02T17:00:00Z,17.613,0.6062,1.174,hybrid_economized,True,"open-meteo archive + climate-driven hybrid-economized cooling (region_cooling_profiles base), T-dependent PUE"
DE,42,2022-08-02T18:00:00Z,18.823,0.6111,1.168,hybrid_economized,True,"open-meteo archive + climate-driven hybrid-economized cooling (region_cooling_profiles base), T-dependent PUE"
DE,43,2022-08-02T19:00:00Z,16.471,0.03,1.2046,hybrid_economized,False,"open-meteo archive + climate-driven hybrid-economized cooling (region_cooling_profiles base), T-dependent PUE"
DE,44,2022-08-02T20:00:00Z,15.984,0.03,1.174,hybrid_economized,False,"open-meteo archive + climate-driven hybrid-economized cooling (region_cooling_profiles base), T-dependent PUE"
DE,45,2022-08-02T21:00:00Z,15.558,0.03,1.165,hybrid_economized,False,"open-meteo archive + climate-driven hybrid-economized cooling (region_cooling_profiles base), T-dependent PUE"
DE,46,2022-08-02T22:00:00Z,15.366,0.03,1.1704,hybrid_economized,False,"open-meteo archive + climate-driven hybrid-economized cooling (region_cooling_profiles base), T-dependent PUE"
DE,47,2022-08-02T23:00:00Z,14.622,0.03,1.12,hybrid_economized,False,"open-meteo archive + climate-driven hybrid-economized cooling (region_cooling_profiles base), T-dependent PUE"
DE,48,2022-08-03T00:00:00Z,14.65,0.03,1.12,hybrid_economized,False,"open-meteo archive + climate-driven hybrid-economized cooling (region_cooling_profiles base), T-dependent PUE"
DE,49,2022-08-03T01:00:00Z,13.57,0.03,1.12,hybrid_economized,False,"open-meteo archive + climate-driven hybrid-economized cooling (region_cooling_profiles base), T-dependent PUE"
DE,50,2022-08-03T02:00:00Z,13.228,0.03,1.12,hybrid_economized,False,"open-meteo archive + climate-driven hybrid-economized cooling (region_cooling_profiles base), T-dependent PUE"
DE,51,2022-08-03T03:00:00Z,13.09,0.03,1.12,hybrid_economized,False,"open-meteo archive + climate-driven hybrid-economized cooling (region_cooling_profiles base), T-dependent PUE"
DE,52,2022-08-03T04:00:00Z,13.02,0.03,1.12,hybrid_economized,False,"open-meteo archive + climate-driven hybrid-economized cooling (region_cooling_profiles base), T-dependent PUE"
DE,53,2022-08-03T05:00:00Z,13.695,0.03,1.12,hybrid_economized,False,"open-meteo archive + climate-driven hybrid-economized cooling (region_cooling_profiles base), T-dependent PUE"
DE,54,2022-08-03T06:00:00Z,15.018,0.03,1.1362,hybrid_economized,False,"open-meteo archive + climate-driven hybrid-economized cooling (region_cooling_profiles base), T-dependent PUE"
DE,55,2022-08-03T07:00:00Z,16.427,0.03,1.1866,hybrid_economized,False,"open-meteo archive + climate-driven hybrid-economized cooling (region_cooling_profiles base), T-dependent PUE"
DE,56,2022-08-03T08:00:00Z,17.779,0.6069,1.159,hybrid_economized,True,"open-meteo archive + climate-driven hybrid-economized cooling (region_cooling_profiles base), T-dependent PUE"
DE,57,2022-08-03T09:00:00Z,18.66,0.6105,1.174,hybrid_economized,True,"open-meteo archive + climate-driven hybrid-economized cooling (region_cooling_profiles base), T-dependent PUE"
DE,58,2022-08-03T10:00:00Z,18.746,0.6108,1.183,hybrid_economized,True,"open-meteo archive + climate-driven hybrid-economized cooling (region_cooling_profiles base), T-dependent PUE"
DE,59,2022-08-03T11:00:00Z,19.025,0.6119,1.189,hybrid_economized,True,"open-meteo archive + climate-driven hybrid-economized cooling (region_cooling_profiles base), T-dependent PUE"
DE,60,2022-08-03T12:00:00Z,19.405,0.6132,1.1962,hybrid_economized,True,"open-meteo archive + climate-driven hybrid-economized cooling (region_cooling_profiles base), T-dependent PUE"
DE,61,2022-08-03T13:00:00Z,19.718,0.6143,1.201,hybrid_economized,True,"open-meteo archive + climate-driven hybrid-economized cooling (region_cooling_profiles base), T-dependent PUE"
DE,62,2022-08-03T14:00:00Z,19.729,0.6143,1.2034,hybrid_economized,True,"open-meteo archive + climate-driven hybrid-economized cooling (region_cooling_profiles base), T-dependent PUE"
DE,63,2022-08-03T15:00:00Z,19.729,0.6143,1.2034,hybrid_economized,True,"open-meteo archive + climate-driven hybrid-economized cooling (region_cooling_profiles base), T-dependent PUE"
DE,64,2022-08-03T16:00:00Z,19.586,0.6138,1.2022,hybrid_economized,True,"open-meteo archive + climate-driven hybrid-economized cooling (region_cooling_profiles base), T-dependent PUE"
DE,65,2022-08-03T17:00:00Z,19.574,0.6138,1.1998,hybrid_economized,True,"open-meteo archive + climate-driven hybrid-economized cooling (region_cooling_profiles base), T-dependent PUE"
DE,66,2022-08-03T18:00:00Z,21.13,0.6186,1.1896,hybrid_economized,True,"open-meteo archive + climate-driven hybrid-economized cooling (region_cooling_profiles base), T-dependent PUE"
DE,67,2022-08-03T19:00:00Z,18.425,0.6096,1.177,hybrid_economized,True,"open-meteo archive + climate-driven hybrid-economized cooling (region_cooling_profiles base), T-dependent PUE"
DE,68,2022-08-03T20:00:00Z,17.521,0.6058,1.1668,hybrid_economized,True,"open-meteo archive + climate-driven hybrid-economized cooling (region_cooling_profiles base), T-dependent PUE"
DE,69,2022-08-03T21:00:00Z,17.166,0.6043,1.1584,hybrid_economized,True,"open-meteo archive + climate-driven hybrid-economized cooling (region_cooling_profiles base), T-dependent PUE"
DE,70,2022-08-03T22:00:00Z,16.706,0.03,1.1992,hybrid_economized,False,"open-meteo archive + climate-driven hybrid-economized cooling (region_cooling_profiles base), T-dependent PUE"
DE,71,2022-08-03T23:00:00Z,16.365,0.03,1.1758,hybrid_economized,False,"open-meteo archive + climate-driven hybrid-economized cooling (region_cooling_profiles base), T-dependent PUE"
FR,0,2022-08-01T00:00:00Z,16.883,0.03,1.12,hybrid_economized,False,"open-meteo archive + climate-driven hybrid-economized cooling (region_cooling_profiles base), T-dependent PUE"
FR,1,2022-08-01T01:00:00Z,16.496,0.03,1.12,hybrid_economized,False,"open-meteo archive + climate-driven hybrid-economized cooling (region_cooling_profiles base), T-dependent PUE"
FR,2,2022-08-01T02:00:00Z,16.323,0.03,1.12,hybrid_economized,False,"open-meteo archive + climate-driven hybrid-economized cooling (region_cooling_profiles base), T-dependent PUE"
FR,3,2022-08-01T03:00:00Z,16.365,0.03,1.12,hybrid_economized,False,"open-meteo archive + climate-driven hybrid-economized cooling (region_cooling_profiles base), T-dependent PUE"
FR,4,2022-08-01T04:00:00Z,16.307,0.03,1.12,hybrid_economized,False,"open-meteo archive + climate-driven hybrid-economized cooling (region_cooling_profiles base), T-dependent PUE"
FR,5,2022-08-01T05:00:00Z,16.701,0.03,1.12,hybrid_economized,False,"open-meteo archive + climate-driven hybrid-economized cooling (region_cooling_profiles base), T-dependent PUE"
FR,6,2022-08-01T06:00:00Z,16.857,0.03,1.12,hybrid_economized,False,"open-meteo archive + climate-driven hybrid-economized cooling (region_cooling_profiles base), T-dependent PUE"
FR,7,2022-08-01T07:00:00Z,16.845,0.03,1.1236,hybrid_economized,False,"open-meteo archive + climate-driven hybrid-economized cooling (region_cooling_profiles base), T-dependent PUE"
FR,8,2022-08-01T08:00:00Z,17.083,0.03,1.138,hybrid_economized,False,"open-meteo archive + climate-driven hybrid-economized cooling (region_cooling_profiles base), T-dependent PUE"
FR,9,2022-08-01T09:00:00Z,17.297,0.03,1.1524,hybrid_economized,False,"open-meteo archive + climate-driven hybrid-economized cooling (region_cooling_profiles base), T-dependent PUE"
FR,10,2022-08-01T10:00:00Z,17.346,0.03,1.1668,hybrid_economized,False,"open-meteo archive + climate-driven hybrid-economized cooling (region_cooling_profiles base), T-dependent PUE"
FR,11,2022-08-01T11:00:00Z,17.408,0.03,1.1794,hybrid_economized,False,"open-meteo archive + climate-driven hybrid-economized cooling (region_cooling_profiles base), T-dependent PUE"
FR,12,2022-08-01T12:00:00Z,17.975,0.03,1.1794,hybrid_economized,False,"open-meteo archive + climate-driven hybrid-economized cooling (region_cooling_profiles base), T-dependent PUE"
FR,13,2022-08-01T13:00:00Z,18.428,0.6096,1.153,hybrid_economized,True,"open-meteo archive + climate-driven hybrid-economized cooling (region_cooling_profiles base), T-dependent PUE"
FR,14,2022-08-01T14:00:00Z,18.295,0.6091,1.1566,hybrid_economized,True,"open-meteo archive + climate-driven hybrid-economized cooling (region_cooling_profiles base), T-dependent PUE"
FR,15,2022-08-01T15:00:00Z,18.27,0.609,1.153,hybrid_economized,True,"open-meteo archive + climate-driven hybrid-economized cooling (region_cooling_profiles base), T-dependent PUE"
FR,16,2022-08-01T16:00:00Z,18.342,0.6092,1.1524,hybrid_economized,True,"open-meteo archive + climate-driven hybrid-economized cooling (region_cooling_profiles base), T-dependent PUE"
FR,17,2022-08-01T17:00:00Z,18.498,0.6099,1.1524,hybrid_economized,True,"open-meteo archive + climate-driven hybrid-economized cooling (region_cooling_profiles base), T-dependent PUE"
FR,18,2022-08-01T18:00:00Z,18.219,0.6088,1.1494,hybrid_economized,True,"open-meteo archive + climate-driven hybrid-economized cooling (region_cooling_profiles base), T-dependent PUE"
FR,19,2022-08-01T19:00:00Z,18.808,0.611,1.1398,hybrid_economized,True,"open-meteo archive + climate-driven hybrid-economized cooling (region_cooling_profiles base), T-dependent PUE"
FR,20,2022-08-01T20:00:00Z,17.297,0.03,1.1524,hybrid_economized,False,"open-meteo archive + climate-driven hybrid-economized cooling (region_cooling_profiles base), T-dependent PUE"
FR,21,2022-08-01T21:00:00Z,17.388,0.03,1.1542,hybrid_economized,False,"open-meteo archive + climate-driven hybrid-economized cooling (region_cooling_profiles base), T-dependent PUE"
FR,22,2022-08-01T22:00:00Z,16.824,0.03,1.138,hybrid_economized,False,"open-meteo archive + climate-driven hybrid-economized cooling (region_cooling_profiles base), T-dependent PUE"
FR,23,2022-08-01T23:00:00Z,15.939,0.03,1.1308,hybrid_economized,False,"open-meteo archive + climate-driven hybrid-economized cooling (region_cooling_profiles base), T-dependent PUE"
FR,24,2022-08-02T00:00:00Z,15.814,0.03,1.12,hybrid_economized,False,"open-meteo archive + climate-driven hybrid-economized cooling (region_cooling_profiles base), T-dependent PUE"
FR,25,2022-08-02T01:00:00Z,15.272,0.03,1.12,hybrid_economized,False,"open-meteo archive + climate-driven hybrid-economized cooling (region_cooling_profiles base), T-dependent PUE"
FR,26,2022-08-02T02:00:00Z,14.894,0.03,1.12,hybrid_economized,False,"open-meteo archive + climate-driven hybrid-economized cooling (region_cooling_profiles base), T-dependent PUE"
FR,27,2022-08-02T03:00:00Z,14.399,0.03,1.12,hybrid_economized,False,"open-meteo archive + climate-driven hybrid-economized cooling (region_cooling_profiles base), T-dependent PUE"
FR,28,2022-08-02T04:00:00Z,14.258,0.03,1.12,hybrid_economized,False,"open-meteo archive + climate-driven hybrid-economized cooling (region_cooling_profiles base), T-dependent PUE"
FR,29,2022-08-02T05:00:00Z,14.258,0.03,1.12,hybrid_economized,False,"open-meteo archive + climate-driven hybrid-economized cooling (region_cooling_profiles base), T-dependent PUE"
FR,30,2022-08-02T06:00:00Z,14.989,0.03,1.12,hybrid_economized,False,"open-meteo archive + climate-driven hybrid-economized cooling (region_cooling_profiles base), T-dependent PUE"
FR,31,2022-08-02T07:00:00Z,15.69,0.03,1.12,hybrid_economized,False,"open-meteo archive + climate-driven hybrid-economized cooling (region_cooling_profiles base), T-dependent PUE"
FR,32,2022-08-02T08:00:00Z,16.534,0.03,1.1452,hybrid_economized,False,"open-meteo archive + climate-driven hybrid-economized cooling (region_cooling_profiles base), T-dependent PUE"
FR,33,2022-08-02T09:00:00Z,17.374,0.03,1.1758,hybrid_economized,False,"open-meteo archive + climate-driven hybrid-economized cooling (region_cooling_profiles base), T-dependent PUE"
FR,34,2022-08-02T10:00:00Z,18.435,0.6096,1.1488,hybrid_economized,True,"open-meteo archive + climate-driven hybrid-economized cooling (region_cooling_profiles base), T-dependent PUE"
FR,35,2022-08-02T11:00:00Z,18.962,0.6116,1.159,hybrid_economized,True,"open-meteo archive + climate-driven hybrid-economized cooling (region_cooling_profiles base), T-dependent PUE"
FR,36,2022-08-02T12:00:00Z,18.612,0.6103,1.1638,hybrid_economized,True,"open-meteo archive + climate-driven hybrid-economized cooling (region_cooling_profiles base), T-dependent PUE"
FR,37,2022-08-02T13:00:00Z,19.067,0.612,1.1698,hybrid_economized,True,"open-meteo archive + climate-driven hybrid-economized cooling (region_cooling_profiles base), T-dependent PUE"
FR,38,2022-08-02T14:00:00Z,19.365,0.6131,1.1734,hybrid_economized,True,"open-meteo archive + climate-driven hybrid-economized cooling (region_cooling_profiles base), T-dependent PUE"
FR,39,2022-08-02T15:00:00Z,19.574,0.6138,1.1764,hybrid_economized,True,"open-meteo archive + climate-driven hybrid-economized cooling (region_cooling_profiles base), T-dependent PUE"
FR,40,2022-08-02T16:00:00Z,19.769,0.6145,1.1764,hybrid_economized,True,"open-meteo archive + climate-driven hybrid-economized cooling (region_cooling_profiles base), T-dependent PUE"
FR,41,2022-08-02T17:00:00Z,19.607,0.6139,1.1752,hybrid_economized,True,"open-meteo archive + climate-driven hybrid-economized cooling (region_cooling_profiles base), T-dependent PUE"
FR,42,2022-08-02T18:00:00Z,19.682,0.6142,1.1716,hybrid_economized,True,"open-meteo archive + climate-driven hybrid-economized cooling (region_cooling_profiles base), T-dependent PUE"
FR,43,2022-08-02T19:00:00Z,19.535,0.6137,1.1596,hybrid_economized,True,"open-meteo archive + climate-driven hybrid-economized cooling (region_cooling_profiles base), T-dependent PUE"
FR,44,2022-08-02T20:00:00Z,18.633,0.6104,1.1512,hybrid_economized,True,"open-meteo archive + climate-driven hybrid-economized cooling (region_cooling_profiles base), T-dependent PUE"
FR,45,2022-08-02T21:00:00Z,18.261,0.6089,1.1446,hybrid_economized,True,"open-meteo archive + climate-driven hybrid-economized cooling (region_cooling_profiles base), T-dependent PUE"
FR,46,2022-08-02T22:00:00Z,17.939,0.03,1.1704,hybrid_economized,False,"open-meteo archive + climate-driven hybrid-economized cooling (region_cooling_profiles base), T-dependent PUE"
FR,47,2022-08-02T23:00:00Z,17.547,0.03,1.147,hybrid_economized,False,"open-meteo archive + climate-driven hybrid-economized cooling (region_cooling_profiles base), T-dependent PUE"
FR,48,2022-08-03T00:00:00Z,17.973,0.03,1.1452,hybrid_economized,False,"open-meteo archive + climate-driven hybrid-economized cooling (region_cooling_profiles base), T-dependent PUE"
FR,49,2022-08-03T01:00:00Z,17.75,0.03,1.1218,hybrid_economized,False,"open-meteo archive + climate-driven hybrid-economized cooling (region_cooling_profiles base), T-dependent PUE"
FR,50,2022-08-03T02:00:00Z,17.494,0.03,1.12,hybrid_economized,False,"open-meteo archive + climate-driven hybrid-economized cooling (region_cooling_profiles base), T-dependent PUE"
FR,51,2022-08-03T03:00:00Z,17.15,0.03,1.12,hybrid_economized,False,"open-meteo archive + climate-driven hybrid-economized cooling (region_cooling_profiles base), T-dependent PUE"
FR,52,2022-08-03T04:00:00Z,16.877,0.03,1.12,hybrid_economized,False,"open-meteo archive + climate-driven hybrid-economized cooling (region_cooling_profiles base), T-dependent PUE"
FR,53,2022-08-03T05:00:00Z,16.757,0.03,1.12,hybrid_economized,False,"open-meteo archive + climate-driven hybrid-economized cooling (region_cooling_profiles base), T-dependent PUE"
FR,54,2022-08-03T06:00:00Z,17.557,0.03,1.12,hybrid_economized,False,"open-meteo archive + climate-driven hybrid-economized cooling (region_cooling_profiles base), T-dependent PUE"
FR,55,2022-08-03T07:00:00Z,18.649,0.6104,1.1344,hybrid_economized,True,"open-meteo archive + climate-driven hybrid-economized cooling (region_cooling_profiles base), T-dependent PUE"
FR,56,2022-08-03T08:00:00Z,19.593,0.6139,1.1536,hybrid_economized,True,"open-meteo archive + climate-driven hybrid-economized cooling (region_cooling_profiles base), T-dependent PUE"
FR,57,2022-08-03T09:00:00Z,20.4,0.6165,1.1716,hybrid_economized,True,"open-meteo archive + climate-driven hybrid-economized cooling (region_cooling_profiles base), T-dependent PUE"
FR,58,2022-08-03T10:00:00Z,20.457,0.6167,1.183,hybrid_economized,True,"open-meteo archive + climate-driven hybrid-economized cooling (region_cooling_profiles base), T-dependent PUE"
FR,59,2022-08-03T11:00:00Z,20.484,0.6168,1.1896,hybrid_economized,True,"open-meteo archive + climate-driven hybrid-economized cooling (region_cooling_profiles base), T-dependent PUE"
FR,60,2022-08-03T12:00:00Z,20.572,0.617,1.192,hybrid_economized,True,"open-meteo archive + climate-driven hybrid-economized cooling (region_cooling_profiles base), T-dependent PUE"
FR,61,2022-08-03T13:00:00Z,20.634,0.6172,1.198,hybrid_economized,True,"open-meteo archive + climate-driven hybrid-economized cooling (region_cooling_profiles base), T-dependent PUE"
FR,62,2022-08-03T14:00:00Z,20.762,0.6176,1.201,hybrid_economized,True,"open-meteo archive + climate-driven hybrid-economized cooling (region_cooling_profiles base), T-dependent PUE"
FR,63,2022-08-03T15:00:00Z,20.731,0.6175,1.2028,hybrid_economized,True,"open-meteo archive + climate-driven hybrid-economized cooling (region_cooling_profiles base), T-dependent PUE"
FR,64,2022-08-03T16:00:00Z,20.731,0.6175,1.2028,hybrid_economized,True,"open-meteo archive + climate-driven hybrid-economized cooling (region_cooling_profiles base), T-dependent PUE"
FR,65,2022-08-03T17:00:00Z,20.657,0.6173,1.2022,hybrid_economized,True,"open-meteo archive + climate-driven hybrid-economized cooling (region_cooling_profiles base), T-dependent PUE"
FR,66,2022-08-03T18:00:00Z,21.113,0.6186,1.198,hybrid_economized,True,"open-meteo archive + climate-driven hybrid-economized cooling (region_cooling_profiles base), T-dependent PUE"
FR,67,2022-08-03T19:00:00Z,21.158,0.6187,1.177,hybrid_economized,True,"open-meteo archive + climate-driven hybrid-economized cooling (region_cooling_profiles base), T-dependent PUE"
FR,68,2022-08-03T20:00:00Z,18.476,0.6098,1.1668,hybrid_economized,True,"open-meteo archive + climate-driven hybrid-economized cooling (region_cooling_profiles base), T-dependent PUE"
FR,69,2022-08-03T21:00:00Z,18.046,0.6081,1.1572,hybrid_economized,True,"open-meteo archive + climate-driven hybrid-economized cooling (region_cooling_profiles base), T-dependent PUE"
FR,70,2022-08-03T22:00:00Z,17.711,0.6067,1.156,hybrid_economized,True,"open-meteo archive + climate-driven hybrid-economized cooling (region_cooling_profiles base), T-dependent PUE"
FR,71,2022-08-03T23:00:00Z,18.55,0.6101,1.1446,hybrid_economized,True,"open-meteo archive + climate-driven hybrid-economized cooling (region_cooling_profiles base), T-dependent PUE"
ES,0,2022-08-01T00:00:00Z,17.469,0.7801,1.1746,hybrid_economized,True,"open-meteo archive + climate-driven hybrid-economized cooling (region_cooling_profiles base), T-dependent PUE"
ES,1,2022-08-01T01:00:00Z,17.365,0.7795,1.1656,hybrid_economized,True,"open-meteo archive + climate-driven hybrid-economized cooling (region_cooling_profiles base), T-dependent PUE"
ES,2,2022-08-01T02:00:00Z,17.145,0.7782,1.1596,hybrid_economized,True,"open-meteo archive + climate-driven hybrid-economized cooling (region_cooling_profiles base), T-dependent PUE"
ES,3,2022-08-01T03:00:00Z,16.791,0.7762,1.153,hybrid_economized,True,"open-meteo archive + climate-driven hybrid-economized cooling (region_cooling_profiles base), T-dependent PUE"
ES,4,2022-08-01T04:00:00Z,16.713,0.7757,1.1476,hybrid_economized,True,"open-meteo archive + climate-driven hybrid-economized cooling (region_cooling_profiles base), T-dependent PUE"
ES,5,2022-08-01T05:00:00Z,16.766,0.776,1.1446,hybrid_economized,True,"open-meteo archive + climate-driven hybrid-economized cooling (region_cooling_profiles base), T-dependent PUE"
ES,6,2022-08-01T06:00:00Z,17.138,0.7782,1.144,hybrid_economized,True,"open-meteo archive + climate-driven hybrid-economized cooling (region_cooling_profiles base), T-dependent PUE"
ES,7,2022-08-01T07:00:00Z,18.356,0.7848,1.1536,hybrid_economized,True,"open-meteo archive + climate-driven hybrid-economized cooling (region_cooling_profiles base), T-dependent PUE"
ES,8,2022-08-01T08:00:00Z,20.067,0.7927,1.1656,hybrid_economized,True,"open-meteo archive + climate-driven hybrid-economized cooling (region_cooling_profiles base), T-dependent PUE"
ES,9,2022-08-01T09:00:00Z,20.961,0.7962,1.1782,hybrid_economized,True,"open-meteo archive + climate-driven hybrid-economized cooling (region_cooling_profiles base), T-dependent PUE"
ES,10,2022-08-01T10:00:00Z,21.155,0.7969,1.1914,hybrid_economized,True,"open-meteo archive + climate-driven hybrid-economized cooling (region_cooling_profiles base), T-dependent PUE"
ES,11,2022-08-01T11:00:00Z,21.286,0.7974,1.2052,hybrid_economized,True,"open-meteo archive + climate-driven hybrid-economized cooling (region_cooling_profiles base), T-dependent PUE"
ES,12,2022-08-01T12:00:00Z,19.652,0.791,1.216,hybrid_economized,True,"open-meteo archive + climate-driven hybrid-economized cooling (region_cooling_profiles base), T-dependent PUE"
ES,13,2022-08-01T13:00:00Z,19.843,0.7918,1.2208,hybrid_economized,True,"open-meteo archive + climate-driven hybrid-economized cooling (region_cooling_profiles base), T-dependent PUE"
ES,14,2022-08-01T14:00:00Z,19.763,0.7914,1.2268,hybrid_economized,True,"open-meteo archive + climate-driven hybrid-economized cooling (region_cooling_profiles base), T-dependent PUE"
ES,15,2022-08-01T15:00:00Z,20.021,0.7925,1.2292,hybrid_economized,True,"open-meteo archive + climate-driven hybrid-economized cooling (region_cooling_profiles base), T-dependent PUE"
ES,16,2022-08-01T16:00:00Z,20.085,0.7928,1.2298,hybrid_economized,True,"open-meteo archive + climate-driven hybrid-economized cooling (region_cooling_profiles base), T-dependent PUE"
ES,17,2022-08-01T17:00:00Z,19.892,0.792,1.228,hybrid_economized,True,"open-meteo archive + climate-driven hybrid-economized cooling (region_cooling_profiles base), T-dependent PUE"
ES,18,2022-08-01T18:00:00Z,19.185,0.7888,1.225,hybrid_economized,True,"open-meteo archive + climate-driven hybrid-economized cooling (region_cooling_profiles base), T-dependent PUE"
ES,19,2022-08-01T19:00:00Z,18.552,0.7858,1.219,hybrid_economized,True,"open-meteo archive + climate-driven hybrid-economized cooling (region_cooling_profiles base), T-dependent PUE"
ES,20,2022-08-01T20:00:00Z,18.578,0.7859,1.2064,hybrid_economized,True,"open-meteo archive + climate-driven hybrid-economized cooling (region_cooling_profiles base), T-dependent PUE"
ES,21,2022-08-01T21:00:00Z,18.876,0.7874,1.201,hybrid_economized,True,"open-meteo archive + climate-driven hybrid-economized cooling (region_cooling_profiles base), T-dependent PUE"
ES,22,2022-08-01T22:00:00Z,17.831,0.7821,1.192,hybrid_economized,True,"open-meteo archive + climate-driven hybrid-economized cooling (region_cooling_profiles base), T-dependent PUE"
ES,23,2022-08-01T23:00:00Z,17.163,0.7783,1.1818,hybrid_economized,True,"open-meteo archive + climate-driven hybrid-economized cooling (region_cooling_profiles base), T-dependent PUE"
ES,24,2022-08-02T00:00:00Z,18.476,0.7854,1.1668,hybrid_economized,True,"open-meteo archive + climate-driven hybrid-economized cooling (region_cooling_profiles base), T-dependent PUE"
ES,25,2022-08-02T01:00:00Z,18.545,0.7858,1.1608,hybrid_economized,True,"open-meteo archive + climate-driven hybrid-economized cooling (region_cooling_profiles base), T-dependent PUE"
ES,26,2022-08-02T02:00:00Z,18.537,0.7857,1.156,hybrid_economized,True,"open-meteo archive + climate-driven hybrid-economized cooling (region_cooling_profiles base), T-dependent PUE"
ES,27,2022-08-02T03:00:00Z,18.498,0.7855,1.1524,hybrid_economized,True,"open-meteo archive + climate-driven hybrid-economized cooling (region_cooling_profiles base), T-dependent PUE"
ES,28,2022-08-02T04:00:00Z,18.459,0.7853,1.15,hybrid_economized,True,"open-meteo archive + climate-driven hybrid-economized cooling (region_cooling_profiles base), T-dependent PUE"
ES,29,2022-08-02T05:00:00Z,18.439,0.7852,1.1458,hybrid_economized,True,"open-meteo archive + climate-driven hybrid-economized cooling (region_cooling_profiles base), T-dependent PUE"
ES,30,2022-08-02T06:00:00Z,18.495,0.7855,1.1452,hybrid_economized,True,"open-meteo archive + climate-driven hybrid-economized cooling (region_cooling_profiles base), T-dependent PUE"
ES,31,2022-08-02T07:00:00Z,19.174,0.7888,1.156,hybrid_economized,True,"open-meteo archive + climate-driven hybrid-economized cooling (region_cooling_profiles base), T-dependent PUE"
ES,32,2022-08-02T08:00:00Z,19.805,0.7916,1.1686,hybrid_economized,True,"open-meteo archive + climate-driven hybrid-economized cooling (region_cooling_profiles base), T-dependent PUE"
ES,33,2022-08-02T09:00:00Z,20.216,0.7933,1.1812,hybrid_economized,True,"open-meteo archive + climate-driven hybrid-economized cooling (region_cooling_profiles base), T-dependent PUE"
ES,34,2022-08-02T10:00:00Z,20.727,0.7953,1.1932,hybrid_economized,True,"open-meteo archive + climate-driven hybrid-economized cooling (region_cooling_profiles base), T-dependent PUE"
ES,35,2022-08-02T11:00:00Z,21.251,0.7972,1.207,hybrid_economized,True,"open-meteo archive + climate-driven hybrid-economized cooling (region_cooling_profiles base), T-dependent PUE"
ES,36,2022-08-02T12:00:00Z,21.789,0.799,1.2052,hybrid_economized,True,"open-meteo archive + climate-driven hybrid-economized cooling (region_cooling_profiles base), T-dependent PUE"
ES,37,2022-08-02T13:00:00Z,20.799,0.7956,1.1974,hybrid_economized,True,"open-meteo archive + climate-driven hybrid-economized cooling (region_cooling_profiles base), T-dependent PUE"
ES,38,2022-08-02T14:00:00Z,20.691,0.7952,1.2046,hybrid_economized,True,"open-meteo archive + climate-driven hybrid-economized cooling (region_cooling_profiles base), T-dependent PUE"
ES,39,2022-08-02T15:00:00Z,19.623,0.7908,1.198,hybrid_economized,True,"open-meteo archive + climate-driven hybrid-economized cooling (region_cooling_profiles base), T-dependent PUE"
ES,40,2022-08-02T16:00:00Z,19.657,0.791,1.2052,hybrid_economized,True,"open-meteo archive + climate-driven hybrid-economized cooling (region_cooling_profiles base), T-dependent PUE"
ES,41,2022-08-02T17:00:00Z,19.478,0.7902,1.2088,hybrid_economized,True,"open-meteo archive + climate-driven hybrid-economized cooling (region_cooling_profiles base), T-dependent PUE"
ES,42,2022-08-02T18:00:00Z,19.478,0.7902,1.2088,hybrid_economized,True,"open-meteo archive + climate-driven hybrid-economized cooling (region_cooling_profiles base), T-dependent PUE"
ES,43,2022-08-02T19:00:00Z,19.225,0.789,1.204,hybrid_economized,True,"open-meteo archive + climate-driven hybrid-economized cooling (region_cooling_profiles base), T-dependent PUE"
ES,44,2022-08-02T20:00:00Z,20.959,0.7962,1.195,hybrid_economized,True,"open-meteo archive + climate-driven hybrid-economized cooling (region_cooling_profiles base), T-dependent PUE"
ES,45,2022-08-02T21:00:00Z,19.501,0.7903,1.189,hybrid_economized,True,"open-meteo archive + climate-driven hybrid-economized cooling (region_cooling_profiles base), T-dependent PUE"
ES,46,2022-08-02T22:00:00Z,19.002,0.788,1.1782,hybrid_economized,True,"open-meteo archive + climate-driven hybrid-economized cooling (region_cooling_profiles base), T-dependent PUE"
ES,47,2022-08-02T23:00:00Z,18.34,0.7847,1.1686,hybrid_economized,True,"open-meteo archive + climate-driven hybrid-economized cooling (region_cooling_profiles base), T-dependent PUE"
ES,48,2022-08-03T00:00:00Z,18.188,0.784,1.162,hybrid_economized,True,"open-meteo archive + climate-driven hybrid-economized cooling (region_cooling_profiles base), T-dependent PUE"
ES,49,2022-08-03T01:00:00Z,18.633,0.7862,1.1512,hybrid_economized,True,"open-meteo archive + climate-driven hybrid-economized cooling (region_cooling_profiles base), T-dependent PUE"
ES,50,2022-08-03T02:00:00Z,18.908,0.7875,1.147,hybrid_economized,True,"open-meteo archive + climate-driven hybrid-economized cooling (region_cooling_profiles base), T-dependent PUE"
ES,51,2022-08-03T03:00:00Z,18.284,0.7844,1.1488,hybrid_economized,True,"open-meteo archive + climate-driven hybrid-economized cooling (region_cooling_profiles base), T-dependent PUE"
ES,52,2022-08-03T04:00:00Z,17.729,0.7815,1.141,hybrid_economized,True,"open-meteo archive + climate-driven hybrid-economized cooling (region_cooling_profiles base), T-dependent PUE"
ES,53,2022-08-03T05:00:00Z,17.758,0.7817,1.1356,hybrid_economized,True,"open-meteo archive + climate-driven hybrid-economized cooling (region_cooling_profiles base), T-dependent PUE"
ES,54,2022-08-03T06:00:00Z,17.983,0.7829,1.138,hybrid_economized,True,"open-meteo archive + climate-driven hybrid-economized cooling (region_cooling_profiles base), T-dependent PUE"
ES,55,2022-08-03T07:00:00Z,18.306,0.7846,1.15,hybrid_economized,True,"open-meteo archive + climate-driven hybrid-economized cooling (region_cooling_profiles base), T-dependent PUE"
ES,56,2022-08-03T08:00:00Z,18.529,0.7857,1.1632,hybrid_economized,True,"open-meteo archive + climate-driven hybrid-economized cooling (region_cooling_profiles base), T-dependent PUE"
ES,57,2022-08-03T09:00:00Z,18.939,0.7877,1.1746,hybrid_economized,True,"open-meteo archive + climate-driven hybrid-economized cooling (region_cooling_profiles base), T-dependent PUE"
ES,58,2022-08-03T10:00:00Z,19.426,0.7899,1.1884,hybrid_economized,True,"open-meteo archive + climate-driven hybrid-economized cooling (region_cooling_profiles base), T-dependent PUE"
ES,59,2022-08-03T11:00:00Z,19.862,0.7919,1.2022,hybrid_economized,True,"open-meteo archive + climate-driven hybrid-economized cooling (region_cooling_profiles base), T-dependent PUE"
ES,60,2022-08-03T12:00:00Z,21.132,0.7968,1.2082,hybrid_economized,True,"open-meteo archive + climate-driven hybrid-economized cooling (region_cooling_profiles base), T-dependent PUE"
ES,61,2022-08-03T13:00:00Z,19.854,0.7918,1.2178,hybrid_economized,True,"open-meteo archive + climate-driven hybrid-economized cooling (region_cooling_profiles base), T-dependent PUE"
ES,62,2022-08-03T14:00:00Z,18.789,0.787,1.225,hybrid_economized,True,"open-meteo archive + climate-driven hybrid-economized cooling (region_cooling_profiles base), T-dependent PUE"
ES,63,2022-08-03T15:00:00Z,18.436,0.7852,1.2298,hybrid_economized,True,"open-meteo archive + climate-driven hybrid-economized cooling (region_cooling_profiles base), T-dependent PUE"
ES,64,2022-08-03T16:00:00Z,18.256,0.7843,1.228,hybrid_economized,True,"open-meteo archive + climate-driven hybrid-economized cooling (region_cooling_profiles base), T-dependent PUE"
ES,65,2022-08-03T17:00:00Z,17.577,0.7807,1.2256,hybrid_economized,True,"open-meteo archive + climate-driven hybrid-economized cooling (region_cooling_profiles base), T-dependent PUE"
ES,66,2022-08-03T18:00:00Z,17.238,0.7788,1.2268,hybrid_economized,True,"open-meteo archive + climate-driven hybrid-economized cooling (region_cooling_profiles base), T-dependent PUE"
ES,67,2022-08-03T19:00:00Z,15.559,0.7684,1.219,hybrid_economized,True,"open-meteo archive + climate-driven hybrid-economized cooling (region_cooling_profiles base), T-dependent PUE"
ES,68,2022-08-03T20:00:00Z,15.16,0.7657,1.2052,hybrid_economized,True,"open-meteo archive + climate-driven hybrid-economized cooling (region_cooling_profiles base), T-dependent PUE"
ES,69,2022-08-03T21:00:00Z,14.512,0.7612,1.1944,hybrid_economized,True,"open-meteo archive + climate-driven hybrid-economized cooling (region_cooling_profiles base), T-dependent PUE"
ES,70,2022-08-03T22:00:00Z,13.568,0.7541,1.1812,hybrid_economized,True,"open-meteo archive + climate-driven hybrid-economized cooling (region_cooling_profiles base), T-dependent PUE"
ES,71,2022-08-03T23:00:00Z,13.243,0.7516,1.1716,hybrid_economized,True,"open-meteo archive + climate-driven hybrid-economized cooling (region_cooling_profiles base), T-dependent PUE"
IT-NO,0,2022-08-01T00:00:00Z,18.116,0.691,1.1446,hybrid_economized,True,"open-meteo archive + climate-driven hybrid-economized cooling (region_cooling_profiles base), T-dependent PUE"
IT-NO,1,2022-08-01T01:00:00Z,17.48,0.6879,1.132,hybrid_economized,True,"open-meteo archive + climate-driven hybrid-economized cooling (region_cooling_profiles base), T-dependent PUE"
IT-NO,2,2022-08-01T02:00:00Z,17.324,0.6871,1.1284,hybrid_economized,True,"open-meteo archive + climate-driven hybrid-economized cooling (region_cooling_profiles base), T-dependent PUE"
IT-NO,3,2022-08-01T03:00:00Z,17.119,0.6861,1.1254,hybrid_economized,True,"open-meteo archive + climate-driven hybrid-economized cooling (region_cooling_profiles base), T-dependent PUE"
IT-NO,4,2022-08-01T04:00:00Z,16.897,0.03,1.1344,hybrid_economized,False,"open-meteo archive + climate-driven hybrid-economized cooling (region_cooling_profiles base), T-dependent PUE"
IT-NO,5,2022-08-01T05:00:00Z,17.114,0.6861,1.1296,hybrid_economized,True,"open-meteo archive + climate-driven hybrid-economized cooling (region_cooling_profiles base), T-dependent PUE"
IT-NO,6,2022-08-01T06:00:00Z,18.321,0.6919,1.147,hybrid_economized,True,"open-meteo archive + climate-driven hybrid-economized cooling (region_cooling_profiles base), T-dependent PUE"
IT-NO,7,2022-08-01T07:00:00Z,19.388,0.6965,1.162,hybrid_economized,True,"open-meteo archive + climate-driven hybrid-economized cooling (region_cooling_profiles base), T-dependent PUE"
IT-NO,8,2022-08-01T08:00:00Z,19.825,0.6982,1.174,hybrid_economized,True,"open-meteo archive + climate-driven hybrid-economized cooling (region_cooling_profiles base), T-dependent PUE"
IT-NO,9,2022-08-01T09:00:00Z,20.284,0.6999,1.1848,hybrid_economized,True,"open-meteo archive + climate-driven hybrid-economized cooling (region_cooling_profiles base), T-dependent PUE"
IT-NO,10,2022-08-01T10:00:00Z,20.498,0.7006,1.1932,hybrid_economized,True,"open-meteo archive + climate-driven hybrid-economized cooling (region_cooling_profiles base), T-dependent PUE"
IT-NO,11,2022-08-01T11:00:00Z,20.762,0.7015,1.201,hybrid_economized,True,"open-meteo archive + climate-driven hybrid-economized cooling (region_cooling_profiles base), T-dependent PUE"
IT-NO,12,2022-08-01T12:00:00Z,21.162,0.7028,1.2022,hybrid_economized,True,"open-meteo archive + climate-driven hybrid-economized cooling (region_cooling_profiles base), T-dependent PUE"
IT-NO,13,2022-08-01T13:00:00Z,21.325,0.7033,1.2076,hybrid_economized,True,"open-meteo archive + climate-driven hybrid-economized cooling (region_cooling_profiles base), T-dependent PUE"
IT-NO,14,2022-08-01T14:00:00Z,21.279,0.7032,1.2094,hybrid_economized,True,"open-meteo archive + climate-driven hybrid-economized cooling (region_cooling_profiles base), T-dependent PUE"
IT-NO,15,2022-08-01T15:00:00Z,21.006,0.7023,1.2094,hybrid_economized,True,"open-meteo archive + climate-driven hybrid-economized cooling (region_cooling_profiles base), T-dependent PUE"
IT-NO,16,2022-08-01T16:00:00Z,20.799,0.7016,1.21,hybrid_economized,True,"open-meteo archive + climate-driven hybrid-economized cooling (region_cooling_profiles base), T-dependent PUE"
IT-NO,17,2022-08-01T17:00:00Z,20.371,0.7002,1.2088,hybrid_economized,True,"open-meteo archive + climate-driven hybrid-economized cooling (region_cooling_profiles base), T-dependent PUE"
IT-NO,18,2022-08-01T18:00:00Z,24.047,0.7099,1.1962,hybrid_economized,True,"open-meteo archive + climate-driven hybrid-economized cooling (region_cooling_profiles base), T-dependent PUE"
IT-NO,19,2022-08-01T19:00:00Z,19.798,0.6981,1.186,hybrid_economized,True,"open-meteo archive + climate-driven hybrid-economized cooling (region_cooling_profiles base), T-dependent PUE"
IT-NO,20,2022-08-01T20:00:00Z,18.348,0.692,1.1764,hybrid_economized,True,"open-meteo archive + climate-driven hybrid-economized cooling (region_cooling_profiles base), T-dependent PUE"
IT-NO,21,2022-08-01T21:00:00Z,17.863,0.6898,1.171,hybrid_economized,True,"open-meteo archive + climate-driven hybrid-economized cooling (region_cooling_profiles base), T-dependent PUE"
IT-NO,22,2022-08-01T22:00:00Z,17.677,0.6889,1.168,hybrid_economized,True,"open-meteo archive + climate-driven hybrid-economized cooling (region_cooling_profiles base), T-dependent PUE"
IT-NO,23,2022-08-01T23:00:00Z,17.862,0.6898,1.165,hybrid_economized,True,"open-meteo archive + climate-driven hybrid-economized cooling (region_cooling_profiles base), T-dependent PUE"
IT-NO,24,2022-08-02T00:00:00Z,17.329,0.6872,1.1464,hybrid_economized,True,"open-meteo archive + climate-driven hybrid-economized cooling (region_cooling_profiles base), T-dependent PUE"
IT-NO,25,2022-08-02T01:00:00Z,16.73,0.03,1.1866,hybrid_economized,False,"open-meteo archive + climate-driven hybrid-economized cooling (region_cooling_profiles base), T-dependent PUE"
IT-NO,26,2022-08-02T02:00:00Z,17.795,0.6894,1.1386,hybrid_economized,True,"open-meteo archive + climate-driven hybrid-economized cooling (region_cooling_profiles base), T-dependent PUE"
IT-NO,27,2022-08-02T03:00:00Z,17.289,0.6869,1.144,hybrid_economized,True,"open-meteo archive + climate-driven hybrid-economized cooling (region_cooling_profiles base), T-dependent PUE"
IT-NO,28,2022-08-02T04:00:00Z,16.752,0.03,1.1632,hybrid_economized,False,"open-meteo archive + climate-driven hybrid-economized cooling (region_cooling_profiles base), T-dependent PUE"
IT-NO,29,2022-08-02T05:00:00Z,17.604,0.6885,1.1392,hybrid_economized,True,"open-meteo archive + climate-driven hybrid-economized cooling (region_cooling_profiles base), T-dependent PUE"
IT-NO,30,2022-08-02T06:00:00Z,18.945,0.6946,1.1416,hybrid_economized,True,"open-meteo archive + climate-driven hybrid-economized cooling (region_cooling_profiles base), T-dependent PUE"
IT-NO,31,2022-08-02T07:00:00Z,19.714,0.6978,1.1524,hybrid_economized,True,"open-meteo archive + climate-driven hybrid-economized cooling (region_cooling_profiles base), T-dependent PUE"
IT-NO,32,2022-08-02T08:00:00Z,20.042,0.699,1.162,hybrid_economized,True,"open-meteo archive + climate-driven hybrid-economized cooling (region_cooling_profiles base), T-dependent PUE"
IT-NO,33,2022-08-02T09:00:00Z,20.045,0.699,1.1716,hybrid_economized,True,"open-meteo archive + climate-driven hybrid-economized cooling (region_cooling_profiles base), T-dependent PUE"
IT-NO,34,2022-08-02T10:00:00Z,20.136,0.6993,1.1806,hybrid_economized,True,"open-meteo archive + climate-driven hybrid-economized cooling (region_cooling_profiles base), T-dependent PUE"
IT-NO,35,2022-08-02T11:00:00Z,20.759,0.7015,1.1884,hybrid_economized,True,"open-meteo archive + climate-driven hybrid-economized cooling (region_cooling_profiles base), T-dependent PUE"
IT-NO,36,2022-08-02T12:00:00Z,20.97,0.7022,1.1884,hybrid_economized,True,"open-meteo archive + climate-driven hybrid-economized cooling (region_cooling_profiles base), T-dependent PUE"
IT-NO,37,2022-08-02T13:00:00Z,20.938,0.7021,1.1914,hybrid_economized,True,"open-meteo archive + climate-driven hybrid-economized cooling (region_cooling_profiles base), T-dependent PUE"
IT-NO,38,2022-08-02T14:00:00Z,20.952,0.7022,1.1932,hybrid_economized,True,"open-meteo archive + climate-driven hybrid-economized cooling (region_cooling_profiles base), T-dependent PUE"
IT-NO,39,2022-08-02T15:00:00Z,20.804,0.7017,1.1938,hybrid_economized,True,"open-meteo archive + climate-driven hybrid-economized cooling (region_cooling_profiles base), T-dependent PUE"
IT-NO,40,2022-08-02T16:00:00Z,20.65,0.7011,1.1926,hybrid_economized,True,"open-meteo archive + climate-driven hybrid-economized cooling (region_cooling_profiles base), T-dependent PUE"
IT-NO,41,2022-08-02T17:00:00Z,20.263,0.6998,1.1896,hybrid_economized,True,"open-meteo archive + climate-driven hybrid-economized cooling (region_cooling_profiles base), T-dependent PUE"
IT-NO,42,2022-08-02T18:00:00Z,20.047,0.699,1.183,hybrid_economized,True,"open-meteo archive + climate-driven hybrid-economized cooling (region_cooling_profiles base), T-dependent PUE"
IT-NO,43,2022-08-02T19:00:00Z,19.148,0.6955,1.1704,hybrid_economized,True,"open-meteo archive + climate-driven hybrid-economized cooling (region_cooling_profiles base), T-dependent PUE"
IT-NO,44,2022-08-02T20:00:00Z,18.795,0.694,1.1626,hybrid_economized,True,"open-meteo archive + climate-driven hybrid-economized cooling (region_cooling_profiles base), T-dependent PUE"
IT-NO,45,2022-08-02T21:00:00Z,18.792,0.694,1.1578,hybrid_economized,True,"open-meteo archive + climate-driven hybrid-economized cooling (region_cooling_profiles base), T-dependent PUE"
IT-NO,46,2022-08-02T22:00:00Z,18.527,0.6928,1.1548,hybrid_economized,True,"open-meteo archive + climate-driven hybrid-economized cooling (region_cooling_profiles base), T-dependent PUE"
IT-NO,47,2022-08-02T23:00:00Z,18.172,0.6912,1.147,hybrid_economized,True,"open-meteo archive + climate-driven hybrid-economized cooling (region_cooling_profiles base), T-dependent PUE"
IT-NO,48,2022-08-03T00:00:00Z,18.261,0.6916,1.1446,hybrid_economized,True,"open-meteo archive + climate-driven hybrid-economized cooling (region_cooling_profiles base), T-dependent PUE"
IT-NO,49,2022-08-03T01:00:00Z,18.245,0.6916,1.1416,hybrid_economized,True,"open-meteo archive + climate-driven hybrid-economized cooling (region_cooling_profiles base), T-dependent PUE"
IT-NO,50,2022-08-03T02:00:00Z,18.255,0.6916,1.1398,hybrid_economized,True,"open-meteo archive + climate-driven hybrid-economized cooling (region_cooling_profiles base), T-dependent PUE"
IT-NO,51,2022-08-03T03:00:00Z,18.03,0.6906,1.1374,hybrid_economized,True,"open-meteo archive + climate-driven hybrid-economized cooling (region_cooling_profiles base), T-dependent PUE"
IT-NO,52,2022-08-03T04:00:00Z,17.938,0.6901,1.135,hybrid_economized,True,"open-meteo archive + climate-driven hybrid-economized cooling (region_cooling_profiles base), T-dependent PUE"
IT-NO,53,2022-08-03T05:00:00Z,18.259,0.6916,1.138,hybrid_economized,True,"open-meteo archive + climate-driven hybrid-economized cooling (region_cooling_profiles base), T-dependent PUE"
IT-NO,54,2022-08-03T06:00:00Z,19.415,0.6966,1.1524,hybrid_economized,True,"open-meteo archive + climate-driven hybrid-economized cooling (region_cooling_profiles base), T-dependent PUE"
IT-NO,55,2022-08-03T07:00:00Z,19.984,0.6988,1.1662,hybrid_economized,True,"open-meteo archive + climate-driven hybrid-economized cooling (region_cooling_profiles base), T-dependent PUE"
IT-NO,56,2022-08-03T08:00:00Z,20.152,0.6994,1.1764,hybrid_economized,True,"open-meteo archive + climate-driven hybrid-economized cooling (region_cooling_profiles base), T-dependent PUE"
IT-NO,57,2022-08-03T09:00:00Z,20.537,0.7008,1.1836,hybrid_economized,True,"open-meteo archive + climate-driven hybrid-economized cooling (region_cooling_profiles base), T-dependent PUE"
IT-NO,58,2022-08-03T10:00:00Z,20.86,0.7019,1.1908,hybrid_economized,True,"open-meteo archive + climate-driven hybrid-economized cooling (region_cooling_profiles base), T-dependent PUE"
IT-NO,59,2022-08-03T11:00:00Z,20.959,0.7022,1.1968,hybrid_economized,True,"open-meteo archive + climate-driven hybrid-economized cooling (region_cooling_profiles base), T-dependent PUE"
IT-NO,60,2022-08-03T12:00:00Z,21.191,0.7029,1.1968,hybrid_economized,True,"open-meteo archive + climate-driven hybrid-economized cooling (region_cooling_profiles base), T-dependent PUE"
IT-NO,61,2022-08-03T13:00:00Z,21.484,0.7038,1.2028,hybrid_economized,True,"open-meteo archive + climate-driven hybrid-economized cooling (region_cooling_profiles base), T-dependent PUE"
IT-NO,62,2022-08-03T14:00:00Z,21.54,0.704,1.2052,hybrid_economized,True,"open-meteo archive + climate-driven hybrid-economized cooling (region_cooling_profiles base), T-dependent PUE"
IT-NO,63,2022-08-03T15:00:00Z,21.361,0.7034,1.2058,hybrid_economized,True,"open-meteo archive + climate-driven hybrid-economized cooling (region_cooling_profiles base), T-dependent PUE"
IT-NO,64,2022-08-03T16:00:00Z,20.954,0.7022,1.2046,hybrid_economized,True,"open-meteo archive + climate-driven hybrid-economized cooling (region_cooling_profiles base), T-dependent PUE"
IT-NO,65,2022-08-03T17:00:00Z,20.324,0.7,1.2016,hybrid_economized,True,"open-meteo archive + climate-driven hybrid-economized cooling (region_cooling_profiles base), T-dependent PUE"
IT-NO,66,2022-08-03T18:00:00Z,20.164,0.6994,1.1962,hybrid_economized,True,"open-meteo archive + climate-driven hybrid-economized cooling (region_cooling_profiles base), T-dependent PUE"
IT-NO,67,2022-08-03T19:00:00Z,19.536,0.6971,1.1776,hybrid_economized,True,"open-meteo archive + climate-driven hybrid-economized cooling (region_cooling_profiles base), T-dependent PUE"
IT-NO,68,2022-08-03T20:00:00Z,19.825,0.6982,1.174,hybrid_economized,True,"open-meteo archive + climate-driven hybrid-economized cooling (region_cooling_profiles base), T-dependent PUE"
IT-NO,69,2022-08-03T21:00:00Z,19.533,0.697,1.1692,hybrid_economized,True,"open-meteo archive + climate-driven hybrid-economized cooling (region_cooling_profiles base), T-dependent PUE"
IT-NO,70,2022-08-03T22:00:00Z,19.202,0.6957,1.1584,hybrid_economized,True,"open-meteo archive + climate-driven hybrid-economized cooling (region_cooling_profiles base), T-dependent PUE"
IT-NO,71,2022-08-03T23:00:00Z,18.537,0.6929,1.156,hybrid_economized,True,"open-meteo archive + climate-driven hybrid-economized cooling (region_cooling_profiles base), T-dependent PUE"
SE,0,2022-08-01T00:00:00Z,13.76,0.02,1.12,hybrid_economized,False,"open-meteo archive + climate-driven hybrid-economized cooling (region_cooling_profiles base), T-dependent PUE"
SE,1,2022-08-01T01:00:00Z,13.76,0.02,1.12,hybrid_economized,False,"open-meteo archive + climate-driven hybrid-economized cooling (region_cooling_profiles base), T-dependent PUE"
SE,2,2022-08-01T02:00:00Z,13.76,0.02,1.12,hybrid_economized,False,"open-meteo archive + climate-driven hybrid-economized cooling (region_cooling_profiles base), T-dependent PUE"
SE,3,2022-08-01T03:00:00Z,14.168,0.02,1.12,hybrid_economized,False,"open-meteo archive + climate-driven hybrid-economized cooling (region_cooling_profiles base), T-dependent PUE"
SE,4,2022-08-01T04:00:00Z,14.275,0.02,1.12,hybrid_economized,False,"open-meteo archive + climate-driven hybrid-economized cooling (region_cooling_profiles base), T-dependent PUE"
SE,5,2022-08-01T05:00:00Z,14.611,0.02,1.12,hybrid_economized,False,"open-meteo archive + climate-driven hybrid-economized cooling (region_cooling_profiles base), T-dependent PUE"
SE,6,2022-08-01T06:00:00Z,15.192,0.02,1.12,hybrid_economized,False,"open-meteo archive + climate-driven hybrid-economized cooling (region_cooling_profiles base), T-dependent PUE"
SE,7,2022-08-01T07:00:00Z,15.558,0.02,1.12,hybrid_economized,False,"open-meteo archive + climate-driven hybrid-economized cooling (region_cooling_profiles base), T-dependent PUE"
SE,8,2022-08-01T08:00:00Z,15.777,0.02,1.12,hybrid_economized,False,"open-meteo archive + climate-driven hybrid-economized cooling (region_cooling_profiles base), T-dependent PUE"
SE,9,2022-08-01T09:00:00Z,15.848,0.02,1.12,hybrid_economized,False,"open-meteo archive + climate-driven hybrid-economized cooling (region_cooling_profiles base), T-dependent PUE"
SE,10,2022-08-01T10:00:00Z,15.633,0.02,1.12,hybrid_economized,False,"open-meteo archive + climate-driven hybrid-economized cooling (region_cooling_profiles base), T-dependent PUE"
SE,11,2022-08-01T11:00:00Z,15.538,0.02,1.12,hybrid_economized,False,"open-meteo archive + climate-driven hybrid-economized cooling (region_cooling_profiles base), T-dependent PUE"
SE,12,2022-08-01T12:00:00Z,15.366,0.02,1.12,hybrid_economized,False,"open-meteo archive + climate-driven hybrid-economized cooling (region_cooling_profiles base), T-dependent PUE"
SE,13,2022-08-01T13:00:00Z,15.487,0.02,1.12,hybrid_economized,False,"open-meteo archive + climate-driven hybrid-economized cooling (region_cooling_profiles base), T-dependent PUE"
SE,14,2022-08-01T14:00:00Z,15.513,0.02,1.12,hybrid_economized,False,"open-meteo archive + climate-driven hybrid-economized cooling (region_cooling_profiles base), T-dependent PUE"
SE,15,2022-08-01T15:00:00Z,15.633,0.02,1.12,hybrid_economized,False,"open-meteo archive + climate-driven hybrid-economized cooling (region_cooling_profiles base), T-dependent PUE"
SE,16,2022-08-01T16:00:00Z,15.417,0.02,1.12,hybrid_economized,False,"open-meteo archive + climate-driven hybrid-economized cooling (region_cooling_profiles base), T-dependent PUE"
SE,17,2022-08-01T17:00:00Z,15.558,0.02,1.12,hybrid_economized,False,"open-meteo archive + climate-driven hybrid-economized cooling (region_cooling_profiles base), T-dependent PUE"
SE,18,2022-08-01T18:00:00Z,15.367,0.02,1.12,hybrid_economized,False,"open-meteo archive + climate-driven hybrid-economized cooling (region_cooling_profiles base), T-dependent PUE"
SE,19,2022-08-01T19:00:00Z,15.043,0.02,1.12,hybrid_economized,False,"open-meteo archive + climate-driven hybrid-economized cooling (region_cooling_profiles base), T-dependent PUE"
SE,20,2022-08-01T20:00:00Z,14.876,0.02,1.12,hybrid_economized,False,"open-meteo archive + climate-driven hybrid-economized cooling (region_cooling_profiles base), T-dependent PUE"
SE,21,2022-08-01T21:00:00Z,14.663,0.02,1.12,hybrid_economized,False,"open-meteo archive + climate-driven hybrid-economized cooling (region_cooling_profiles base), T-dependent PUE"
SE,22,2022-08-01T22:00:00Z,14.564,0.02,1.12,hybrid_economized,False,"open-meteo archive + climate-driven hybrid-economized cooling (region_cooling_profiles base), T-dependent PUE"
SE,23,2022-08-01T23:00:00Z,14.253,0.02,1.12,hybrid_economized,False,"open-meteo archive + climate-driven hybrid-economized cooling (region_cooling_profiles base), T-dependent PUE"
SE,24,2022-08-02T00:00:00Z,14.465,0.02,1.12,hybrid_economized,False,"open-meteo archive + climate-driven hybrid-economized cooling (region_cooling_profiles base), T-dependent PUE"
SE,25,2022-08-02T01:00:00Z,14.239,0.02,1.12,hybrid_economized,False,"open-meteo archive + climate-driven hybrid-economized cooling (region_cooling_profiles base), T-dependent PUE"
SE,26,2022-08-02T02:00:00Z,13.719,0.02,1.12,hybrid_economized,False,"open-meteo archive + climate-driven hybrid-economized cooling (region_cooling_profiles base), T-dependent PUE"
SE,27,2022-08-02T03:00:00Z,13.831,0.02,1.12,hybrid_economized,False,"open-meteo archive + climate-driven hybrid-economized cooling (region_cooling_profiles base), T-dependent PUE"
SE,28,2022-08-02T04:00:00Z,13.885,0.02,1.12,hybrid_economized,False,"open-meteo archive + climate-driven hybrid-economized cooling (region_cooling_profiles base), T-dependent PUE"
SE,29,2022-08-02T05:00:00Z,13.9,0.02,1.12,hybrid_economized,False,"open-meteo archive + climate-driven hybrid-economized cooling (region_cooling_profiles base), T-dependent PUE"
SE,30,2022-08-02T06:00:00Z,13.723,0.02,1.12,hybrid_economized,False,"open-meteo archive + climate-driven hybrid-economized cooling (region_cooling_profiles base), T-dependent PUE"
SE,31,2022-08-02T07:00:00Z,13.497,0.02,1.12,hybrid_economized,False,"open-meteo archive + climate-driven hybrid-economized cooling (region_cooling_profiles base), T-dependent PUE"
SE,32,2022-08-02T08:00:00Z,13.368,0.02,1.12,hybrid_economized,False,"open-meteo archive + climate-driven hybrid-economized cooling (region_cooling_profiles base), T-dependent PUE"
SE,33,2022-08-02T09:00:00Z,14.161,0.02,1.12,hybrid_economized,False,"open-meteo archive + climate-driven hybrid-economized cooling (region_cooling_profiles base), T-dependent PUE"
SE,34,2022-08-02T10:00:00Z,14.321,0.02,1.12,hybrid_economized,False,"open-meteo archive + climate-driven hybrid-economized cooling (region_cooling_profiles base), T-dependent PUE"
SE,35,2022-08-02T11:00:00Z,14.279,0.02,1.12,hybrid_economized,False,"open-meteo archive + climate-driven hybrid-economized cooling (region_cooling_profiles base), T-dependent PUE"
SE,36,2022-08-02T12:00:00Z,13.885,0.02,1.12,hybrid_economized,False,"open-meteo archive + climate-driven hybrid-economized cooling (region_cooling_profiles base), T-dependent PUE"
SE,37,2022-08-02T13:00:00Z,14.015,0.02,1.12,hybrid_economized,False,"open-meteo archive + climate-driven hybrid-economized cooling (region_cooling_profiles base), T-dependent PUE"
SE,38,2022-08-02T14:00:00Z,14.089,0.02,1.12,hybrid_economized,False,"open-meteo archive + climate-driven hybrid-economized cooling (region_cooling_profiles base), T-dependent PUE"
SE,39,2022-08-02T15:00:00Z,13.695,0.02,1.12,hybrid_economized,False,"open-meteo archive + climate-driven hybrid-economized cooling (region_cooling_profiles base), T-dependent PUE"
SE,40,2022-08-02T16:00:00Z,12.522,0.02,1.12,hybrid_economized,False,"open-meteo archive + climate-driven hybrid-economized cooling (region_cooling_profiles base), T-dependent PUE"
SE,41,2022-08-02T17:00:00Z,11.685,0.02,1.12,hybrid_economized,False,"open-meteo archive + climate-driven hybrid-economized cooling (region_cooling_profiles base), T-dependent PUE"
SE,42,2022-08-02T18:00:00Z,11.303,0.02,1.12,hybrid_economized,False,"open-meteo archive + climate-driven hybrid-economized cooling (region_cooling_profiles base), T-dependent PUE"
SE,43,2022-08-02T19:00:00Z,10.978,0.02,1.12,hybrid_economized,False,"open-meteo archive + climate-driven hybrid-economized cooling (region_cooling_profiles base), T-dependent PUE"
SE,44,2022-08-02T20:00:00Z,10.594,0.02,1.12,hybrid_economized,False,"open-meteo archive + climate-driven hybrid-economized cooling (region_cooling_profiles base), T-dependent PUE"
SE,45,2022-08-02T21:00:00Z,10.645,0.02,1.12,hybrid_economized,False,"open-meteo archive + climate-driven hybrid-economized cooling (region_cooling_profiles base), T-dependent PUE"
SE,46,2022-08-02T22:00:00Z,10.676,0.02,1.12,hybrid_economized,False,"open-meteo archive + climate-driven hybrid-economized cooling (region_cooling_profiles base), T-dependent PUE"
SE,47,2022-08-02T23:00:00Z,10.531,0.02,1.12,hybrid_economized,False,"open-meteo archive + climate-driven hybrid-economized cooling (region_cooling_profiles base), T-dependent PUE"
SE,48,2022-08-03T00:00:00Z,9.669,0.02,1.12,hybrid_economized,False,"open-meteo archive + climate-driven hybrid-economized cooling (region_cooling_profiles base), T-dependent PUE"
SE,49,2022-08-03T01:00:00Z,9.491,0.02,1.12,hybrid_economized,False,"open-meteo archive + climate-driven hybrid-economized cooling (region_cooling_profiles base), T-dependent PUE"
SE,50,2022-08-03T02:00:00Z,9.105,0.02,1.12,hybrid_economized,False,"open-meteo archive + climate-driven hybrid-economized cooling (region_cooling_profiles base), T-dependent PUE"
SE,51,2022-08-03T03:00:00Z,9.891,0.02,1.12,hybrid_economized,False,"open-meteo archive + climate-driven hybrid-economized cooling (region_cooling_profiles base), T-dependent PUE"
SE,52,2022-08-03T04:00:00Z,11.856,0.02,1.12,hybrid_economized,False,"open-meteo archive + climate-driven hybrid-economized cooling (region_cooling_profiles base), T-dependent PUE"
SE,53,2022-08-03T05:00:00Z,12.772,0.02,1.12,hybrid_economized,False,"open-meteo archive + climate-driven hybrid-economized cooling (region_cooling_profiles base), T-dependent PUE"
SE,54,2022-08-03T06:00:00Z,13.61,0.02,1.12,hybrid_economized,False,"open-meteo archive + climate-driven hybrid-economized cooling (region_cooling_profiles base), T-dependent PUE"
SE,55,2022-08-03T07:00:00Z,13.411,0.02,1.12,hybrid_economized,False,"open-meteo archive + climate-driven hybrid-economized cooling (region_cooling_profiles base), T-dependent PUE"
SE,56,2022-08-03T08:00:00Z,13.495,0.02,1.12,hybrid_economized,False,"open-meteo archive + climate-driven hybrid-economized cooling (region_cooling_profiles base), T-dependent PUE"
SE,57,2022-08-03T09:00:00Z,13.982,0.02,1.12,hybrid_economized,False,"open-meteo archive + climate-driven hybrid-economized cooling (region_cooling_profiles base), T-dependent PUE"
SE,58,2022-08-03T10:00:00Z,14.38,0.02,1.12,hybrid_economized,False,"open-meteo archive + climate-driven hybrid-economized cooling (region_cooling_profiles base), T-dependent PUE"
SE,59,2022-08-03T11:00:00Z,14.437,0.02,1.12,hybrid_economized,False,"open-meteo archive + climate-driven hybrid-economized cooling (region_cooling_profiles base), T-dependent PUE"
SE,60,2022-08-03T12:00:00Z,14.457,0.02,1.12,hybrid_economized,False,"open-meteo archive + climate-driven hybrid-economized cooling (region_cooling_profiles base), T-dependent PUE"
SE,61,2022-08-03T13:00:00Z,14.573,0.02,1.12,hybrid_economized,False,"open-meteo archive + climate-driven hybrid-economized cooling (region_cooling_profiles base), T-dependent PUE"
SE,62,2022-08-03T14:00:00Z,14.841,0.02,1.12,hybrid_economized,False,"open-meteo archive + climate-driven hybrid-economized cooling (region_cooling_profiles base), T-dependent PUE"
SE,63,2022-08-03T15:00:00Z,15.037,0.02,1.12,hybrid_economized,False,"open-meteo archive + climate-driven hybrid-economized cooling (region_cooling_profiles base), T-dependent PUE"
SE,64,2022-08-03T16:00:00Z,15.055,0.02,1.12,hybrid_economized,False,"open-meteo archive + climate-driven hybrid-economized cooling (region_cooling_profiles base), T-dependent PUE"
SE,65,2022-08-03T17:00:00Z,15.25,0.02,1.12,hybrid_economized,False,"open-meteo archive + climate-driven hybrid-economized cooling (region_cooling_profiles base), T-dependent PUE"
SE,66,2022-08-03T18:00:00Z,15.207,0.02,1.12,hybrid_economized,False,"open-meteo archive + climate-driven hybrid-economized cooling (region_cooling_profiles base), T-dependent PUE"
SE,67,2022-08-03T19:00:00Z,15.322,0.02,1.12,hybrid_economized,False,"open-meteo archive + climate-driven hybrid-economized cooling (region_cooling_profiles base), T-dependent PUE"
SE,68,2022-08-03T20:00:00Z,15.356,0.02,1.12,hybrid_economized,False,"open-meteo archive + climate-driven hybrid-economized cooling (region_cooling_profiles base), T-dependent PUE"
SE,69,2022-08-03T21:00:00Z,15.472,0.02,1.12,hybrid_economized,False,"open-meteo archive + climate-driven hybrid-economized cooling (region_cooling_profiles base), T-dependent PUE"
SE,70,2022-08-03T22:00:00Z,15.571,0.02,1.12,hybrid_economized,False,"open-meteo archive + climate-driven hybrid-economized cooling (region_cooling_profiles base), T-dependent PUE"
SE,71,2022-08-03T23:00:00Z,15.571,0.02,1.12,hybrid_economized,False,"open-meteo archive + climate-driven hybrid-economized cooling (region_cooling_profiles base), T-dependent PUE"
PL,0,2022-08-01T00:00:00Z,13.81,0.03,1.12,hybrid_economized,False,"open-meteo archive + climate-driven hybrid-economized cooling (region_cooling_profiles base), T-dependent PUE"
PL,1,2022-08-01T01:00:00Z,13.81,0.03,1.12,hybrid_economized,False,"open-meteo archive + climate-driven hybrid-economized cooling (region_cooling_profiles base), T-dependent PUE"
PL,2,2022-08-01T02:00:00Z,13.5,0.03,1.12,hybrid_economized,False,"open-meteo archive + climate-driven hybrid-economized cooling (region_cooling_profiles base), T-dependent PUE"
PL,3,2022-08-01T03:00:00Z,13.312,0.03,1.12,hybrid_economized,False,"open-meteo archive + climate-driven hybrid-economized cooling (region_cooling_profiles base), T-dependent PUE"
PL,4,2022-08-01T04:00:00Z,13.223,0.03,1.12,hybrid_economized,False,"open-meteo archive + climate-driven hybrid-economized cooling (region_cooling_profiles base), T-dependent PUE"
PL,5,2022-08-01T05:00:00Z,13.536,0.03,1.12,hybrid_economized,False,"open-meteo archive + climate-driven hybrid-economized cooling (region_cooling_profiles base), T-dependent PUE"
PL,6,2022-08-01T06:00:00Z,14.47,0.03,1.12,hybrid_economized,False,"open-meteo archive + climate-driven hybrid-economized cooling (region_cooling_profiles base), T-dependent PUE"
PL,7,2022-08-01T07:00:00Z,15.276,0.03,1.12,hybrid_economized,False,"open-meteo archive + climate-driven hybrid-economized cooling (region_cooling_profiles base), T-dependent PUE"
PL,8,2022-08-01T08:00:00Z,15.566,0.03,1.12,hybrid_economized,False,"open-meteo archive + climate-driven hybrid-economized cooling (region_cooling_profiles base), T-dependent PUE"
PL,9,2022-08-01T09:00:00Z,15.95,0.03,1.1362,hybrid_economized,False,"open-meteo archive + climate-driven hybrid-economized cooling (region_cooling_profiles base), T-dependent PUE"
PL,10,2022-08-01T10:00:00Z,16.121,0.03,1.156,hybrid_economized,False,"open-meteo archive + climate-driven hybrid-economized cooling (region_cooling_profiles base), T-dependent PUE"
PL,11,2022-08-01T11:00:00Z,16.396,0.03,1.1704,hybrid_economized,False,"open-meteo archive + climate-driven hybrid-economized cooling (region_cooling_profiles base), T-dependent PUE"
PL,12,2022-08-01T12:00:00Z,16.802,0.03,1.1758,hybrid_economized,False,"open-meteo archive + climate-driven hybrid-economized cooling (region_cooling_profiles base), T-dependent PUE"
PL,13,2022-08-01T13:00:00Z,17.265,0.03,1.1884,hybrid_economized,False,"open-meteo archive + climate-driven hybrid-economized cooling (region_cooling_profiles base), T-dependent PUE"
PL,14,2022-08-01T14:00:00Z,17.499,0.03,1.1902,hybrid_economized,False,"open-meteo archive + climate-driven hybrid-economized cooling (region_cooling_profiles base), T-dependent PUE"
PL,15,2022-08-01T15:00:00Z,17.499,0.03,1.1902,hybrid_economized,False,"open-meteo archive + climate-driven hybrid-economized cooling (region_cooling_profiles base), T-dependent PUE"
PL,16,2022-08-01T16:00:00Z,17.296,0.03,1.183,hybrid_economized,False,"open-meteo archive + climate-driven hybrid-economized cooling (region_cooling_profiles base), T-dependent PUE"
PL,17,2022-08-01T17:00:00Z,17.394,0.03,1.165,hybrid_economized,False,"open-meteo archive + climate-driven hybrid-economized cooling (region_cooling_profiles base), T-dependent PUE"
PL,18,2022-08-01T18:00:00Z,16.619,0.03,1.129,hybrid_economized,False,"open-meteo archive + climate-driven hybrid-economized cooling (region_cooling_profiles base), T-dependent PUE"
PL,19,2022-08-01T19:00:00Z,15.797,0.03,1.12,hybrid_economized,False,"open-meteo archive + climate-driven hybrid-economized cooling (region_cooling_profiles base), T-dependent PUE"
PL,20,2022-08-01T20:00:00Z,15.482,0.03,1.12,hybrid_economized,False,"open-meteo archive + climate-driven hybrid-economized cooling (region_cooling_profiles base), T-dependent PUE"
PL,21,2022-08-01T21:00:00Z,15.25,0.03,1.12,hybrid_economized,False,"open-meteo archive + climate-driven hybrid-economized cooling (region_cooling_profiles base), T-dependent PUE"
PL,22,2022-08-01T22:00:00Z,15.212,0.03,1.12,hybrid_economized,False,"open-meteo archive + climate-driven hybrid-economized cooling (region_cooling_profiles base), T-dependent PUE"
PL,23,2022-08-01T23:00:00Z,15.503,0.03,1.12,hybrid_economized,False,"open-meteo archive + climate-driven hybrid-economized cooling (region_cooling_profiles base), T-dependent PUE"
PL,24,2022-08-02T00:00:00Z,14.549,0.03,1.12,hybrid_economized,False,"open-meteo archive + climate-driven hybrid-economized cooling (region_cooling_profiles base), T-dependent PUE"
PL,25,2022-08-02T01:00:00Z,13.971,0.03,1.12,hybrid_economized,False,"open-meteo archive + climate-driven hybrid-economized cooling (region_cooling_profiles base), T-dependent PUE"
PL,26,2022-08-02T02:00:00Z,14.617,0.03,1.12,hybrid_economized,False,"open-meteo archive + climate-driven hybrid-economized cooling (region_cooling_profiles base), T-dependent PUE"
PL,27,2022-08-02T03:00:00Z,13.722,0.03,1.12,hybrid_economized,False,"open-meteo archive + climate-driven hybrid-economized cooling (region_cooling_profiles base), T-dependent PUE"
PL,28,2022-08-02T04:00:00Z,14.579,0.03,1.12,hybrid_economized,False,"open-meteo archive + climate-driven hybrid-economized cooling (region_cooling_profiles base), T-dependent PUE"
PL,29,2022-08-02T05:00:00Z,15.426,0.03,1.12,hybrid_economized,False,"open-meteo archive + climate-driven hybrid-economized cooling (region_cooling_profiles base), T-dependent PUE"
PL,30,2022-08-02T06:00:00Z,16.367,0.03,1.12,hybrid_economized,False,"open-meteo archive + climate-driven hybrid-economized cooling (region_cooling_profiles base), T-dependent PUE"
PL,31,2022-08-02T07:00:00Z,17.083,0.03,1.138,hybrid_economized,False,"open-meteo archive + climate-driven hybrid-economized cooling (region_cooling_profiles base), T-dependent PUE"
PL,32,2022-08-02T08:00:00Z,17.346,0.03,1.1668,hybrid_economized,False,"open-meteo archive + climate-driven hybrid-economized cooling (region_cooling_profiles base), T-dependent PUE"
PL,33,2022-08-02T09:00:00Z,17.647,0.03,1.1902,hybrid_economized,False,"open-meteo archive + climate-driven hybrid-economized cooling (region_cooling_profiles base), T-dependent PUE"
PL,34,2022-08-02T10:00:00Z,17.826,0.03,1.2064,hybrid_economized,False,"open-meteo archive + climate-driven hybrid-economized cooling (region_cooling_profiles base), T-dependent PUE"
PL,35,2022-08-02T11:00:00Z,17.843,0.03,1.21,hybrid_economized,False,"open-meteo archive + climate-driven hybrid-economized cooling (region_cooling_profiles base), T-dependent PUE"
PL,36,2022-08-02T12:00:00Z,18.111,0.6083,1.153,hybrid_economized,True,"open-meteo archive + climate-driven hybrid-economized cooling (region_cooling_profiles base), T-dependent PUE"
PL,37,2022-08-02T13:00:00Z,18.367,0.6093,1.1548,hybrid_economized,True,"open-meteo archive + climate-driven hybrid-economized cooling (region_cooling_profiles base), T-dependent PUE"
PL,38,2022-08-02T14:00:00Z,18.036,0.608,1.1536,hybrid_economized,True,"open-meteo archive + climate-driven hybrid-economized cooling (region_cooling_profiles base), T-dependent PUE"
PL,39,2022-08-02T15:00:00Z,18.205,0.6087,1.1548,hybrid_economized,True,"open-meteo archive + climate-driven hybrid-economized cooling (region_cooling_profiles base), T-dependent PUE"
PL,40,2022-08-02T16:00:00Z,18.17,0.6086,1.1512,hybrid_economized,True,"open-meteo archive + climate-driven hybrid-economized cooling (region_cooling_profiles base), T-dependent PUE"
PL,41,2022-08-02T17:00:00Z,18.282,0.609,1.1428,hybrid_economized,True,"open-meteo archive + climate-driven hybrid-economized cooling (region_cooling_profiles base), T-dependent PUE"
PL,42,2022-08-02T18:00:00Z,17.64,0.03,1.1488,hybrid_economized,False,"open-meteo archive + climate-driven hybrid-economized cooling (region_cooling_profiles base), T-dependent PUE"
PL,43,2022-08-02T19:00:00Z,17.061,0.03,1.12,hybrid_economized,False,"open-meteo archive + climate-driven hybrid-economized cooling (region_cooling_profiles base), T-dependent PUE"
PL,44,2022-08-02T20:00:00Z,16.426,0.03,1.12,hybrid_economized,False,"open-meteo archive + climate-driven hybrid-economized cooling (region_cooling_profiles base), T-dependent PUE"
PL,45,2022-08-02T21:00:00Z,16.226,0.03,1.12,hybrid_economized,False,"open-meteo archive + climate-driven hybrid-economized cooling (region_cooling_profiles base), T-dependent PUE"
PL,46,2022-08-02T22:00:00Z,16.612,0.03,1.12,hybrid_economized,False,"open-meteo archive + climate-driven hybrid-economized cooling (region_cooling_profiles base), T-dependent PUE"
PL,47,2022-08-02T23:00:00Z,16.031,0.03,1.12,hybrid_economized,False,"open-meteo archive + climate-driven hybrid-economized cooling (region_cooling_profiles base), T-dependent PUE"
PL,48,2022-08-03T00:00:00Z,16.265,0.03,1.12,hybrid_economized,False,"open-meteo archive + climate-driven hybrid-economized cooling (region_cooling_profiles base), T-dependent PUE"
PL,49,2022-08-03T01:00:00Z,15.19,0.03,1.12,hybrid_economized,False,"open-meteo archive + climate-driven hybrid-economized cooling (region_cooling_profiles base), T-dependent PUE"
PL,50,2022-08-03T02:00:00Z,14.621,0.03,1.12,hybrid_economized,False,"open-meteo archive + climate-driven hybrid-economized cooling (region_cooling_profiles base), T-dependent PUE"
PL,51,2022-08-03T03:00:00Z,14.258,0.03,1.12,hybrid_economized,False,"open-meteo archive + climate-driven hybrid-economized cooling (region_cooling_profiles base), T-dependent PUE"
PL,52,2022-08-03T04:00:00Z,15.464,0.03,1.12,hybrid_economized,False,"open-meteo archive + climate-driven hybrid-economized cooling (region_cooling_profiles base), T-dependent PUE"
PL,53,2022-08-03T05:00:00Z,16.761,0.03,1.12,hybrid_economized,False,"open-meteo archive + climate-driven hybrid-economized cooling (region_cooling_profiles base), T-dependent PUE"
PL,54,2022-08-03T06:00:00Z,17.929,0.03,1.12,hybrid_economized,False,"open-meteo archive + climate-driven hybrid-economized cooling (region_cooling_profiles base), T-dependent PUE"
PL,55,2022-08-03T07:00:00Z,18.74,0.6108,1.1308,hybrid_economized,True,"open-meteo archive + climate-driven hybrid-economized cooling (region_cooling_profiles base), T-dependent PUE"
PL,56,2022-08-03T08:00:00Z,19.174,0.6124,1.1404,hybrid_economized,True,"open-meteo archive + climate-driven hybrid-economized cooling (region_cooling_profiles base), T-dependent PUE"
PL,57,2022-08-03T09:00:00Z,18.694,0.6106,1.1446,hybrid_economized,True,"open-meteo archive + climate-driven hybrid-economized cooling (region_cooling_profiles base), T-dependent PUE"
PL,58,2022-08-03T10:00:00Z,18.653,0.6105,1.1524,hybrid_economized,True,"open-meteo archive + climate-driven hybrid-economized cooling (region_cooling_profiles base), T-dependent PUE"
PL,59,2022-08-03T11:00:00Z,18.622,0.6103,1.1566,hybrid_economized,True,"open-meteo archive + climate-driven hybrid-economized cooling (region_cooling_profiles base), T-dependent PUE"
PL,60,2022-08-03T12:00:00Z,17.929,0.6076,1.1614,hybrid_economized,True,"open-meteo archive + climate-driven hybrid-economized cooling (region_cooling_profiles base), T-dependent PUE"
PL,61,2022-08-03T13:00:00Z,18.234,0.6088,1.165,hybrid_economized,True,"open-meteo archive + climate-driven hybrid-economized cooling (region_cooling_profiles base), T-dependent PUE"
PL,62,2022-08-03T14:00:00Z,18.129,0.6084,1.1656,hybrid_economized,True,"open-meteo archive + climate-driven hybrid-economized cooling (region_cooling_profiles base), T-dependent PUE"
PL,63,2022-08-03T15:00:00Z,18.072,0.6082,1.1638,hybrid_economized,True,"open-meteo archive + climate-driven hybrid-economized cooling (region_cooling_profiles base), T-dependent PUE"
PL,64,2022-08-03T16:00:00Z,17.697,0.6066,1.1584,hybrid_economized,True,"open-meteo archive + climate-driven hybrid-economized cooling (region_cooling_profiles base), T-dependent PUE"
PL,65,2022-08-03T17:00:00Z,19.177,0.6124,1.1488,hybrid_economized,True,"open-meteo archive + climate-driven hybrid-economized cooling (region_cooling_profiles base), T-dependent PUE"
PL,66,2022-08-03T18:00:00Z,17.123,0.03,1.1596,hybrid_economized,False,"open-meteo archive + climate-driven hybrid-economized cooling (region_cooling_profiles base), T-dependent PUE"
PL,67,2022-08-03T19:00:00Z,16.221,0.03,1.1416,hybrid_economized,False,"open-meteo archive + climate-driven hybrid-economized cooling (region_cooling_profiles base), T-dependent PUE"
PL,68,2022-08-03T20:00:00Z,15.775,0.03,1.12,hybrid_economized,False,"open-meteo archive + climate-driven hybrid-economized cooling (region_cooling_profiles base), T-dependent PUE"
PL,69,2022-08-03T21:00:00Z,15.533,0.03,1.12,hybrid_economized,False,"open-meteo archive + climate-driven hybrid-economized cooling (region_cooling_profiles base), T-dependent PUE"
PL,70,2022-08-03T22:00:00Z,15.565,0.03,1.12,hybrid_economized,False,"open-meteo archive + climate-driven hybrid-economized cooling (region_cooling_profiles base), T-dependent PUE"
PL,71,2022-08-03T23:00:00Z,15.866,0.03,1.12,hybrid_economized,False,"open-meteo archive + climate-driven hybrid-economized cooling (region_cooling_profiles base), T-dependent PUE"
