region,slot_index,utc_timestamp,opsd_region,load_mw,wind_solar_generation_mw,residual_load_mw,signal_model,source_dataset,source_url,notes
DE,0,2019-07-31T02:00:00Z,DE,45090.0,7836.0,37254.0,residual_load_lite_load_minus_wind_solar,"Open Power System Data time_series 2020-10-06, 60-minute singleindex",https://data.open-power-system-data.org/time_series/2020-10-06/time_series_60min_singleindex.csv,Run-of-river not subtracted because it is not consistently available in OPSD time_series_60min_singleindex.
FR,0,2019-07-31T02:00:00Z,FR,35503.0,3974.0,31529.0,residual_load_lite_load_minus_wind_solar,"Open Power System Data time_series 2020-10-06, 60-minute singleindex",https://data.open-power-system-data.org/time_series/2020-10-06/time_series_60min_singleindex.csv,Run-of-river not subtracted because it is not consistently available in OPSD time_series_60min_singleindex.
ES,0,2019-07-31T02:00:00Z,ES,23785.0,7184.0,16601.0,residual_load_lite_load_minus_wind_solar,"Open Power System Data time_series 2020-10-06, 60-minute singleindex",https://data.open-power-system-data.org/time_series/2020-10-06/time_series_60min_singleindex.csv,Run-of-river not subtracted because it is not consistently available in OPSD time_series_60min_singleindex.
IT-NO,0,2019-07-31T02:00:00Z,IT_NORD,16663.0,2.0,16661.0,residual_load_lite_load_minus_wind_solar,"Open Power System Data time_series 2020-10-06, 60-minute singleindex",https://data.open-power-system-data.org/time_series/2020-10-06/time_series_60min_singleindex.csv,Run-of-river not subtracted because it is not consistently available in OPSD time_series_60min_singleindex.
DE,1,2019-07-31T03:00:00Z,DE,48059.0,7478.0,40581.0,residual_load_lite_load_minus_wind_solar,"Open Power System Data time_series 2020-10-06, 60-minute singleindex",https://data.open-power-system-data.org/time_series/2020-10-06/time_series_60min_singleindex.csv,Run-of-river not subtracted because it is not consistently available in OPSD time_series_60min_singleindex.
FR,1,2019-07-31T03:00:00Z,FR,37017.0,3877.0,33140.0,residual_load_lite_load_minus_wind_solar,"Open Power System Data time_series 2020-10-06, 60-minute singleindex",https://data.open-power-system-data.org/time_series/2020-10-06/time_series_60min_singleindex.csv,Run-of-river not subtracted because it is not consistently available in OPSD time_series_60min_singleindex.
ES,1,2019-07-31T03:00:00Z,ES,24068.0,6771.0,17297.0,residual_load_lite_load_minus_wind_solar,"Open Power System Data time_series 2020-10-06, 60-minute singleindex",https://data.open-power-system-data.org/time_series/2020-10-06/time_series_60min_singleindex.csv,Run-of-river not subtracted because it is not consistently available in OPSD time_series_60min_singleindex.
IT-NO,1,2019-07-31T03:00:00Z,IT_NORD,17359.0,4.0,17355.0,residual_load_lite_load_minus_wind_solar,"Open Power System Data time_series 2020-10-06, 60-minute singleindex",https://data.open-power-system-data.org/time_series/2020-10-06/time_series_60min_singleindex.csv,Run-of-river not subtracted because it is not consistently available in OPSD time_series_60min_singleindex.
DE,2,2019-07-31T04:00:00Z,DE,54771.0,8214.0,46557.0,residual_load_lite_load_minus_wind_solar,"Open Power System Data time_series 2020-10-06, 60-minute singleindex",https://data.open-power-system-data.org/time_series/2020-10-06/time_series_60min_singleindex.csv,Run-of-river not subtracted because it is not consistently available in OPSD time_series_60min_singleindex.
FR,2,2019-07-31T04:00:00Z,FR,39165.0,3790.0,35375.0,residual_load_lite_load_minus_wind_solar,"Open Power System Data time_series 2020-10-06, 60-minute singleindex",https://data.open-power-system-data.org/time_series/2020-10-06/time_series_60min_singleindex.csv,Run-of-river not subtracted because it is not consistently available in OPSD time_series_60min_singleindex.
ES,2,2019-07-31T04:00:00Z,ES,25743.0,6470.0,19273.0,residual_load_lite_load_minus_wind_solar,"Open Power System Data time_series 2020-10-06, 60-minute singleindex",https://data.open-power-system-data.org/time_series/2020-10-06/time_series_60min_singleindex.csv,Run-of-river not subtracted because it is not consistently available in OPSD time_series_60min_singleindex.
IT-NO,2,2019-07-31T04:00:00Z,IT_NORD,19483.0,39.0,19444.0,residual_load_lite_load_minus_wind_solar,"Open Power System Data time_series 2020-10-06, 60-minute singleindex",https://data.open-power-system-data.org/time_series/2020-10-06/time_series_60min_singleindex.csv,Run-of-river not subtracted because it is not consistently available in OPSD time_series_60min_singleindex.
DE,3,2019-07-31T05:00:00Z,DE,60047.0,9571.0,50476.0,residual_load_lite_load_minus_wind_solar,"Open Power System Data time_series 2020-10-06, 60-minute singleindex",https://data.open-power-system-data.org/time_series/2020-10-06/time_series_60min_singleindex.csv,Run-of-river not subtracted because it is not consistently available in OPSD time_series_60min_singleindex.
FR,3,2019-07-31T05:00:00Z,FR,42137.0,3729.0,38408.0,residual_load_lite_load_minus_wind_solar,"Open Power System Data time_series 2020-10-06, 60-minute singleindex",https://data.open-power-system-data.org/time_series/2020-10-06/time_series_60min_singleindex.csv,Run-of-river not subtracted because it is not consistently available in OPSD time_series_60min_singleindex.
ES,3,2019-07-31T05:00:00Z,ES,27450.0,6302.0,21148.0,residual_load_lite_load_minus_wind_solar,"Open Power System Data time_series 2020-10-06, 60-minute singleindex",https://data.open-power-system-data.org/time_series/2020-10-06/time_series_60min_singleindex.csv,Run-of-river not subtracted because it is not consistently available in OPSD time_series_60min_singleindex.
IT-NO,3,2019-07-31T05:00:00Z,IT_NORD,22578.0,382.0,22196.0,residual_load_lite_load_minus_wind_solar,"Open Power System Data time_series 2020-10-06, 60-minute singleindex",https://data.open-power-system-data.org/time_series/2020-10-06/time_series_60min_singleindex.csv,Run-of-river not subtracted because it is not consistently available in OPSD time_series_60min_singleindex.
DE,4,2019-07-31T06:00:00Z,DE,63069.0,11772.0,51297.0,residual_load_lite_load_minus_wind_solar,"Open Power System Data time_series 2020-10-06, 60-minute singleindex",https://data.open-power-system-data.org/time_series/2020-10-06/time_series_60min_singleindex.csv,Run-of-river not subtracted because it is not consistently available in OPSD time_series_60min_singleindex.
FR,4,2019-07-31T06:00:00Z,FR,45243.0,4440.0,40803.0,residual_load_lite_load_minus_wind_solar,"Open Power System Data time_series 2020-10-06, 60-minute singleindex",https://data.open-power-system-data.org/time_series/2020-10-06/time_series_60min_singleindex.csv,Run-of-river not subtracted because it is not consistently available in OPSD time_series_60min_singleindex.
ES,4,2019-07-31T06:00:00Z,ES,29135.0,6429.0,22706.0,residual_load_lite_load_minus_wind_solar,"Open Power System Data time_series 2020-10-06, 60-minute singleindex",https://data.open-power-system-data.org/time_series/2020-10-06/time_series_60min_singleindex.csv,Run-of-river not subtracted because it is not consistently available in OPSD time_series_60min_singleindex.
IT-NO,4,2019-07-31T06:00:00Z,IT_NORD,25231.0,1072.0,24159.0,residual_load_lite_load_minus_wind_solar,"Open Power System Data time_series 2020-10-06, 60-minute singleindex",https://data.open-power-system-data.org/time_series/2020-10-06/time_series_60min_singleindex.csv,Run-of-river not subtracted because it is not consistently available in OPSD time_series_60min_singleindex.
DE,5,2019-07-31T07:00:00Z,DE,63966.0,14463.0,49503.0,residual_load_lite_load_minus_wind_solar,"Open Power System Data time_series 2020-10-06, 60-minute singleindex",https://data.open-power-system-data.org/time_series/2020-10-06/time_series_60min_singleindex.csv,Run-of-river not subtracted because it is not consistently available in OPSD time_series_60min_singleindex.
FR,5,2019-07-31T07:00:00Z,FR,47454.0,6114.0,41340.0,residual_load_lite_load_minus_wind_solar,"Open Power System Data time_series 2020-10-06, 60-minute singleindex",https://data.open-power-system-data.org/time_series/2020-10-06/time_series_60min_singleindex.csv,Run-of-river not subtracted because it is not consistently available in OPSD time_series_60min_singleindex.
ES,5,2019-07-31T07:00:00Z,ES,31120.0,7705.0,23415.0,residual_load_lite_load_minus_wind_solar,"Open Power System Data time_series 2020-10-06, 60-minute singleindex",https://data.open-power-system-data.org/time_series/2020-10-06/time_series_60min_singleindex.csv,Run-of-river not subtracted because it is not consistently available in OPSD time_series_60min_singleindex.
IT-NO,5,2019-07-31T07:00:00Z,IT_NORD,26433.0,1908.0,24525.0,residual_load_lite_load_minus_wind_solar,"Open Power System Data time_series 2020-10-06, 60-minute singleindex",https://data.open-power-system-data.org/time_series/2020-10-06/time_series_60min_singleindex.csv,Run-of-river not subtracted because it is not consistently available in OPSD time_series_60min_singleindex.
DE,6,2019-07-31T08:00:00Z,DE,65504.0,17974.0,47530.0,residual_load_lite_load_minus_wind_solar,"Open Power System Data time_series 2020-10-06, 60-minute singleindex",https://data.open-power-system-data.org/time_series/2020-10-06/time_series_60min_singleindex.csv,Run-of-river not subtracted because it is not consistently available in OPSD time_series_60min_singleindex.
FR,6,2019-07-31T08:00:00Z,FR,48858.0,7484.0,41374.0,residual_load_lite_load_minus_wind_solar,"Open Power System Data time_series 2020-10-06, 60-minute singleindex",https://data.open-power-system-data.org/time_series/2020-10-06/time_series_60min_singleindex.csv,Run-of-river not subtracted because it is not consistently available in OPSD time_series_60min_singleindex.
ES,6,2019-07-31T08:00:00Z,ES,32391.0,9129.0,23262.0,residual_load_lite_load_minus_wind_solar,"Open Power System Data time_series 2020-10-06, 60-minute singleindex",https://data.open-power-system-data.org/time_series/2020-10-06/time_series_60min_singleindex.csv,Run-of-river not subtracted because it is not consistently available in OPSD time_series_60min_singleindex.
IT-NO,6,2019-07-31T08:00:00Z,IT_NORD,26707.0,2614.0,24093.0,residual_load_lite_load_minus_wind_solar,"Open Power System Data time_series 2020-10-06, 60-minute singleindex",https://data.open-power-system-data.org/time_series/2020-10-06/time_series_60min_singleindex.csv,Run-of-river not subtracted because it is not consistently available in OPSD time_series_60min_singleindex.
DE,7,2019-07-31T09:00:00Z,DE,67714.0,20674.0,47040.0,residual_load_lite_load_minus_wind_solar,"Open Power System Data time_series 2020-10-06, 60-minute singleindex",https://data.open-power-system-data.org/time_series/2020-10-06/time_series_60min_singleindex.csv,Run-of-river not subtracted because it is not consistently available in OPSD time_series_60min_singleindex.
FR,7,2019-07-31T09:00:00Z,FR,49834.0,8278.0,41556.0,residual_load_lite_load_minus_wind_solar,"Open Power System Data time_series 2020-10-06, 60-minute singleindex",https://data.open-power-system-data.org/time_series/2020-10-06/time_series_60min_singleindex.csv,Run-of-river not subtracted because it is not consistently available in OPSD time_series_60min_singleindex.
ES,7,2019-07-31T09:00:00Z,ES,33119.0,9562.0,23557.0,residual_load_lite_load_minus_wind_solar,"Open Power System Data time_series 2020-10-06, 60-minute singleindex",https://data.open-power-system-data.org/time_series/2020-10-06/time_series_60min_singleindex.csv,Run-of-river not subtracted because it is not consistently available in OPSD time_series_60min_singleindex.
IT-NO,7,2019-07-31T09:00:00Z,IT_NORD,27039.0,3255.0,23784.0,residual_load_lite_load_minus_wind_solar,"Open Power System Data time_series 2020-10-06, 60-minute singleindex",https://data.open-power-system-data.org/time_series/2020-10-06/time_series_60min_singleindex.csv,Run-of-river not subtracted because it is not consistently available in OPSD time_series_60min_singleindex.
DE,8,2019-07-31T10:00:00Z,DE,66225.0,21459.0,44766.0,residual_load_lite_load_minus_wind_solar,"Open Power System Data time_series 2020-10-06, 60-minute singleindex",https://data.open-power-system-data.org/time_series/2020-10-06/time_series_60min_singleindex.csv,Run-of-river not subtracted because it is not consistently available in OPSD time_series_60min_singleindex.
FR,8,2019-07-31T10:00:00Z,FR,50603.0,8671.0,41932.0,residual_load_lite_load_minus_wind_solar,"Open Power System Data time_series 2020-10-06, 60-minute singleindex",https://data.open-power-system-data.org/time_series/2020-10-06/time_series_60min_singleindex.csv,Run-of-river not subtracted because it is not consistently available in OPSD time_series_60min_singleindex.
ES,8,2019-07-31T10:00:00Z,ES,33965.0,9775.0,24190.0,residual_load_lite_load_minus_wind_solar,"Open Power System Data time_series 2020-10-06, 60-minute singleindex",https://data.open-power-system-data.org/time_series/2020-10-06/time_series_60min_singleindex.csv,Run-of-river not subtracted because it is not consistently available in OPSD time_series_60min_singleindex.
IT-NO,8,2019-07-31T10:00:00Z,IT_NORD,25911.0,3505.0,22406.0,residual_load_lite_load_minus_wind_solar,"Open Power System Data time_series 2020-10-06, 60-minute singleindex",https://data.open-power-system-data.org/time_series/2020-10-06/time_series_60min_singleindex.csv,Run-of-river not subtracted because it is not consistently available in OPSD time_series_60min_singleindex.
DE,9,2019-07-31T11:00:00Z,DE,64708.0,21800.0,42908.0,residual_load_lite_load_minus_wind_solar,"Open Power System Data time_series 2020-10-06, 60-minute singleindex",https://data.open-power-system-data.org/time_series/2020-10-06/time_series_60min_singleindex.csv,Run-of-river not subtracted because it is not consistently available in OPSD time_series_60min_singleindex.
FR,9,2019-07-31T11:00:00Z,FR,49780.0,8886.0,40894.0,residual_load_lite_load_minus_wind_solar,"Open Power System Data time_series 2020-10-06, 60-minute singleindex",https://data.open-power-system-data.org/time_series/2020-10-06/time_series_60min_singleindex.csv,Run-of-river not subtracted because it is not consistently available in OPSD time_series_60min_singleindex.
ES,9,2019-07-31T11:00:00Z,ES,34468.0,10067.0,24401.0,residual_load_lite_load_minus_wind_solar,"Open Power System Data time_series 2020-10-06, 60-minute singleindex",https://data.open-power-system-data.org/time_series/2020-10-06/time_series_60min_singleindex.csv,Run-of-river not subtracted because it is not consistently available in OPSD time_series_60min_singleindex.
IT-NO,9,2019-07-31T11:00:00Z,IT_NORD,26776.0,3869.0,22907.0,residual_load_lite_load_minus_wind_solar,"Open Power System Data time_series 2020-10-06, 60-minute singleindex",https://data.open-power-system-data.org/time_series/2020-10-06/time_series_60min_singleindex.csv,Run-of-river not subtracted because it is not consistently available in OPSD time_series_60min_singleindex.
DE,10,2019-07-31T12:00:00Z,DE,63348.0,22586.0,40762.0,residual_load_lite_load_minus_wind_solar,"Open Power System Data time_series 2020-10-06, 60-minute singleindex",https://data.open-power-system-data.org/time_series/2020-10-06/time_series_60min_singleindex.csv,Run-of-river not subtracted because it is not consistently available in OPSD time_series_60min_singleindex.
FR,10,2019-07-31T12:00:00Z,FR,49153.0,8987.0,40166.0,residual_load_lite_load_minus_wind_solar,"Open Power System Data time_series 2020-10-06, 60-minute singleindex",https://data.open-power-system-data.org/time_series/2020-10-06/time_series_60min_singleindex.csv,Run-of-river not subtracted because it is not consistently available in OPSD time_series_60min_singleindex.
ES,10,2019-07-31T12:00:00Z,ES,33854.0,10468.0,23386.0,residual_load_lite_load_minus_wind_solar,"Open Power System Data time_series 2020-10-06, 60-minute singleindex",https://data.open-power-system-data.org/time_series/2020-10-06/time_series_60min_singleindex.csv,Run-of-river not subtracted because it is not consistently available in OPSD time_series_60min_singleindex.
IT-NO,10,2019-07-31T12:00:00Z,IT_NORD,27613.0,3752.0,23861.0,residual_load_lite_load_minus_wind_solar,"Open Power System Data time_series 2020-10-06, 60-minute singleindex",https://data.open-power-system-data.org/time_series/2020-10-06/time_series_60min_singleindex.csv,Run-of-river not subtracted because it is not consistently available in OPSD time_series_60min_singleindex.
DE,11,2019-07-31T13:00:00Z,DE,63240.0,22425.0,40815.0,residual_load_lite_load_minus_wind_solar,"Open Power System Data time_series 2020-10-06, 60-minute singleindex",https://data.open-power-system-data.org/time_series/2020-10-06/time_series_60min_singleindex.csv,Run-of-river not subtracted because it is not consistently available in OPSD time_series_60min_singleindex.
FR,11,2019-07-31T13:00:00Z,FR,47863.0,8984.0,38879.0,residual_load_lite_load_minus_wind_solar,"Open Power System Data time_series 2020-10-06, 60-minute singleindex",https://data.open-power-system-data.org/time_series/2020-10-06/time_series_60min_singleindex.csv,Run-of-river not subtracted because it is not consistently available in OPSD time_series_60min_singleindex.
ES,11,2019-07-31T13:00:00Z,ES,33158.0,10314.0,22844.0,residual_load_lite_load_minus_wind_solar,"Open Power System Data time_series 2020-10-06, 60-minute singleindex",https://data.open-power-system-data.org/time_series/2020-10-06/time_series_60min_singleindex.csv,Run-of-river not subtracted because it is not consistently available in OPSD time_series_60min_singleindex.
IT-NO,11,2019-07-31T13:00:00Z,IT_NORD,27894.0,3317.0,24577.0,residual_load_lite_load_minus_wind_solar,"Open Power System Data time_series 2020-10-06, 60-minute singleindex",https://data.open-power-system-data.org/time_series/2020-10-06/time_series_60min_singleindex.csv,Run-of-river not subtracted because it is not consistently available in OPSD time_series_60min_singleindex.
DE,12,2019-07-31T14:00:00Z,DE,62471.0,20453.0,42018.0,residual_load_lite_load_minus_wind_solar,"Open Power System Data time_series 2020-10-06, 60-minute singleindex",https://data.open-power-system-data.org/time_series/2020-10-06/time_series_60min_singleindex.csv,Run-of-river not subtracted because it is not consistently available in OPSD time_series_60min_singleindex.
FR,12,2019-07-31T14:00:00Z,FR,46848.0,8256.0,38592.0,residual_load_lite_load_minus_wind_solar,"Open Power System Data time_series 2020-10-06, 60-minute singleindex",https://data.open-power-system-data.org/time_series/2020-10-06/time_series_60min_singleindex.csv,Run-of-river not subtracted because it is not consistently available in OPSD time_series_60min_singleindex.
ES,12,2019-07-31T14:00:00Z,ES,33135.0,10236.0,22899.0,residual_load_lite_load_minus_wind_solar,"Open Power System Data time_series 2020-10-06, 60-minute singleindex",https://data.open-power-system-data.org/time_series/2020-10-06/time_series_60min_singleindex.csv,Run-of-river not subtracted because it is not consistently available in OPSD time_series_60min_singleindex.
IT-NO,12,2019-07-31T14:00:00Z,IT_NORD,27445.0,2581.0,24864.0,residual_load_lite_load_minus_wind_solar,"Open Power System Data time_series 2020-10-06, 60-minute singleindex",https://data.open-power-system-data.org/time_series/2020-10-06/time_series_60min_singleindex.csv,Run-of-river not subtracted because it is not consistently available in OPSD time_series_60min_singleindex.
DE,13,2019-07-31T15:00:00Z,DE,61462.0,16821.0,44641.0,residual_load_lite_load_minus_wind_solar,"Open Power System Data time_series 2020-10-06, 60-minute singleindex",https://data.open-power-system-data.org/time_series/2020-10-06/time_series_60min_singleindex.csv,Run-of-river not subtracted because it is not consistently available in OPSD time_series_60min_singleindex.
FR,13,2019-07-31T15:00:00Z,FR,46243.0,6878.0,39365.0,residual_load_lite_load_minus_wind_solar,"Open Power System Data time_series 2020-10-06, 60-minute singleindex",https://data.open-power-system-data.org/time_series/2020-10-06/time_series_60min_singleindex.csv,Run-of-river not subtracted because it is not consistently available in OPSD time_series_60min_singleindex.
ES,13,2019-07-31T15:00:00Z,ES,33024.0,9827.0,23197.0,residual_load_lite_load_minus_wind_solar,"Open Power System Data time_series 2020-10-06, 60-minute singleindex",https://data.open-power-system-data.org/time_series/2020-10-06/time_series_60min_singleindex.csv,Run-of-river not subtracted because it is not consistently available in OPSD time_series_60min_singleindex.
IT-NO,13,2019-07-31T15:00:00Z,IT_NORD,26063.0,1651.0,24412.0,residual_load_lite_load_minus_wind_solar,"Open Power System Data time_series 2020-10-06, 60-minute singleindex",https://data.open-power-system-data.org/time_series/2020-10-06/time_series_60min_singleindex.csv,Run-of-river not subtracted because it is not consistently available in OPSD time_series_60min_singleindex.
DE,14,2019-07-31T16:00:00Z,DE,60968.0,13073.0,47895.0,residual_load_lite_load_minus_wind_solar,"Open Power System Data time_series 2020-10-06, 60-minute singleindex",https://data.open-power-system-data.org/time_series/2020-10-06/time_series_60min_singleindex.csv,Run-of-river not subtracted because it is not consistently available in OPSD time_series_60min_singleindex.
FR,14,2019-07-31T16:00:00Z,FR,46707.0,5180.0,41527.0,residual_load_lite_load_minus_wind_solar,"Open Power System Data time_series 2020-10-06, 60-minute singleindex",https://data.open-power-system-data.org/time_series/2020-10-06/time_series_60min_singleindex.csv,Run-of-river not subtracted because it is not consistently available in OPSD time_series_60min_singleindex.
ES,14,2019-07-31T16:00:00Z,ES,32611.0,9804.0,22807.0,residual_load_lite_load_minus_wind_solar,"Open Power System Data time_series 2020-10-06, 60-minute singleindex",https://data.open-power-system-data.org/time_series/2020-10-06/time_series_60min_singleindex.csv,Run-of-river not subtracted because it is not consistently available in OPSD time_series_60min_singleindex.
IT-NO,14,2019-07-31T16:00:00Z,IT_NORD,25142.0,918.0,24224.0,residual_load_lite_load_minus_wind_solar,"Open Power System Data time_series 2020-10-06, 60-minute singleindex",https://data.open-power-system-data.org/time_series/2020-10-06/time_series_60min_singleindex.csv,Run-of-river not subtracted because it is not consistently available in OPSD time_series_60min_singleindex.
DE,15,2019-07-31T17:00:00Z,DE,59779.0,9480.0,50299.0,residual_load_lite_load_minus_wind_solar,"Open Power System Data time_series 2020-10-06, 60-minute singleindex",https://data.open-power-system-data.org/time_series/2020-10-06/time_series_60min_singleindex.csv,Run-of-river not subtracted because it is not consistently available in OPSD time_series_60min_singleindex.
FR,15,2019-07-31T17:00:00Z,FR,47098.0,3412.0,43686.0,residual_load_lite_load_minus_wind_solar,"Open Power System Data time_series 2020-10-06, 60-minute singleindex",https://data.open-power-system-data.org/time_series/2020-10-06/time_series_60min_singleindex.csv,Run-of-river not subtracted because it is not consistently available in OPSD time_series_60min_singleindex.
ES,15,2019-07-31T17:00:00Z,ES,32119.0,9265.0,22854.0,residual_load_lite_load_minus_wind_solar,"Open Power System Data time_series 2020-10-06, 60-minute singleindex",https://data.open-power-system-data.org/time_series/2020-10-06/time_series_60min_singleindex.csv,Run-of-river not subtracted because it is not consistently available in OPSD time_series_60min_singleindex.
IT-NO,15,2019-07-31T17:00:00Z,IT_NORD,24780.0,301.0,24479.0,residual_load_lite_load_minus_wind_solar,"Open Power System Data time_series 2020-10-06, 60-minute singleindex",https://data.open-power-system-data.org/time_series/2020-10-06/time_series_60min_singleindex.csv,Run-of-river not subtracted because it is not consistently available in OPSD time_series_60min_singleindex.
DE,16,2019-07-31T18:00:00Z,DE,57261.0,5607.0,51654.0,residual_load_lite_load_minus_wind_solar,"Open Power System Data time_series 2020-10-06, 60-minute singleindex",https://data.open-power-system-data.org/time_series/2020-10-06/time_series_60min_singleindex.csv,Run-of-river not subtracted because it is not consistently available in OPSD time_series_60min_singleindex.
FR,16,2019-07-31T18:00:00Z,FR,45110.0,2075.0,43035.0,residual_load_lite_load_minus_wind_solar,"Open Power System Data time_series 2020-10-06, 60-minute singleindex",https://data.open-power-system-data.org/time_series/2020-10-06/time_series_60min_singleindex.csv,Run-of-river not subtracted because it is not consistently available in OPSD time_series_60min_singleindex.
ES,16,2019-07-31T18:00:00Z,ES,31559.0,8311.0,23248.0,residual_load_lite_load_minus_wind_solar,"Open Power System Data time_series 2020-10-06, 60-minute singleindex",https://data.open-power-system-data.org/time_series/2020-10-06/time_series_60min_singleindex.csv,Run-of-river not subtracted because it is not consistently available in OPSD time_series_60min_singleindex.
IT-NO,16,2019-07-31T18:00:00Z,IT_NORD,24122.0,25.0,24097.0,residual_load_lite_load_minus_wind_solar,"Open Power System Data time_series 2020-10-06, 60-minute singleindex",https://data.open-power-system-data.org/time_series/2020-10-06/time_series_60min_singleindex.csv,Run-of-river not subtracted because it is not consistently available in OPSD time_series_60min_singleindex.
DE,17,2019-07-31T19:00:00Z,DE,55250.0,3555.0,51695.0,residual_load_lite_load_minus_wind_solar,"Open Power System Data time_series 2020-10-06, 60-minute singleindex",https://data.open-power-system-data.org/time_series/2020-10-06/time_series_60min_singleindex.csv,Run-of-river not subtracted because it is not consistently available in OPSD time_series_60min_singleindex.
FR,17,2019-07-31T19:00:00Z,FR,44513.0,1526.0,42987.0,residual_load_lite_load_minus_wind_solar,"Open Power System Data time_series 2020-10-06, 60-minute singleindex",https://data.open-power-system-data.org/time_series/2020-10-06/time_series_60min_singleindex.csv,Run-of-river not subtracted because it is not consistently available in OPSD time_series_60min_singleindex.
ES,17,2019-07-31T19:00:00Z,ES,31722.0,7812.0,23910.0,residual_load_lite_load_minus_wind_solar,"Open Power System Data time_series 2020-10-06, 60-minute singleindex",https://data.open-power-system-data.org/time_series/2020-10-06/time_series_60min_singleindex.csv,Run-of-river not subtracted because it is not consistently available in OPSD time_series_60min_singleindex.
IT-NO,17,2019-07-31T19:00:00Z,IT_NORD,23869.0,7.0,23862.0,residual_load_lite_load_minus_wind_solar,"Open Power System Data time_series 2020-10-06, 60-minute singleindex",https://data.open-power-system-data.org/time_series/2020-10-06/time_series_60min_singleindex.csv,Run-of-river not subtracted because it is not consistently available in OPSD time_series_60min_singleindex.
DE,18,2019-07-31T20:00:00Z,DE,52151.0,3209.0,48942.0,residual_load_lite_load_minus_wind_solar,"Open Power System Data time_series 2020-10-06, 60-minute singleindex",https://data.open-power-system-data.org/time_series/2020-10-06/time_series_60min_singleindex.csv,Run-of-river not subtracted because it is not consistently available in OPSD time_series_60min_singleindex.
FR,18,2019-07-31T20:00:00Z,FR,46310.0,1308.0,45002.0,residual_load_lite_load_minus_wind_solar,"Open Power System Data time_series 2020-10-06, 60-minute singleindex",https://data.open-power-system-data.org/time_series/2020-10-06/time_series_60min_singleindex.csv,Run-of-river not subtracted because it is not consistently available in OPSD time_series_60min_singleindex.
ES,18,2019-07-31T20:00:00Z,ES,30821.0,7550.0,23271.0,residual_load_lite_load_minus_wind_solar,"Open Power System Data time_series 2020-10-06, 60-minute singleindex",https://data.open-power-system-data.org/time_series/2020-10-06/time_series_60min_singleindex.csv,Run-of-river not subtracted because it is not consistently available in OPSD time_series_60min_singleindex.
IT-NO,18,2019-07-31T20:00:00Z,IT_NORD,21975.0,6.0,21969.0,residual_load_lite_load_minus_wind_solar,"Open Power System Data time_series 2020-10-06, 60-minute singleindex",https://data.open-power-system-data.org/time_series/2020-10-06/time_series_60min_singleindex.csv,Run-of-river not subtracted because it is not consistently available in OPSD time_series_60min_singleindex.
DE,19,2019-07-31T21:00:00Z,DE,48398.0,3548.0,44850.0,residual_load_lite_load_minus_wind_solar,"Open Power System Data time_series 2020-10-06, 60-minute singleindex",https://data.open-power-system-data.org/time_series/2020-10-06/time_series_60min_singleindex.csv,Run-of-river not subtracted because it is not consistently available in OPSD time_series_60min_singleindex.
FR,19,2019-07-31T21:00:00Z,FR,46505.0,1249.0,45256.0,residual_load_lite_load_minus_wind_solar,"Open Power System Data time_series 2020-10-06, 60-minute singleindex",https://data.open-power-system-data.org/time_series/2020-10-06/time_series_60min_singleindex.csv,Run-of-river not subtracted because it is not consistently available in OPSD time_series_60min_singleindex.
ES,19,2019-07-31T21:00:00Z,ES,28595.0,7141.0,21454.0,residual_load_lite_load_minus_wind_solar,"Open Power System Data time_series 2020-10-06, 60-minute singleindex",https://data.open-power-system-data.org/time_series/2020-10-06/time_series_60min_singleindex.csv,Run-of-river not subtracted because it is not consistently available in OPSD time_series_60min_singleindex.
IT-NO,19,2019-07-31T21:00:00Z,IT_NORD,20020.0,5.0,20015.0,residual_load_lite_load_minus_wind_solar,"Open Power System Data time_series 2020-10-06, 60-minute singleindex",https://data.open-power-system-data.org/time_series/2020-10-06/time_series_60min_singleindex.csv,Run-of-river not subtracted because it is not consistently available in OPSD time_series_60min_singleindex.
DE,20,2019-07-31T22:00:00Z,DE,45295.0,3761.0,41534.0,residual_load_lite_load_minus_wind_solar,"Open Power System Data time_series 2020-10-06, 60-minute singleindex",https://data.open-power-system-data.org/time_series/2020-10-06/time_series_60min_singleindex.csv,Run-of-river not subtracted because it is not consistently available in OPSD time_series_60min_singleindex.
FR,20,2019-07-31T22:00:00Z,FR,42467.0,1299.0,41168.0,residual_load_lite_load_minus_wind_solar,"Open Power System Data time_series 2020-10-06, 60-minute singleindex",https://data.open-power-system-data.org/time_series/2020-10-06/time_series_60min_singleindex.csv,Run-of-river not subtracted because it is not consistently available in OPSD time_series_60min_singleindex.
ES,20,2019-07-31T22:00:00Z,ES,27490.0,6635.0,20855.0,residual_load_lite_load_minus_wind_solar,"Open Power System Data time_series 2020-10-06, 60-minute singleindex",https://data.open-power-system-data.org/time_series/2020-10-06/time_series_60min_singleindex.csv,Run-of-river not subtracted because it is not consistently available in OPSD time_series_60min_singleindex.
IT-NO,20,2019-07-31T22:00:00Z,IT_NORD,19135.0,4.0,19131.0,residual_load_lite_load_minus_wind_solar,"Open Power System Data time_series 2020-10-06, 60-minute singleindex",https://data.open-power-system-data.org/time_series/2020-10-06/time_series_60min_singleindex.csv,Run-of-river not subtracted because it is not consistently available in OPSD time_series_60min_singleindex.
DE,21,2019-07-31T23:00:00Z,DE,43856.0,3990.0,39866.0,residual_load_lite_load_minus_wind_solar,"Open Power System Data time_series 2020-10-06, 60-minute singleindex",https://data.open-power-system-data.org/time_series/2020-10-06/time_series_60min_singleindex.csv,Run-of-river not subtracted because it is not consistently available in OPSD time_series_60min_singleindex.
FR,21,2019-07-31T23:00:00Z,FR,39745.0,1270.0,38475.0,residual_load_lite_load_minus_wind_solar,"Open Power System Data time_series 2020-10-06, 60-minute singleindex",https://data.open-power-system-data.org/time_series/2020-10-06/time_series_60min_singleindex.csv,Run-of-river not subtracted because it is not consistently available in OPSD time_series_60min_singleindex.
ES,21,2019-07-31T23:00:00Z,ES,26031.0,6462.0,19569.0,residual_load_lite_load_minus_wind_solar,"Open Power System Data time_series 2020-10-06, 60-minute singleindex",https://data.open-power-system-data.org/time_series/2020-10-06/time_series_60min_singleindex.csv,Run-of-river not subtracted because it is not consistently available in OPSD time_series_60min_singleindex.
IT-NO,21,2019-07-31T23:00:00Z,IT_NORD,17861.0,2.0,17859.0,residual_load_lite_load_minus_wind_solar,"Open Power System Data time_series 2020-10-06, 60-minute singleindex",https://data.open-power-system-data.org/time_series/2020-10-06/time_series_60min_singleindex.csv,Run-of-river not subtracted because it is not consistently available in OPSD time_series_60min_singleindex.
DE,22,2020-07-01T00:00:00Z,DE,41067.0,16799.0,24268.0,residual_load_lite_load_minus_wind_solar,"Open Power System Data time_series 2020-10-06, 60-minute singleindex",https://data.open-power-system-data.org/time_series/2020-10-06/time_series_60min_singleindex.csv,Run-of-river not subtracted because it is not consistently available in OPSD time_series_60min_singleindex.
FR,22,2020-07-01T00:00:00Z,FR,38297.0,3294.0,35003.0,residual_load_lite_load_minus_wind_solar,"Open Power System Data time_series 2020-10-06, 60-minute singleindex",https://data.open-power-system-data.org/time_series/2020-10-06/time_series_60min_singleindex.csv,Run-of-river not subtracted because it is not consistently available in OPSD time_series_60min_singleindex.
ES,22,2020-07-01T00:00:00Z,ES,24668.0,3345.0,21323.0,residual_load_lite_load_minus_wind_solar,"Open Power System Data time_series 2020-10-06, 60-minute singleindex",https://data.open-power-system-data.org/time_series/2020-10-06/time_series_60min_singleindex.csv,Run-of-river not subtracted because it is not consistently available in OPSD time_series_60min_singleindex.
IT-NO,22,2020-07-01T00:00:00Z,IT_NORD,16754.0,4.0,16750.0,residual_load_lite_load_minus_wind_solar,"Open Power System Data time_series 2020-10-06, 60-minute singleindex",https://data.open-power-system-data.org/time_series/2020-10-06/time_series_60min_singleindex.csv,Run-of-river not subtracted because it is not consistently available in OPSD time_series_60min_singleindex.
DE,23,2020-07-01T01:00:00Z,DE,41683.0,16210.0,25473.0,residual_load_lite_load_minus_wind_solar,"Open Power System Data time_series 2020-10-06, 60-minute singleindex",https://data.open-power-system-data.org/time_series/2020-10-06/time_series_60min_singleindex.csv,Run-of-river not subtracted because it is not consistently available in OPSD time_series_60min_singleindex.
FR,23,2020-07-01T01:00:00Z,FR,36142.0,3458.0,32684.0,residual_load_lite_load_minus_wind_solar,"Open Power System Data time_series 2020-10-06, 60-minute singleindex",https://data.open-power-system-data.org/time_series/2020-10-06/time_series_60min_singleindex.csv,Run-of-river not subtracted because it is not consistently available in OPSD time_series_60min_singleindex.
ES,23,2020-07-01T01:00:00Z,ES,24040.0,3189.0,20851.0,residual_load_lite_load_minus_wind_solar,"Open Power System Data time_series 2020-10-06, 60-minute singleindex",https://data.open-power-system-data.org/time_series/2020-10-06/time_series_60min_singleindex.csv,Run-of-river not subtracted because it is not consistently available in OPSD time_series_60min_singleindex.
IT-NO,23,2020-07-01T01:00:00Z,IT_NORD,16593.0,3.0,16590.0,residual_load_lite_load_minus_wind_solar,"Open Power System Data time_series 2020-10-06, 60-minute singleindex",https://data.open-power-system-data.org/time_series/2020-10-06/time_series_60min_singleindex.csv,Run-of-river not subtracted because it is not consistently available in OPSD time_series_60min_singleindex.
